element,value,sigma,units
e,3.356475782676596,1.9039E-5,
a,-.8514922551937886,5.8802E-6,au
q,2.006520878500843,3.2904E-6,au
i,44.05264247909138,1.6673E-5,deg
om,308.1477292269942,4.5021E-5,deg
w,209.1236864378081,.00011012,deg
ma,34.4294703072178,.00043173,deg
tp,2458826.052845906059,.00014206,TDB
per,,,d
n,1.254391263639903,1.2994E-5,deg/d
ad,,,au
A1,4.859588264027485E-8,4.051E-9,au/d^2
A2,1.879898690951361E-8,5.999E-9,au/d^2
A3,2.835503220128475E-9,7.186E-10,au/d^2
ALN,1.,,
DT,-65.13009704907404,10.96,d
NK,0.,,
NM,2.,,
NN,0.,,
R0,1.,,au
orbit_id,54,,
epoch,2458853.5,,
data_arc,584,,
first_obs,2019-02-24,,
last_obs,2020-09-30,,
n_obs_used,964,,
producer,Davide Farnocchia,,
