wavelength,A,FL2,FL11,LED_B2,LED_B4
380,9.7951,1.18,0.91,0,0
385,10.8996,1.48,0.63,0,0
390,12.0853,1.84,0.46,0,0
395,13.3543,2.15,0.37,0.01,0.01
400,14.708,3.44,1.29,0.02,0.03
405,16.148,15.69,12.68,0.05,0.08
410,17.6753,3.85,1.59,0.11,0.21
415,19.2907,3.74,1.79,0.24,0.54
420,20.995,4.19,2.46,0.5,1.31
425,22.7883,4.62,3.33,0.96,2.75
430,24.6709,5.06,4.49,1.71,5.04
435,26.6425,34.98,33.94,2.82,8.31
440,28.7027,11.81,12.13,4.71,13.37
445,30.8508,6.27,6.95,7.87,20.61
450,33.0859,6.63,7.19,10.56,25.91
455,35.4068,6.93,7.12,10.24,24.12
460,37.8121,7.19,6.72,7.94,17.47
465,40.3002,7.4,6.13,6.25,11.9
470,42.8693,7.54,5.46,5.23,8.62
475,45.5174,7.62,4.79,4.36,6.34
480,48.2423,7.65,5.66,4,4.89
485,51.0418,7.62,14.29,4.17,4.25
490,53.9132,7.62,14.96,4.59,4.19
495,56.8539,7.45,8.97,5.21,4.7
500,59.8611,7.28,4.72,5.96,5.77
505,62.932,7.15,2.33,6.72,7.27
510,66.0635,7.05,1.47,7.44,8.94
515,69.2525,7.04,1.1,8.11,10.6
520,72.4959,7.16,0.89,8.74,12.11
525,75.7903,7.47,0.83,9.39,13.36
530,79.1326,8.04,1.18,10.06,14.3
535,82.5193,8.88,4.9,10.75,15.02
540,85.947,10.01,39.59,11.49,15.54
545,89.4124,24.88,72.84,12.25,15.9
550,92.912,16.64,32.61,13.05,16.15
555,96.4423,14.59,7.52,13.86,16.33
560,100,16.16,2.83,14.7,16.42
565,103.582,17.56,1.96,15.5,16.44
570,107.184,18.62,1.67,16.28,16.36
575,110.803,21.47,4.43,17,16.2
580,114.436,22.79,11.28,17.69,15.98
585,118.08,19.29,14.76,18.31,15.7
590,121.731,18.66,12.73,18.83,15.36
595,125.386,17.73,9.74,19.24,14.93
600,129.043,16.54,7.33,19.51,14.44
605,132.697,15.21,9.72,19.59,13.86
610,136.346,13.8,55.27,19.48,13.24
615,139.988,12.36,42.58,19.19,12.57
620,143.618,10.95,13.18,18.72,11.84
625,147.235,9.65,13.16,18.1,11.12
630,150.836,8.4,12.26,17.34,10.38
635,154.418,7.32,5.11,16.47,9.65
640,157.979,6.31,2.07,15.51,8.91
645,161.516,5.43,2.34,14.49,8.19
650,165.028,4.68,3.58,13.42,7.51
655,168.51,4.02,3.01,12.33,6.86
660,171.963,3.45,2.48,11.26,6.21
665,175.383,2.96,2.14,10.24,5.6
670,178.769,2.55,1.54,9.25,5.05
675,182.118,2.19,1.33,8.3,4.54
680,185.429,1.89,1.46,7.42,4.05
685,188.701,1.64,1.94,6.6,3.62
690,191.931,1.53,2,5.85,3.23
695,195.118,1.27,1.2,5.17,2.87
700,198.261,1.1,1.35,4.55,2.53
705,201.359,0.99,4.1,3.99,2.24
710,204.409,0.88,5.58,3.49,1.99
715,207.411,0.76,2.51,3.04,1.76
720,210.365,0.68,0.57,2.65,1.55
725,213.268,0.61,0.27,2.31,1.37
730,216.12,0.56,0.23,2.01,1.21
735,218.92,0.54,0.21,1.75,1.07
740,221.667,0.51,0.24,1.52,0.95
745,224.361,0.47,0.24,1.32,0.85
750,227,0.47,0.2,1.15,0.75
755,229.585,0.43,0.24,1,0.67
760,232.115,0.46,0.32,0.87,0.61
765,234.589,0.47,0.26,0.76,0.55
770,237.008,0.4,0.16,0.67,0.5
775,239.37,0.33,0.12,0.59,0.45
780,241.675,0.27,0.09,0.52,0.42
