household_id,half,trips,spend
1,1,21,1173.43
100,1,12,843.05
1000,1,42,1300.31
1001,1,18,1037.66
1002,1,5,141.87
1003,1,11,417.02
1004,1,73,1232.81
1005,1,61,884.28
1006,1,1,6.42
1007,1,47,430.9
1008,1,3,15.93
1009,1,11,65.74
101,1,62,2025.16
1010,1,24,730.44
1011,1,39,870.39
1012,1,36,399.74
1013,1,7,143.01
1014,1,54,1328.64
1015,1,26,1106.41
1016,1,15,848.47
1017,1,25,1129.69
1018,1,32,507.41
1019,1,9,198.0
1020,1,33,2140.61
1021,1,26,423.98
1022,1,6,36.97
1023,1,181,10800.6
1024,1,44,2510.8
1025,1,35,1504.75
1026,1,7,263.08
1027,1,10,256.6
1028,1,3,36.59
1029,1,79,4074.23
103,1,8,132.08
1030,1,10,274.98
1031,1,33,1066.97
1032,1,36,1087.11
1033,1,3,153.68
1034,1,22,200.98
1035,1,2,37.32
1036,1,10,295.54
1037,1,11,485.74
1038,1,70,424.38
1039,1,22,1217.94
104,1,45,1877.2
1040,1,64,1624.24
1041,1,98,2296.95
1042,1,66,1436.51
1043,1,6,228.73
1044,1,5,157.06
1045,1,72,1053.37
1046,1,57,1141.29
1047,1,25,282.9
1048,1,15,369.86
1049,1,16,201.75
105,1,49,1435.34
1050,1,53,2004.69
1051,1,9,226.08
1053,1,30,1518.94
1054,1,14,316.21
1055,1,16,227.15
1056,1,23,1625.06
1057,1,49,2102.47
1058,1,179,1290.66
1059,1,1,7.47
106,1,4,83.29
1060,1,13,1621.85
1061,1,26,995.42
1062,1,61,341.73
1063,1,9,139.44
1064,1,17,1174.85
1065,1,14,1368.69
1066,1,77,936.72
1067,1,7,618.77
1068,1,18,256.39
1069,1,21,1166.89
107,1,3,29.25
1070,1,58,1392.33
1071,1,20,415.91
1072,1,17,870.39
1073,1,32,822.72
1074,1,42,2369.51
1075,1,17,352.72
1076,1,16,278.41
1077,1,3,69.15
1078,1,61,1914.19
1079,1,11,190.05
108,1,19,1128.35
1080,1,19,407.51
1081,1,41,2619.23
1082,1,35,520.53
1083,1,16,379.96
1084,1,77,1006.47
1085,1,41,1794.61
1086,1,6,216.37
1087,1,60,1105.69
1088,1,20,403.54
1089,1,15,160.99
109,1,42,1099.64
1090,1,3,73.62
1091,1,39,1966.35
1092,1,18,349.02
1093,1,5,96.63
1094,1,25,1905.43
1095,1,15,239.44
1096,1,1,5.92
1097,1,37,1539.15
1098,1,128,2813.79
1099,1,3,49.08
11,1,2,10.05
110,1,41,746.45
1100,1,8,89.71
1101,1,7,103.8
1102,1,15,303.23
1103,1,62,2364.55
1104,1,50,1660.15
1106,1,3,89.28
1107,1,4,114.26
1108,1,10,192.49
1109,1,32,1391.11
111,1,17,484.77
1110,1,53,2167.58
1111,1,101,6738.37
1112,1,12,268.22
1113,1,42,946.92
1114,1,8,136.99
1115,1,10,263.7
1116,1,4,39.57
1117,1,59,1297.11
1118,1,6,397.14
1119,1,21,598.6
112,1,28,484.69
1120,1,30,552.05
1121,1,12,567.5
1122,1,27,485.47
1123,1,18,804.37
1124,1,28,485.52
1125,1,26,478.14
1126,1,7,671.53
1127,1,9,694.87
1128,1,63,784.77
1129,1,12,240.5
113,1,60,3976.84
1130,1,81,1335.74
1131,1,35,1014.72
1132,1,8,434.17
1133,1,36,365.5
1134,1,24,2191.59
1135,1,10,77.1
1136,1,10,287.58
1137,1,33,574.28
1138,1,53,1141.61
1139,1,31,3037.12
114,1,17,735.07
1141,1,16,263.53
1142,1,73,4020.41
1143,1,1,15.37
1144,1,7,80.4
1145,1,37,1925.55
1146,1,106,2504.28
1147,1,6,657.34
1148,1,1,7.37
1149,1,2,37.46
115,1,53,3139.61
1150,1,8,606.53
1151,1,26,606.39
1152,1,6,93.72
1153,1,17,263.9
1154,1,34,1301.11
1155,1,19,787.51
1156,1,12,353.32
1157,1,33,937.9
1158,1,53,715.62
1159,1,52,679.03
116,1,23,221.74
1160,1,46,1264.71
1161,1,2,58.14
1162,1,12,181.17
1163,1,55,1823.11
1164,1,26,1179.46
1165,1,10,391.55
1166,1,115,3756.2
1167,1,42,2034.89
1168,1,20,238.87
1169,1,26,1267.93
117,1,26,763.8
1170,1,1,11.99
1171,1,9,250.4
1172,1,34,953.8
1173,1,2,68.66
1174,1,39,567.36
1175,1,44,2195.57
1177,1,6,103.0
1178,1,45,962.56
1179,1,54,2799.52
118,1,23,1196.18
1180,1,35,1688.97
1181,1,32,714.72
1182,1,13,124.33
1185,1,4,58.23
1186,1,18,1458.21
1187,1,47,945.54
1188,1,20,400.84
1189,1,7,228.44
119,1,26,929.26
1190,1,71,937.62
1191,1,24,621.31
1192,1,14,241.74
1193,1,37,543.94
1194,1,15,284.89
1195,1,5,157.9
1196,1,5,340.81
1197,1,28,1591.33
1198,1,10,252.1
12,1,2,107.42
120,1,6,98.89
1200,1,9,590.78
1201,1,13,153.84
1202,1,3,51.43
1203,1,62,1796.32
1204,1,18,524.08
1205,1,45,1025.69
1206,1,67,1693.09
1207,1,32,269.89
1208,1,13,266.77
1209,1,2,27.44
121,1,49,1144.1
1210,1,7,230.43
1211,1,35,2003.58
1212,1,1,15.97
1213,1,4,37.14
1214,1,1,11.62
1215,1,1,6.34
1216,1,39,1956.41
1217,1,18,891.89
1218,1,28,1052.4
1219,1,23,150.54
122,1,13,180.29
1220,1,17,205.73
1221,1,2,197.23
1222,1,50,2212.21
1223,1,10,175.48
1224,1,28,648.75
1225,1,11,339.27
1226,1,22,1732.42
1227,1,27,1263.33
1228,1,172,3243.67
1229,1,109,5137.55
123,1,53,963.83
1230,1,7,104.56
1231,1,13,395.99
1232,1,12,319.17
1233,1,9,449.07
1234,1,32,1799.78
1235,1,7,290.76
1236,1,55,1158.56
1237,1,2,152.06
1238,1,6,763.92
1239,1,7,517.11
124,1,10,107.18
1240,1,52,3046.97
1241,1,29,578.81
1242,1,5,86.86
1243,1,8,183.17
1244,1,9,203.33
1245,1,62,1176.48
1246,1,17,1063.44
1247,1,40,2131.94
1248,1,48,3295.63
1249,1,7,112.24
125,1,93,2781.32
1250,1,1,65.5
1251,1,12,102.71
1252,1,5,69.09
1255,1,5,138.16
1256,1,53,1249.48
1257,1,4,187.66
1258,1,67,990.7
1259,1,11,305.83
126,1,4,64.9
1260,1,34,2352.25
1261,1,40,880.14
1262,1,7,212.87
1263,1,40,2108.51
1264,1,44,2260.46
1265,1,18,393.18
1266,1,30,437.66
1267,1,19,544.68
1268,1,11,606.33
1269,1,35,1052.53
127,1,67,1630.27
1270,1,24,880.34
1271,1,37,1255.6
1272,1,69,2562.5
1274,1,72,3406.99
1275,1,5,84.33
1276,1,3,94.05
1277,1,82,1604.97
1278,1,4,174.27
1279,1,73,1665.67
128,1,3,76.91
1281,1,5,55.27
1282,1,68,2546.71
1283,1,19,101.77
1284,1,34,225.0
1285,1,37,1125.89
1286,1,2,11.82
1287,1,36,672.99
1288,1,10,642.22
1289,1,158,395.49
129,1,12,172.77
1290,1,5,95.89
1291,1,33,1258.98
1292,1,4,89.9
1293,1,48,883.28
1294,1,15,1372.82
1295,1,14,407.88
1296,1,22,597.71
1297,1,40,577.85
1298,1,9,207.43
1299,1,54,1645.69
13,1,69,3036.05
130,1,4,48.07
1300,1,13,160.04
1301,1,35,498.58
1302,1,8,124.98
1303,1,63,1649.33
1304,1,28,269.72
1305,1,114,2971.43
1306,1,53,1019.79
1307,1,37,582.25
1308,1,2,16.5
131,1,62,1377.45
1310,1,9,307.93
1311,1,1,4.33
1312,1,46,1610.31
1313,1,7,272.09
1314,1,119,4669.02
1316,1,18,1397.03
1317,1,57,1218.49
1318,1,22,1556.38
1319,1,13,215.87
132,1,45,1196.26
1320,1,6,105.27
1321,1,63,469.55
1322,1,8,78.68
1323,1,3,47.4
1324,1,11,207.73
1325,1,12,544.67
1326,1,134,3777.41
1327,1,1,48.51
1328,1,7,240.1
1329,1,5,317.15
133,1,23,1107.63
1330,1,20,471.91
1331,1,32,613.06
1332,1,16,756.62
1333,1,41,2232.51
1335,1,8,278.11
1336,1,26,1298.67
1337,1,68,3599.95
1338,1,20,154.38
134,1,20,969.4
1340,1,12,142.27
1341,1,3,202.31
1342,1,2,17.93
1343,1,6,38.23
1344,1,7,832.81
1345,1,10,241.02
1346,1,18,211.54
1347,1,24,581.19
1348,1,4,50.66
1349,1,55,1515.97
135,1,16,140.76
1350,1,29,317.2
1351,1,22,86.44
1352,1,39,1714.69
1353,1,44,1490.9
1354,1,28,666.1
1356,1,30,846.75
1357,1,25,998.98
1359,1,31,313.74
136,1,28,1143.62
1360,1,3,71.81
1361,1,1,28.83
1362,1,19,350.92
1363,1,18,1054.85
1364,1,32,459.14
1365,1,2,19.41
1366,1,61,711.9
1367,1,59,2538.43
1368,1,10,902.89
1369,1,14,378.04
137,1,13,255.17
1370,1,23,2387.37
1371,1,25,343.7
1372,1,5,303.98
1373,1,8,137.51
1374,1,36,1229.9
1375,1,42,1476.15
1376,1,81,3809.61
1377,1,11,298.77
1378,1,36,2062.78
1379,1,148,3843.82
138,1,12,785.31
1380,1,8,95.88
1381,1,13,38.82
1382,1,39,887.64
1383,1,26,208.21
1384,1,12,230.79
1385,1,25,1508.08
1386,1,4,51.53
1387,1,18,474.73
1388,1,36,1856.25
1389,1,7,470.61
139,1,34,1026.6
1390,1,90,2305.21
1391,1,45,2347.73
1392,1,36,757.41
1393,1,59,1427.26
1394,1,47,1186.35
1395,1,10,197.47
1396,1,76,1997.98
1397,1,69,1290.59
1398,1,3,75.81
1399,1,8,250.17
14,1,61,1155.69
140,1,34,516.29
1400,1,1,2.0
1401,1,15,134.53
1402,1,60,836.75
1403,1,48,1397.45
1404,1,3,49.02
1405,1,11,586.27
1406,1,22,887.51
1407,1,5,114.99
1408,1,17,338.27
1409,1,24,1269.18
141,1,14,108.41
1410,1,4,371.06
1411,1,1,9.52
1412,1,24,1393.9
1413,1,1,23.45
1414,1,3,85.01
1415,1,5,20.69
1416,1,1,7.98
1417,1,24,1363.93
1418,1,12,421.56
1419,1,153,2320.25
142,1,37,527.05
1420,1,23,1477.69
1421,1,56,1431.16
1422,1,1,73.92
1423,1,48,438.62
1424,1,12,101.98
1425,1,30,1046.83
1426,1,5,154.17
1427,1,5,118.27
1428,1,52,1647.53
1429,1,21,191.21
143,1,179,3384.41
1430,1,106,6293.69
1431,1,34,610.22
1432,1,2,21.97
1434,1,76,1433.88
1435,1,4,111.18
1436,1,1,3.58
1437,1,34,1530.02
1438,1,11,797.06
1439,1,12,110.51
144,1,40,990.78
1440,1,20,390.09
1441,1,4,93.47
1442,1,4,92.07
1443,1,38,473.68
1444,1,6,165.25
1445,1,50,1653.47
1446,1,16,1017.1
1447,1,7,84.25
1448,1,50,1122.41
1449,1,13,254.59
145,1,13,323.91
1450,1,9,119.07
1451,1,84,1985.98
1452,1,123,617.2
1453,1,235,6421.43
1454,1,60,1930.98
1456,1,33,733.84
1457,1,14,581.73
1458,1,28,658.89
1459,1,25,1262.74
146,1,13,256.31
1460,1,14,781.14
1461,1,66,1818.75
1462,1,33,1182.05
1463,1,32,943.82
1464,1,22,726.19
1465,1,9,154.66
1466,1,11,281.87
1467,1,308,719.38
1468,1,12,749.15
1469,1,22,584.32
147,1,4,170.92
1470,1,30,473.65
1471,1,6,70.39
1472,1,1,185.01
1473,1,36,1324.79
1474,1,13,455.14
1475,1,88,4036.79
1476,1,96,2454.91
1477,1,2,22.74
1478,1,1,6.58
1479,1,189,2098.57
148,1,8,191.42
1480,1,7,40.16
1481,1,51,925.66
1482,1,3,52.05
1483,1,24,1209.88
1484,1,31,830.93
1485,1,16,394.89
1486,1,6,219.87
1487,1,4,98.01
1488,1,24,940.56
1489,1,156,4821.97
149,1,31,1807.58
1490,1,42,960.09
1491,1,94,1759.54
1492,1,30,428.17
1493,1,7,150.64
1494,1,24,799.67
1495,1,41,480.79
1496,1,3,98.54
1497,1,1,116.96
1498,1,5,218.03
1499,1,26,673.12
15,1,5,160.41
150,1,3,23.61
1500,1,17,199.16
1501,1,54,2380.83
1502,1,10,327.48
1503,1,1,5.55
1505,1,24,1142.63
1506,1,36,708.48
1507,1,3,95.09
1508,1,14,340.36
1509,1,61,1824.75
151,1,11,205.82
1510,1,363,3032.31
1511,1,47,1203.08
1512,1,19,466.03
1513,1,18,302.09
1514,1,17,633.76
1515,1,33,1573.26
1516,1,8,117.04
1517,1,36,938.64
1518,1,10,172.99
1519,1,2,67.17
152,1,6,152.18
1520,1,37,1051.63
1521,1,8,93.12
1522,1,19,456.92
1523,1,10,184.46
1524,1,19,921.54
1525,1,2,93.92
1526,1,61,906.49
1527,1,84,4742.75
1528,1,52,2233.44
1529,1,77,2742.41
153,1,24,477.65
1530,1,13,273.66
1531,1,5,83.84
1532,1,2,83.83
1533,1,3,29.1
1534,1,89,2420.54
1535,1,92,2903.27
1536,1,43,1824.95
1537,1,24,408.25
1538,1,6,118.05
1539,1,2,35.7
154,1,2,68.79
1540,1,44,1116.73
1541,1,25,1591.3
1542,1,34,496.3
1543,1,21,766.33
1544,1,6,258.62
1545,1,63,1442.98
1546,1,22,953.66
1547,1,58,357.66
1548,1,9,174.63
1549,1,40,450.96
155,1,13,703.36
1552,1,10,202.4
1553,1,2,10.29
1554,1,5,144.03
1555,1,27,555.37
1556,1,33,884.74
1557,1,67,2451.23
1558,1,30,1082.34
1559,1,25,1081.73
156,1,162,1169.32
1560,1,8,92.3
1562,1,15,355.25
1563,1,35,1067.52
1564,1,17,200.16
1565,1,10,142.32
1566,1,86,2634.08
1567,1,21,382.19
1568,1,23,1021.16
1569,1,20,295.34
157,1,44,833.6
1570,1,14,523.44
1571,1,6,62.67
1572,1,2,34.23
1573,1,7,30.28
1574,1,9,981.86
1575,1,19,601.99
1576,1,1,15.44
1577,1,25,1411.27
1578,1,32,929.41
1579,1,151,3440.91
158,1,50,511.03
1580,1,64,500.41
1581,1,5,318.3
1582,1,7,346.4
1583,1,3,71.73
1584,1,130,2686.69
1585,1,44,2142.33
1586,1,23,607.41
1587,1,19,315.67
1588,1,75,1241.42
1589,1,6,139.7
159,1,21,483.15
1590,1,23,1730.5
1591,1,27,1257.45
1592,1,7,209.77
1593,1,8,437.48
1594,1,18,484.64
1595,1,41,1402.57
1596,1,6,447.76
1597,1,9,66.94
1598,1,135,3715.58
1599,1,36,1954.1
16,1,42,584.78
160,1,10,267.25
1600,1,11,106.12
1601,1,6,368.62
1602,1,45,1952.61
1603,1,6,277.6
1604,1,52,237.14
1605,1,22,183.38
1606,1,2,168.21
1607,1,33,1322.45
1608,1,9,239.77
1609,1,103,8406.18
161,1,32,606.9
1610,1,1,2.49
1611,1,9,31.7
1612,1,37,2409.09
1613,1,39,1992.2
1614,1,25,189.86
1615,1,13,225.28
1616,1,9,294.48
1617,1,29,1642.11
1618,1,30,1332.21
1619,1,54,1270.48
162,1,13,559.57
1620,1,116,3305.91
1621,1,20,944.63
1622,1,25,765.24
1623,1,48,1310.35
1624,1,23,529.14
1625,1,9,71.44
1626,1,1,40.96
1627,1,22,656.16
1629,1,2,99.08
163,1,6,21.69
1630,1,46,2602.32
1631,1,97,3297.11
1632,1,20,649.85
1633,1,50,2968.82
1634,1,15,825.73
1635,1,4,26.71
1637,1,6,71.66
1638,1,18,187.27
1639,1,42,807.11
164,1,30,1012.26
1640,1,64,1961.57
1641,1,12,206.94
1642,1,32,484.13
1643,1,7,297.88
1645,1,1,136.47
1646,1,19,236.03
1648,1,49,2269.24
1649,1,15,317.47
165,1,42,694.79
1650,1,34,877.67
1651,1,17,556.24
1652,1,8,240.3
1653,1,157,4720.86
1654,1,9,155.82
1656,1,1,40.5
1657,1,11,123.72
1658,1,12,344.62
1659,1,48,775.24
166,1,27,651.38
1660,1,6,90.22
1661,1,11,243.46
1662,1,22,2674.38
1663,1,46,558.83
1665,1,17,106.62
1666,1,34,441.97
1667,1,5,52.5
1668,1,25,557.19
167,1,5,143.57
1670,1,3,13.45
1671,1,5,171.8
1672,1,20,391.41
1673,1,36,1841.66
1674,1,1,14.59
1675,1,32,1729.39
1676,1,31,1442.99
1677,1,48,3497.63
1678,1,21,509.15
168,1,11,141.8
1680,1,15,591.49
1681,1,28,784.13
1683,1,23,447.3
1684,1,16,545.52
1685,1,23,284.53
1686,1,27,332.7
1687,1,33,1233.59
1688,1,11,181.06
1689,1,36,864.66
169,1,1,3.69
1690,1,11,182.46
1691,1,9,478.96
1692,1,40,618.76
1693,1,54,2449.29
1694,1,68,2226.94
1695,1,26,201.84
1696,1,20,883.99
1697,1,8,246.16
1698,1,8,343.55
1699,1,7,273.72
17,1,36,1316.48
170,1,5,111.06
1700,1,3,175.01
1701,1,5,269.35
1702,1,10,710.02
1703,1,59,1272.46
1704,1,12,219.67
1705,1,41,515.11
1707,1,170,1080.23
1708,1,12,1127.83
1709,1,37,928.28
171,1,7,118.3
1710,1,46,3192.05
1711,1,1,28.75
1712,1,3,128.57
1713,1,12,477.94
1714,1,1,38.64
1715,1,14,245.78
1716,1,48,627.79
1717,1,22,314.29
1719,1,5,316.61
172,1,50,571.16
1720,1,46,1603.9
1722,1,87,3478.74
1723,1,21,1386.42
1724,1,22,502.79
1725,1,4,161.19
1726,1,42,1907.87
1728,1,7,354.96
1729,1,15,593.78
173,1,8,228.99
1730,1,47,974.74
1731,1,16,517.87
1732,1,22,815.43
1734,1,8,87.5
1735,1,30,1073.62
1736,1,11,193.22
1738,1,15,479.53
1739,1,4,168.29
174,1,8,371.69
1740,1,168,5528.75
1741,1,2,27.15
1742,1,98,752.23
1743,1,14,316.82
1744,1,16,200.12
1745,1,52,963.08
1746,1,24,821.72
1747,1,26,944.16
1748,1,55,1355.54
1749,1,45,1297.39
175,1,26,506.68
1750,1,3,156.56
1751,1,67,2042.54
1752,1,66,2241.48
1753,1,103,617.12
1754,1,65,1406.17
1755,1,3,81.88
1756,1,17,800.91
1757,1,3,34.42
1758,1,27,918.69
1759,1,146,1565.24
176,1,8,371.66
1760,1,15,125.79
1761,1,9,524.12
1762,1,101,4342.44
1763,1,57,1497.19
1764,1,21,3092.43
1765,1,14,1511.9
1766,1,13,159.64
1767,1,223,4382.93
1768,1,34,667.19
1769,1,39,1837.93
177,1,18,352.64
1770,1,147,3329.56
1771,1,1,12.64
1772,1,27,686.26
1773,1,25,880.68
1774,1,16,1094.99
1775,1,70,3172.22
1776,1,43,985.31
1777,1,25,441.02
1778,1,92,3110.02
1779,1,27,1006.7
178,1,9,115.7
1780,1,6,80.88
1781,1,27,746.14
1782,1,13,668.23
1783,1,15,729.07
1784,1,14,535.6
1785,1,13,411.25
1786,1,11,85.79
1787,1,26,365.74
1788,1,49,2695.49
1789,1,3,53.07
179,1,19,269.06
1790,1,12,613.52
1791,1,42,900.72
1793,1,21,511.39
1794,1,22,1090.05
1795,1,309,2605.79
1796,1,13,469.82
1797,1,30,1129.2
1798,1,11,653.19
1799,1,19,186.98
18,1,43,1885.09
180,1,20,565.89
1800,1,23,1074.31
1801,1,7,57.47
1802,1,12,1050.15
1803,1,55,3997.88
1804,1,81,2779.76
1805,1,11,163.82
1806,1,32,1172.74
1807,1,74,3178.56
1808,1,25,793.4
1809,1,16,450.7
181,1,7,348.77
1810,1,45,694.67
1811,1,4,143.11
1812,1,32,784.68
1814,1,17,1351.54
1815,1,22,1141.46
1816,1,43,1035.38
1817,1,9,110.04
1819,1,19,585.71
182,1,12,432.35
1820,1,38,2246.49
1821,1,62,2040.47
1822,1,65,844.88
1823,1,81,3644.67
1824,1,40,731.72
1825,1,13,534.8
1826,1,27,416.75
1827,1,14,233.55
1828,1,8,625.41
1829,1,119,2334.62
183,1,35,419.21
1831,1,38,1080.11
1832,1,13,178.01
1833,1,30,826.01
1834,1,58,1446.69
1835,1,76,2572.08
1836,1,17,627.44
1837,1,54,2390.28
1838,1,7,219.01
1839,1,17,455.74
184,1,75,2320.21
1840,1,15,146.38
1841,1,7,476.24
1842,1,3,127.18
1843,1,8,139.27
1844,1,27,443.69
1845,1,36,2939.91
1846,1,6,329.53
1847,1,37,957.91
1848,1,23,2731.25
1849,1,71,785.7
185,1,21,605.18
1850,1,75,2171.49
1851,1,9,444.89
1852,1,114,3721.43
1853,1,12,69.51
1854,1,47,1310.8
1855,1,4,136.97
1856,1,137,1441.57
1857,1,26,1126.21
1858,1,24,1078.42
1859,1,6,407.06
186,1,1,38.41
1860,1,6,41.26
1861,1,32,381.33
1862,1,62,943.41
1864,1,54,5146.15
1865,1,44,1820.89
1867,1,1,26.68
1868,1,10,164.32
1869,1,34,1034.05
187,1,9,131.95
1870,1,6,56.86
1871,1,3,41.02
1872,1,44,798.03
1873,1,70,1644.58
1874,1,7,181.2
1875,1,9,239.88
1877,1,12,298.57
1878,1,7,147.6
1879,1,86,1522.23
188,1,15,1078.93
1880,1,4,90.3
1881,1,38,821.07
1882,1,1,2.69
1883,1,44,1103.04
1884,1,11,228.67
1885,1,1,2.86
1886,1,3,131.6
1887,1,36,412.69
1889,1,10,689.87
189,1,8,236.47
1890,1,9,437.51
1891,1,8,284.1
1892,1,107,1759.84
1893,1,5,182.0
1894,1,16,902.2
1895,1,10,128.88
1896,1,21,653.25
1898,1,7,93.43
1899,1,14,3206.02
19,1,104,2578.75
190,1,10,277.85
1900,1,9,1374.06
1901,1,224,3009.04
1902,1,4,186.43
1903,1,14,386.46
1904,1,5,65.92
1905,1,23,410.43
1906,1,38,2111.25
1907,1,137,2619.3
1908,1,2,38.32
1909,1,10,338.59
191,1,2,39.65
1910,1,7,126.58
1911,1,50,665.09
1912,1,26,658.93
1913,1,8,163.77
1914,1,36,832.23
1915,1,8,203.6
1916,1,32,507.96
1917,1,61,1438.75
1918,1,7,124.28
1919,1,26,1021.91
192,1,25,969.67
1920,1,32,696.03
1921,1,27,438.45
1922,1,27,733.28
1923,1,47,1221.55
1924,1,81,2222.19
1925,1,28,582.44
1926,1,22,698.8
1927,1,39,1924.72
1928,1,27,552.78
1929,1,12,1057.33
193,1,44,1617.39
1930,1,42,727.46
1931,1,32,743.7
1932,1,32,1344.4
1933,1,24,566.18
1934,1,1,36.28
1935,1,45,3637.73
1936,1,164,1715.31
1937,1,45,1519.56
1938,1,5,87.6
1939,1,14,394.55
194,1,10,253.26
1940,1,16,533.54
1941,1,50,264.24
1942,1,27,304.03
1943,1,47,1856.52
1944,1,46,2629.34
1945,1,6,306.36
1946,1,17,1543.82
1947,1,30,2591.78
1948,1,23,446.9
1949,1,16,585.9
195,1,23,1270.29
1951,1,1,33.61
1952,1,2,30.84
1953,1,48,1670.88
1954,1,47,645.68
1955,1,37,1933.26
1956,1,2,97.32
1957,1,11,485.13
1958,1,13,255.38
1959,1,24,1540.34
196,1,53,1168.99
1960,1,29,761.35
1961,1,8,208.14
1962,1,23,514.23
1963,1,13,533.78
1964,1,18,529.06
1965,1,55,1516.2
1966,1,43,1672.76
1967,1,22,579.34
1968,1,28,730.82
1969,1,71,626.78
197,1,15,445.35
1970,1,20,369.02
1971,1,33,812.78
1972,1,46,716.89
1973,1,13,207.33
1974,1,69,1987.29
1975,1,101,5876.54
1976,1,55,956.52
1977,1,15,186.09
1978,1,26,455.27
1979,1,28,266.84
198,1,192,2803.28
1980,1,11,1092.75
1981,1,15,181.14
1982,1,44,1296.77
1983,1,9,284.32
1985,1,37,2486.76
1986,1,2,68.48
1987,1,25,765.2
1988,1,61,2573.16
1989,1,49,912.11
199,1,10,46.54
1990,1,36,1146.83
1991,1,11,43.28
1992,1,11,108.28
1993,1,19,296.56
1994,1,13,253.71
1995,1,30,2920.6
1996,1,33,839.48
1997,1,20,1335.8
1998,1,88,907.45
1999,1,7,81.1
2,1,7,263.64
20,1,151,2832.87
2000,1,14,179.5
2001,1,2,16.79
2002,1,9,134.13
2003,1,4,261.46
2004,1,80,3044.31
2005,1,13,362.72
2006,1,15,416.86
2007,1,47,2313.65
2008,1,19,690.55
2009,1,2,20.48
201,1,4,102.97
2011,1,36,457.76
2012,1,66,2078.69
2013,1,34,312.58
2014,1,5,387.39
2015,1,30,1625.64
2016,1,42,804.37
2017,1,48,2126.79
2018,1,32,584.89
2019,1,144,6422.93
202,1,9,115.85
2020,1,84,3037.17
2021,1,20,382.11
2022,1,20,1890.16
2023,1,33,615.4
2024,1,28,1512.7
2025,1,7,258.95
2026,1,7,451.21
2027,1,47,553.74
2028,1,19,422.35
2029,1,13,123.47
203,1,17,511.63
2030,1,19,559.77
2031,1,4,30.59
2032,1,20,419.09
2033,1,36,812.87
2034,1,43,1224.87
2035,1,21,351.7
2036,1,13,1036.14
2037,1,24,436.36
2038,1,5,38.16
204,1,10,92.31
2040,1,175,1204.66
2041,1,37,1834.57
2042,1,11,1694.51
2043,1,12,252.62
2044,1,12,336.02
2045,1,3,38.16
2046,1,16,188.37
2047,1,62,1878.67
2048,1,8,347.83
2049,1,9,129.56
205,1,34,942.82
2050,1,44,1612.9
2051,1,27,329.85
2053,1,57,1098.88
2054,1,6,64.12
2055,1,54,948.29
2056,1,23,661.99
2057,1,40,887.03
2058,1,37,1244.51
2059,1,13,674.41
2060,1,10,209.88
2061,1,4,49.63
2062,1,40,1123.67
2063,1,18,583.97
2064,1,71,1673.78
2065,1,19,1121.16
2066,1,46,765.4
2068,1,36,777.86
2069,1,12,254.19
207,1,1,150.33
2070,1,187,2211.67
2071,1,97,768.97
2073,1,11,450.71
2074,1,11,233.69
2075,1,49,1410.47
2076,1,79,2688.19
2077,1,19,276.74
2078,1,12,212.61
2079,1,44,1820.45
208,1,34,994.2
2080,1,12,1274.41
2081,1,6,152.06
2082,1,53,1371.77
2083,1,90,1779.24
2084,1,29,682.82
2085,1,125,4106.57
2086,1,126,1349.55
2087,1,62,2224.95
2088,1,21,1031.79
2089,1,7,29.79
209,1,47,2228.93
2090,1,12,252.62
2091,1,4,258.79
2092,1,52,727.71
2093,1,6,250.81
2094,1,19,760.78
2095,1,38,1084.94
2096,1,4,438.52
2097,1,67,2990.85
2098,1,8,423.68
2099,1,20,260.38
21,1,6,209.47
210,1,53,1228.4
2100,1,29,1022.47
2102,1,30,705.77
2103,1,4,60.8
2104,1,14,165.5
2105,1,3,70.07
2106,1,9,360.85
2107,1,34,1273.23
2108,1,45,785.44
2109,1,40,914.41
211,1,15,356.8
2110,1,52,2542.97
2111,1,38,942.82
2112,1,37,1581.82
2113,1,19,252.27
2114,1,37,811.27
2115,1,95,4249.76
2116,1,66,3657.36
2117,1,25,353.27
2118,1,9,454.65
2119,1,17,792.21
212,1,31,730.22
2120,1,24,611.91
2121,1,43,1297.64
2123,1,20,1343.34
2124,1,58,1924.89
2125,1,29,1174.04
2126,1,43,1406.25
2127,1,10,700.72
2128,1,14,156.67
2129,1,48,2157.77
213,1,2,293.44
2130,1,22,1053.76
2131,1,38,1547.31
2132,1,4,47.99
2133,1,35,1674.56
2134,1,23,2403.83
2135,1,13,240.25
2136,1,5,178.5
2137,1,57,1105.94
2138,1,25,726.91
2139,1,159,2613.63
214,1,25,757.89
2140,1,10,327.93
2141,1,27,1448.62
2142,1,23,2012.53
2143,1,2,113.78
2144,1,14,1009.02
2145,1,11,401.36
2146,1,11,357.71
2147,1,23,1559.8
2148,1,36,764.01
2149,1,40,1394.64
215,1,33,390.11
2152,1,3,7.75
2153,1,9,217.53
2154,1,41,927.85
2155,1,1,27.41
2156,1,33,1785.89
2157,1,3,161.19
2158,1,38,927.02
2159,1,47,673.09
216,1,18,366.96
2160,1,14,224.26
2161,1,3,111.65
2162,1,50,3678.0
2163,1,4,103.91
2164,1,12,554.24
2165,1,6,49.98
2166,1,2,6.83
2167,1,28,670.47
2168,1,49,1441.89
2169,1,12,269.76
217,1,19,711.54
2170,1,79,1681.96
2171,1,19,791.93
2172,1,21,563.41
2173,1,9,318.47
2174,1,12,189.7
2175,1,4,124.03
2176,1,72,1244.9
2178,1,79,1963.03
2179,1,16,389.33
218,1,64,3254.22
2180,1,10,158.35
2181,1,6,137.49
2182,1,23,344.57
2183,1,35,996.48
2184,1,60,1089.13
2185,1,16,1859.58
2186,1,22,1134.38
2187,1,18,633.5
2188,1,53,1432.29
2189,1,30,391.61
219,1,67,3147.89
2190,1,75,2763.02
2191,1,5,532.65
2192,1,4,38.53
2193,1,37,2809.99
2194,1,89,1851.85
2195,1,22,294.09
2196,1,17,273.01
2197,1,5,54.84
2198,1,110,1436.45
2199,1,44,1839.16
22,1,31,1363.35
220,1,27,897.07
2200,1,49,1979.67
2202,1,3,111.06
2203,1,19,1081.21
2204,1,63,763.38
2205,1,14,394.76
2206,1,13,149.02
2207,1,142,1928.9
2208,1,46,3520.58
2209,1,45,1258.53
221,1,21,690.11
2210,1,21,967.29
2211,1,26,656.63
2212,1,28,135.27
2213,1,10,331.24
2214,1,4,52.45
2215,1,37,739.03
2216,1,12,121.41
2217,1,59,1141.91
2218,1,5,205.56
2219,1,5,149.96
222,1,25,1116.02
2220,1,2,16.66
2221,1,35,718.91
2222,1,11,1100.18
2223,1,9,89.65
2224,1,26,948.77
2225,1,33,969.34
2226,1,265,3826.92
2227,1,52,1533.67
2228,1,69,2039.54
2229,1,8,102.5
223,1,20,778.77
2230,1,9,308.86
2231,1,15,650.84
2232,1,7,332.54
2233,1,74,2183.07
2234,1,38,1645.8
2235,1,16,625.04
2236,1,91,1446.49
2237,1,46,1441.62
2238,1,56,707.83
2239,1,25,1054.86
224,1,18,657.83
2240,1,39,1216.07
2241,1,27,679.42
2242,1,9,219.64
2243,1,10,1004.9
2244,1,89,1577.21
2245,1,31,939.22
2246,1,3,187.35
2247,1,13,685.22
2248,1,11,345.72
2249,1,1,139.68
225,1,9,176.46
2250,1,21,858.85
2251,1,7,525.22
2252,1,47,2068.18
2253,1,3,27.36
2254,1,32,486.32
2255,1,6,101.11
2256,1,12,683.36
2257,1,14,145.47
2258,1,13,266.91
226,1,6,217.78
2260,1,29,1336.97
2261,1,191,4132.34
2262,1,32,335.7
2263,1,83,860.83
2264,1,93,4870.6
2266,1,44,2887.41
2267,1,10,182.66
2268,1,5,122.15
2269,1,61,804.38
227,1,33,319.76
2270,1,96,1422.99
2271,1,21,172.0
2272,1,4,60.06
2273,1,13,379.42
2274,1,12,1459.23
2275,1,27,416.68
2276,1,14,323.72
2277,1,63,2113.48
2278,1,10,187.49
2279,1,12,197.43
228,1,16,1095.57
2280,1,63,3345.3
2281,1,19,688.35
2282,1,16,179.58
2284,1,75,4725.97
2285,1,8,227.5
2286,1,3,59.03
2287,1,6,106.53
2288,1,35,678.23
2289,1,19,391.66
229,1,13,297.35
2290,1,14,183.19
2291,1,11,85.75
2293,1,13,771.63
2294,1,41,1886.4
2295,1,26,2354.01
2296,1,73,3926.52
2297,1,15,199.36
2298,1,25,820.03
2299,1,26,787.46
23,1,34,848.8
230,1,46,1328.13
2300,1,32,1400.35
2301,1,55,1511.09
2302,1,18,605.64
2303,1,27,859.39
2304,1,3,17.68
2305,1,25,1362.29
2306,1,1,11.6
2307,1,54,2158.68
2308,1,12,285.47
2309,1,1,9.48
231,1,1,7.5
2310,1,19,438.81
2311,1,17,654.72
2312,1,91,3717.04
2313,1,1,23.04
2314,1,26,1542.04
2316,1,7,144.68
2317,1,36,3948.18
2318,1,115,3897.93
2319,1,8,228.32
232,1,116,3085.75
2320,1,8,184.9
2322,1,83,6662.54
2323,1,8,178.61
2324,1,41,752.47
2326,1,15,177.82
2327,1,15,468.15
2328,1,39,3632.35
2329,1,30,853.56
233,1,4,49.74
2330,1,28,1989.21
2331,1,25,1502.11
2332,1,2,47.69
2333,1,2,5.74
2334,1,86,3098.31
2335,1,11,573.34
2336,1,12,304.62
2337,1,493,4020.52
2338,1,28,851.47
2340,1,31,706.16
2341,1,95,1941.17
2342,1,56,1412.85
2343,1,58,1221.82
2344,1,17,685.54
2345,1,30,1444.51
2346,1,9,300.41
2347,1,24,961.71
2349,1,12,390.24
235,1,41,2451.58
2350,1,18,699.6
2351,1,104,4577.89
2352,1,20,545.81
2353,1,4,112.99
2354,1,24,1483.86
2355,1,4,26.71
2356,1,23,440.46
2357,1,13,89.38
2358,1,22,522.99
2359,1,62,1025.48
236,1,5,134.98
2360,1,98,2995.96
2361,1,36,1955.01
2362,1,9,56.41
2363,1,15,300.63
2364,1,33,2189.06
2366,1,58,1866.11
2367,1,65,2207.92
2368,1,11,664.49
2369,1,26,767.52
237,1,1,4.72
2370,1,43,1429.0
2371,1,29,611.6
2372,1,15,914.61
2373,1,35,831.88
2374,1,18,1765.26
2375,1,43,1009.07
2376,1,56,998.97
2377,1,12,277.81
2378,1,54,2844.93
2379,1,14,192.95
238,1,5,41.76
2380,1,61,1498.01
2381,1,24,502.34
2382,1,13,256.95
2383,1,5,71.05
2384,1,5,128.57
2385,1,233,4183.83
2386,1,14,421.35
2387,1,6,103.68
2388,1,23,621.04
2389,1,26,510.34
239,1,70,1035.27
2390,1,12,143.95
2391,1,12,146.62
2392,1,2,166.42
2393,1,16,1026.62
2394,1,24,511.88
2395,1,65,1414.13
2396,1,3,71.56
2398,1,21,472.14
2399,1,3,40.85
24,1,6,62.44
240,1,1,4.49
2400,1,124,4632.92
2401,1,16,164.07
2402,1,9,405.47
2403,1,3,25.54
2405,1,35,766.05
2406,1,41,1264.31
2407,1,43,1776.28
2408,1,4,338.6
241,1,7,78.42
2410,1,19,858.52
2411,1,26,743.83
2412,1,94,4750.38
2413,1,4,85.58
2414,1,2,113.62
2415,1,17,330.97
2416,1,36,1118.65
2417,1,4,88.33
2418,1,20,227.06
2419,1,20,345.54
242,1,16,1053.03
2420,1,17,924.11
2421,1,16,1553.61
2422,1,2,130.7
2423,1,16,898.11
2424,1,29,1101.17
2425,1,37,1252.64
2426,1,31,850.42
2427,1,105,2604.86
2428,1,9,143.38
2429,1,15,420.94
243,1,70,2191.77
2430,1,20,809.58
2431,1,9,232.29
2432,1,98,2069.49
2433,1,11,242.4
2434,1,8,419.0
2435,1,9,847.82
2436,1,2,106.01
2437,1,15,1021.56
2438,1,38,506.78
2439,1,18,204.93
244,1,10,310.01
2440,1,24,410.83
2441,1,25,240.43
2442,1,14,274.65
2443,1,68,1532.09
2445,1,37,1273.55
2446,1,50,1718.97
2447,1,27,1853.64
2448,1,34,1869.98
2449,1,90,3189.65
245,1,9,126.69
2450,1,13,380.54
2451,1,53,1990.98
2452,1,36,777.19
2453,1,30,955.5
2454,1,11,128.12
2455,1,23,1746.25
2456,1,24,464.22
2457,1,16,238.55
2458,1,6,110.4
2459,1,308,6243.18
246,1,15,262.99
2460,1,12,338.75
2461,1,4,210.97
2462,1,50,2999.25
2463,1,5,95.68
2464,1,13,288.62
2465,1,33,393.37
2466,1,23,759.61
2467,1,121,3705.72
2468,1,31,1123.37
2469,1,4,69.24
247,1,6,138.07
2470,1,21,182.22
2471,1,9,136.88
2472,1,19,596.54
2473,1,3,55.32
2474,1,12,122.44
2475,1,35,1586.38
2476,1,11,362.73
2477,1,6,255.93
2478,1,40,805.98
2479,1,31,3544.17
248,1,3,624.94
2480,1,6,244.28
2481,1,36,1210.02
2482,1,12,206.52
2483,1,19,223.76
2484,1,44,2439.34
2485,1,26,483.51
2486,1,17,1005.52
2487,1,11,249.85
2488,1,32,1924.21
2489,1,44,3404.62
249,1,33,490.56
2490,1,5,65.42
2491,1,30,288.23
2492,1,7,513.72
2493,1,51,1124.87
2494,1,15,1051.6
2495,1,13,169.3
2496,1,21,1323.01
2497,1,60,1972.74
2498,1,81,1296.27
2499,1,15,561.86
25,1,22,799.61
250,1,38,1478.24
2500,1,31,1687.19
251,1,21,550.76
252,1,5,30.95
253,1,79,2088.66
254,1,12,106.75
255,1,4,114.29
256,1,28,2575.63
257,1,36,724.32
258,1,74,729.76
259,1,15,309.11
26,1,16,322.8
260,1,8,165.78
261,1,5,55.46
262,1,65,2011.03
263,1,86,1860.41
264,1,20,582.34
265,1,19,1286.77
266,1,12,579.53
267,1,6,131.75
268,1,14,280.21
269,1,8,286.7
27,1,138,2270.27
270,1,10,378.0
271,1,24,174.96
272,1,1,29.48
273,1,42,663.12
274,1,4,34.5
275,1,84,1618.38
276,1,82,2957.43
277,1,3,113.91
278,1,19,605.43
279,1,27,834.26
28,1,34,614.66
280,1,34,763.73
281,1,20,432.18
282,1,37,1141.09
283,1,17,1225.37
284,1,3,49.39
285,1,46,878.46
286,1,16,406.12
287,1,83,1138.59
288,1,26,817.03
289,1,55,1440.79
29,1,27,432.68
290,1,119,2197.57
291,1,26,1116.19
292,1,19,212.85
293,1,37,1213.81
294,1,64,1521.5
295,1,3,113.04
296,1,2,20.01
297,1,21,506.45
298,1,1,16.32
299,1,2,32.26
3,1,12,714.67
30,1,3,84.65
300,1,23,964.65
301,1,19,1968.29
302,1,19,469.97
303,1,59,1170.78
304,1,86,1972.35
305,1,37,1029.29
306,1,44,1414.77
307,1,116,786.39
308,1,25,536.9
309,1,7,715.85
31,1,5,567.29
311,1,15,537.4
312,1,10,700.41
314,1,8,466.54
315,1,1,13.03
316,1,7,73.3
317,1,16,1844.76
318,1,36,342.39
319,1,28,1157.53
32,1,18,477.04
320,1,5,140.23
321,1,30,1745.87
322,1,21,752.57
323,1,2,12.94
324,1,41,2353.56
325,1,18,590.84
326,1,7,100.04
327,1,2,10.01
328,1,68,4755.29
329,1,45,718.07
33,1,22,516.29
330,1,81,927.95
331,1,27,458.68
332,1,30,979.97
333,1,14,530.75
334,1,190,1725.77
335,1,54,1197.78
336,1,22,435.85
337,1,18,267.54
338,1,50,737.69
339,1,23,669.95
34,1,5,43.24
340,1,5,434.13
341,1,5,98.15
342,1,8,474.17
343,1,20,490.77
344,1,7,284.26
345,1,49,1381.08
346,1,45,1789.15
347,1,2,99.84
348,1,32,826.82
349,1,4,65.84
35,1,16,240.7
350,1,22,573.43
351,1,84,2402.01
353,1,27,921.35
354,1,33,1672.63
355,1,3,144.06
356,1,42,693.24
357,1,7,429.34
358,1,86,3890.12
36,1,47,963.8
360,1,7,55.9
361,1,39,1711.17
362,1,25,865.7
363,1,1,2.63
364,1,23,672.95
365,1,30,1675.58
366,1,13,106.23
367,1,30,1689.56
368,1,5,49.74
369,1,12,579.9
37,1,19,1144.98
370,1,35,909.03
371,1,52,4310.85
372,1,3,190.79
374,1,46,2722.12
375,1,3,17.9
376,1,149,1397.68
377,1,30,392.0
378,1,85,1316.34
38,1,10,125.64
380,1,36,2089.58
381,1,20,610.05
382,1,4,57.4
383,1,43,1766.63
384,1,14,641.61
385,1,9,639.59
386,1,65,1256.99
387,1,43,1507.41
388,1,15,392.86
389,1,76,4657.07
39,1,9,807.47
390,1,23,428.96
391,1,17,630.13
392,1,31,2944.7
393,1,74,1383.49
394,1,25,753.95
395,1,17,180.17
396,1,38,496.96
397,1,68,1593.17
398,1,36,546.55
399,1,5,210.2
4,1,12,262.23
40,1,110,3315.12
400,1,87,5372.2
401,1,17,407.54
402,1,31,1021.24
403,1,5,178.13
404,1,71,1625.74
405,1,25,889.45
406,1,9,255.06
407,1,4,77.94
408,1,21,926.67
409,1,26,1051.2
41,1,21,779.78
410,1,40,322.22
411,1,53,2273.71
412,1,36,683.6
413,1,119,2565.64
414,1,62,978.17
415,1,1,41.13
416,1,4,475.7
417,1,19,575.11
418,1,65,1952.33
419,1,20,820.15
42,1,28,566.5
420,1,12,350.79
421,1,49,1761.03
422,1,8,455.26
423,1,3,91.84
424,1,2,105.63
425,1,36,1341.3
426,1,70,2555.62
427,1,14,234.68
428,1,30,1110.83
429,1,11,119.65
43,1,48,518.91
430,1,10,104.72
431,1,12,165.48
432,1,63,982.99
433,1,11,101.79
434,1,38,1233.97
435,1,14,123.88
436,1,8,573.58
437,1,23,1438.06
438,1,23,1197.42
439,1,3,47.01
44,1,14,397.76
441,1,23,614.54
442,1,11,297.54
443,1,26,868.74
444,1,17,512.5
445,1,82,1171.47
446,1,10,47.83
447,1,28,301.98
448,1,9,71.58
449,1,9,171.48
45,1,18,273.48
450,1,18,433.3
451,1,34,489.48
452,1,12,362.02
453,1,9,175.25
454,1,78,2184.8
455,1,4,214.29
456,1,27,1565.25
457,1,26,199.55
458,1,44,581.24
459,1,22,358.64
46,1,36,2542.83
460,1,26,122.09
461,1,10,214.92
462,1,24,364.7
463,1,142,1264.49
464,1,44,892.95
465,1,13,75.73
466,1,2,124.02
467,1,48,745.52
468,1,97,1613.84
469,1,40,1863.77
47,1,38,806.3
470,1,46,670.81
471,1,9,237.72
472,1,29,2270.96
473,1,19,730.64
474,1,3,97.54
475,1,14,422.48
476,1,5,293.18
477,1,11,117.09
478,1,5,62.59
479,1,24,367.72
48,1,12,202.64
480,1,14,573.93
481,1,6,354.56
482,1,22,466.48
483,1,28,501.88
484,1,40,874.94
485,1,44,1367.78
486,1,15,445.3
487,1,2,33.64
488,1,3,116.97
489,1,40,1583.42
49,1,40,2304.92
490,1,20,1057.33
491,1,27,1029.13
492,1,46,2488.64
493,1,45,1321.71
495,1,26,998.21
497,1,14,154.38
498,1,29,562.77
5,1,11,149.5
50,1,4,32.91
500,1,2,68.6
501,1,5,115.7
502,1,17,719.58
503,1,39,1182.0
504,1,1,32.72
505,1,1,3.89
506,1,9,352.73
507,1,14,424.8
508,1,10,337.67
509,1,5,100.21
51,1,20,989.28
510,1,102,2275.59
511,1,97,1697.74
513,1,38,2943.78
514,1,21,852.14
515,1,27,965.5
516,1,5,45.4
517,1,28,1146.29
518,1,51,1289.0
519,1,9,197.25
52,1,39,1637.63
520,1,23,457.51
521,1,13,215.27
523,1,37,701.05
524,1,13,193.93
525,1,9,165.73
526,1,43,858.47
527,1,35,1147.18
528,1,2,72.92
529,1,15,578.1
53,1,12,463.39
530,1,13,384.29
531,1,6,163.19
532,1,4,32.57
533,1,19,747.96
534,1,142,396.05
535,1,11,544.95
536,1,24,432.1
537,1,10,510.72
538,1,16,1046.19
539,1,2,5.0
54,1,4,23.33
540,1,14,439.15
541,1,15,438.05
542,1,31,558.18
543,1,24,841.84
544,1,72,848.16
545,1,15,766.79
546,1,37,904.82
547,1,21,471.64
548,1,22,1463.88
549,1,11,294.75
55,1,40,192.52
550,1,4,101.32
551,1,11,105.24
552,1,14,707.64
553,1,78,1978.02
554,1,2,51.29
555,1,7,134.89
556,1,3,135.68
557,1,12,282.84
558,1,33,710.43
559,1,9,54.08
56,1,61,2243.72
560,1,65,1248.63
561,1,6,280.61
562,1,19,828.63
563,1,26,989.61
564,1,14,198.87
565,1,4,63.41
566,1,23,258.05
567,1,68,671.13
568,1,45,2073.72
569,1,30,1653.12
57,1,43,826.5
570,1,6,167.49
571,1,3,304.14
573,1,40,1145.0
574,1,31,1885.04
575,1,86,3081.47
576,1,51,1485.34
577,1,11,934.63
578,1,29,679.21
579,1,6,138.76
58,1,66,2402.26
580,1,27,342.65
581,1,48,1771.97
582,1,41,1187.15
583,1,52,675.42
584,1,16,252.18
585,1,12,163.91
586,1,58,1734.86
587,1,8,58.73
588,1,82,2672.86
589,1,8,90.91
59,1,9,632.27
590,1,1,6.4
591,1,111,4745.39
592,1,6,173.31
593,1,23,261.99
594,1,16,567.37
595,1,52,991.62
596,1,33,879.11
597,1,23,1196.24
598,1,55,906.25
6,1,73,1703.41
600,1,52,2111.51
601,1,25,1591.2
602,1,4,198.45
603,1,26,455.08
604,1,9,374.94
605,1,47,2223.39
606,1,30,1114.4
607,1,33,773.3
608,1,62,1406.45
609,1,37,465.63
61,1,2,20.92
610,1,5,174.78
611,1,16,376.56
612,1,35,987.87
614,1,44,919.26
615,1,5,81.79
617,1,6,219.18
618,1,198,3401.41
62,1,13,162.81
620,1,3,46.62
621,1,29,754.11
622,1,45,881.26
623,1,54,1439.76
624,1,30,1429.51
625,1,8,197.28
626,1,8,303.13
627,1,5,185.77
628,1,3,244.36
629,1,11,131.2
63,1,5,87.76
630,1,44,1629.79
631,1,109,1897.4
632,1,23,868.18
633,1,54,1463.76
634,1,21,921.77
635,1,7,149.48
636,1,72,3018.28
637,1,43,1074.94
638,1,45,2378.51
639,1,23,348.4
64,1,78,890.78
640,1,22,549.09
641,1,93,3427.51
642,1,18,1012.53
643,1,5,341.34
644,1,57,1204.17
645,1,14,89.01
646,1,9,368.01
647,1,35,1733.2
648,1,20,618.1
649,1,10,409.32
65,1,36,680.36
650,1,17,336.88
651,1,1,67.43
652,1,11,368.11
653,1,67,3086.11
654,1,34,500.53
655,1,5,201.0
656,1,27,1559.29
657,1,8,39.08
658,1,13,463.31
659,1,4,303.63
66,1,9,116.66
660,1,63,3083.82
661,1,120,2658.4
662,1,8,275.65
663,1,35,1154.27
664,1,9,199.36
665,1,7,83.63
666,1,33,370.57
667,1,18,237.02
668,1,16,323.36
669,1,31,2363.64
67,1,39,1470.45
670,1,49,1249.33
671,1,25,1321.74
672,1,27,351.28
673,1,6,89.06
674,1,37,1341.71
675,1,65,1307.78
676,1,139,3903.99
677,1,13,412.39
678,1,12,138.94
679,1,94,2160.62
68,1,161,1675.79
680,1,24,1090.01
681,1,15,611.19
682,1,37,977.45
683,1,1,6.89
684,1,39,972.75
685,1,57,1505.03
686,1,9,313.21
687,1,12,824.55
688,1,12,1454.23
689,1,2,12.63
69,1,53,1856.12
690,1,89,1811.49
691,1,14,693.02
692,1,41,1130.65
693,1,68,1825.16
694,1,13,185.33
695,1,62,2593.95
696,1,110,4942.67
697,1,23,728.54
698,1,21,175.23
699,1,41,2666.8
7,1,15,1100.55
70,1,9,37.04
700,1,10,1046.23
701,1,9,669.4
702,1,98,2760.37
703,1,70,2341.85
704,1,5,53.62
705,1,23,437.04
706,1,34,1218.67
707,1,147,5974.26
708,1,19,773.42
709,1,44,1808.49
71,1,23,829.74
710,1,49,889.99
711,1,8,92.35
712,1,70,2884.5
713,1,5,159.51
714,1,78,960.1
715,1,35,670.92
716,1,30,470.79
717,1,9,66.2
718,1,122,5680.23
719,1,7,152.35
72,1,27,2070.61
720,1,20,490.68
721,1,22,226.27
722,1,34,1887.99
723,1,7,298.15
725,1,44,1685.85
726,1,28,922.53
727,1,21,1183.6
728,1,164,3940.47
729,1,6,321.48
73,1,60,1322.82
730,1,25,311.73
731,1,106,1404.99
732,1,32,1108.85
733,1,24,823.82
734,1,28,474.01
735,1,11,115.91
736,1,7,199.83
737,1,7,294.93
738,1,36,792.32
739,1,1,8.47
74,1,39,700.56
740,1,42,2237.87
741,1,30,1090.77
742,1,117,1364.38
743,1,19,693.76
744,1,46,1299.07
745,1,47,2107.89
746,1,10,152.35
747,1,44,376.49
748,1,17,768.37
749,1,38,561.99
75,1,19,456.64
750,1,4,18.72
751,1,2,17.37
752,1,37,1284.38
753,1,6,328.44
754,1,8,472.45
755,1,99,3579.9
756,1,5,62.48
757,1,12,629.44
758,1,4,25.97
759,1,3,75.83
76,1,3,17.45
760,1,24,667.29
761,1,42,1717.24
762,1,292,2826.88
763,1,7,960.83
764,1,16,507.99
765,1,3,202.92
766,1,41,2677.27
767,1,4,140.67
768,1,134,1823.74
769,1,14,339.71
77,1,16,843.98
770,1,15,700.7
771,1,165,2426.3
772,1,18,150.17
773,1,2,40.87
774,1,4,196.14
775,1,12,355.08
776,1,12,673.58
778,1,9,275.12
779,1,21,904.04
78,1,70,675.24
780,1,18,106.34
781,1,20,511.94
782,1,26,668.48
783,1,3,81.48
784,1,20,621.71
785,1,5,115.17
786,1,51,2425.83
787,1,56,775.74
788,1,96,2057.04
789,1,1,5.49
79,1,57,1378.51
790,1,16,670.78
792,1,1,3.49
793,1,35,309.64
794,1,9,601.81
795,1,10,321.89
796,1,11,116.86
797,1,32,1044.89
798,1,17,488.92
799,1,22,850.89
8,1,29,1636.92
80,1,26,665.19
800,1,82,2499.74
801,1,7,461.65
802,1,16,354.33
803,1,15,502.96
804,1,66,1025.97
805,1,67,1214.2
806,1,45,2017.47
807,1,35,1414.67
808,1,54,914.0
809,1,31,274.41
81,1,40,1157.79
810,1,9,145.16
811,1,6,103.86
812,1,7,269.92
813,1,3,144.46
816,1,28,891.45
817,1,46,1524.0
818,1,6,112.56
819,1,1,9.52
82,1,15,173.73
820,1,22,331.83
821,1,6,170.92
822,1,10,173.07
823,1,33,979.41
824,1,8,229.24
825,1,56,2722.76
826,1,3,13.72
827,1,2,20.93
828,1,17,543.11
829,1,1,27.12
83,1,25,233.76
830,1,27,302.88
831,1,38,2207.05
832,1,3,113.55
833,1,5,670.41
834,1,2,18.28
835,1,3,63.13
836,1,29,562.36
837,1,7,177.2
838,1,5,81.67
839,1,5,488.44
84,1,10,219.11
840,1,58,3155.85
841,1,21,304.58
842,1,217,2982.1
843,1,18,582.93
844,1,35,1342.24
845,1,34,1663.77
846,1,6,184.57
847,1,4,149.55
848,1,5,576.62
849,1,16,1281.32
85,1,73,1484.32
850,1,28,371.75
851,1,2,8.37
852,1,32,723.5
853,1,140,3676.41
854,1,7,115.67
855,1,67,1624.05
856,1,64,1335.99
857,1,12,1306.96
858,1,12,87.84
859,1,40,1550.51
86,1,14,1287.04
861,1,11,359.04
862,1,36,813.87
863,1,30,422.78
864,1,26,2015.03
865,1,1,45.99
866,1,33,1381.92
867,1,35,1425.23
868,1,56,2351.1
869,1,34,427.85
87,1,9,294.62
870,1,1,10.83
871,1,34,3144.71
873,1,24,664.51
874,1,1,16.17
875,1,17,341.14
876,1,73,2138.13
877,1,20,1060.99
878,1,53,1881.79
879,1,26,747.26
88,1,56,3387.97
880,1,1,5.39
881,1,46,1391.32
882,1,30,583.43
883,1,82,2261.65
884,1,5,81.39
885,1,38,1073.49
886,1,56,1227.4
887,1,14,145.6
888,1,28,2731.23
889,1,50,3136.51
89,1,4,55.54
890,1,5,218.61
891,1,33,1661.76
892,1,3,92.75
893,1,30,943.78
895,1,50,1945.61
896,1,37,1813.42
897,1,17,116.93
898,1,83,2139.28
899,1,3,37.87
9,1,5,312.34
900,1,296,4239.81
901,1,29,755.13
902,1,1,17.13
903,1,28,1019.94
904,1,8,273.33
905,1,3,38.95
906,1,127,2337.69
907,1,23,464.55
908,1,56,1687.26
909,1,268,4634.11
91,1,38,713.64
911,1,23,1209.44
912,1,2,9.15
913,1,18,399.32
914,1,13,405.56
915,1,26,229.42
916,1,31,288.47
917,1,2,40.77
918,1,7,385.04
919,1,24,420.45
92,1,14,180.99
920,1,59,1007.23
921,1,1,21.26
922,1,22,465.05
923,1,42,674.69
924,1,21,531.06
925,1,22,102.81
926,1,71,1960.9
927,1,17,638.09
928,1,18,441.41
929,1,40,1224.98
93,1,33,1230.79
930,1,13,319.61
931,1,10,1301.7
932,1,43,1448.6
933,1,15,354.89
934,1,66,2886.32
935,1,7,211.19
936,1,179,2768.04
937,1,18,367.34
938,1,6,539.93
939,1,20,650.4
94,1,10,75.35
940,1,15,260.45
941,1,35,653.6
942,1,60,1820.04
943,1,93,2007.83
944,1,29,860.41
945,1,13,348.67
946,1,31,683.9
947,1,54,625.39
948,1,1,14.35
949,1,44,1633.77
95,1,81,2002.37
950,1,16,720.82
951,1,1,19.13
952,1,33,671.97
953,1,21,330.86
954,1,12,603.37
955,1,59,1063.33
956,1,146,2504.85
957,1,125,631.77
958,1,1,35.22
959,1,9,90.32
96,1,11,318.95
960,1,29,611.25
961,1,20,875.29
962,1,17,367.22
963,1,12,471.99
964,1,17,720.4
965,1,17,854.8
966,1,4,40.11
968,1,37,1975.02
97,1,50,1343.81
970,1,4,289.78
971,1,35,1037.98
972,1,34,593.92
973,1,22,4336.77
974,1,9,594.02
975,1,60,1652.54
976,1,15,1086.58
977,1,11,406.97
978,1,26,411.61
979,1,42,3255.6
98,1,36,478.6
980,1,7,451.27
981,1,4,177.17
982,1,102,4596.34
983,1,61,1142.37
984,1,13,527.32
985,1,33,425.89
986,1,20,414.68
987,1,32,484.18
988,1,58,1695.79
989,1,58,1709.62
99,1,60,1517.59
990,1,6,52.71
991,1,9,446.79
992,1,9,189.54
993,1,37,978.27
994,1,4,68.62
995,1,5,304.96
996,1,17,397.38
997,1,34,1496.34
998,1,98,2872.24
999,1,11,315.45
1,2,30,1242.13
10,2,1,29.96
100,2,9,493.82
1000,2,43,1209.07
1001,2,28,1521.16
1002,2,11,396.63
1003,2,21,987.41
1004,2,95,1254.12
1005,2,73,871.68
1006,2,5,59.54
1007,2,22,126.46
1008,2,24,359.75
1009,2,5,26.4
101,2,83,2458.19
1010,2,38,1003.11
1011,2,46,1038.6
1012,2,24,535.98
1013,2,4,32.31
1014,2,43,1359.03
1015,2,21,868.16
1016,2,12,1134.93
1017,2,16,1299.06
1018,2,24,466.89
1019,2,15,492.4
1020,2,63,3151.64
1021,2,29,429.05
1022,2,3,27.77
1023,2,194,14079.15
1024,2,44,2799.12
1025,2,23,1100.64
1027,2,12,280.11
1028,2,1,5.75
1029,2,84,4188.8
103,2,6,65.21
1030,2,5,275.73
1031,2,54,1374.16
1032,2,23,653.89
1033,2,9,486.34
1034,2,4,35.59
1036,2,1,24.58
1037,2,7,91.19
1038,2,84,416.46
1039,2,28,1605.22
104,2,38,2426.02
1040,2,59,1539.65
1041,2,104,2333.07
1042,2,82,1543.77
1043,2,3,227.78
1044,2,4,31.53
1045,2,82,1362.2
1046,2,47,1248.61
1047,2,20,269.0
1048,2,44,950.27
1049,2,17,260.71
105,2,38,715.63
1050,2,36,1288.64
1051,2,12,468.16
1053,2,29,1683.44
1054,2,9,214.9
1055,2,23,274.08
1056,2,16,1053.97
1057,2,61,2359.31
1058,2,139,904.91
1059,2,1,24.92
106,2,30,803.0
1060,2,18,1449.13
1061,2,57,3251.01
1062,2,61,305.59
1063,2,5,128.19
1064,2,12,799.39
1065,2,15,1514.1
1066,2,69,944.59
1067,2,26,1595.34
1068,2,7,164.15
1069,2,20,1053.36
107,2,5,161.52
1070,2,30,1150.04
1071,2,23,671.32
1072,2,25,820.7
1073,2,49,1098.07
1074,2,39,2839.71
1075,2,19,325.31
1076,2,24,612.24
1077,2,23,1016.66
1078,2,64,1729.68
1079,2,5,90.37
108,2,15,484.83
1080,2,19,429.69
1081,2,32,3097.13
1082,2,46,728.04
1083,2,19,560.31
1084,2,42,423.11
1085,2,26,1485.97
1086,2,10,382.2
1087,2,23,591.52
1088,2,30,354.6
1089,2,19,279.44
109,2,32,1025.58
1090,2,3,91.54
1091,2,15,804.48
1092,2,11,299.29
1093,2,4,65.62
1094,2,31,2232.3
1095,2,1,43.62
1096,2,2,48.52
1097,2,54,2039.02
1098,2,146,3108.19
1099,2,9,170.82
110,2,54,995.41
1100,2,3,39.11
1101,2,2,15.32
1102,2,21,637.06
1103,2,54,1133.03
1104,2,24,819.95
1106,2,17,386.05
1107,2,9,395.82
1108,2,2,15.63
1109,2,21,640.58
111,2,9,222.79
1110,2,71,2998.04
1111,2,61,5629.99
1112,2,12,612.05
1113,2,52,1238.89
1114,2,13,251.44
1115,2,8,296.16
1116,2,19,724.45
1117,2,30,641.55
1118,2,4,243.3
1119,2,16,459.64
112,2,26,427.77
1120,2,13,249.61
1121,2,16,754.61
1122,2,2,11.09
1123,2,23,1231.81
1124,2,15,827.71
1125,2,36,61.95
1126,2,7,697.74
1127,2,12,534.56
1128,2,53,807.39
1129,2,26,645.78
113,2,71,4669.58
1130,2,88,1440.88
1131,2,43,1250.17
1132,2,16,666.76
1133,2,42,580.36
1134,2,12,1130.71
1135,2,22,261.01
1136,2,23,460.57
1137,2,35,621.06
1138,2,63,1373.42
1139,2,12,1149.71
114,2,20,630.87
1140,2,18,1027.33
1141,2,17,540.76
1142,2,79,4866.06
1143,2,5,99.18
1144,2,2,19.39
1145,2,16,871.6
1146,2,105,2771.31
1147,2,22,1566.85
1148,2,16,313.91
1149,2,7,78.02
115,2,74,4876.11
1150,2,5,228.38
1151,2,81,1377.85
1152,2,15,328.88
1153,2,15,204.95
1154,2,34,862.87
1155,2,11,441.38
1156,2,7,287.19
1157,2,23,623.67
1158,2,95,1277.21
1159,2,34,834.4
116,2,24,184.05
1160,2,35,994.91
1161,2,21,596.24
1162,2,1,33.6
1163,2,25,877.07
1164,2,37,1599.23
1165,2,22,400.95
1166,2,106,3183.9
1167,2,43,1807.31
1168,2,21,312.79
1169,2,37,1083.07
117,2,26,699.34
1170,2,2,4.0
1171,2,16,386.57
1172,2,77,2187.15
1173,2,18,310.58
1174,2,38,757.93
1175,2,33,1765.17
1176,2,1,35.96
1177,2,7,154.4
1178,2,75,1555.56
1179,2,93,3494.79
118,2,24,1413.15
1180,2,75,2199.67
1181,2,22,606.14
1182,2,21,362.16
1185,2,25,648.41
1186,2,31,2263.77
1187,2,59,1387.38
1188,2,58,1266.65
1189,2,14,241.74
119,2,21,991.54
1190,2,82,1179.97
1191,2,34,822.14
1192,2,33,518.54
1193,2,23,400.78
1194,2,7,184.77
1195,2,11,372.91
1196,2,10,674.49
1197,2,74,3702.34
1198,2,16,280.71
12,2,1,74.94
120,2,2,32.48
1200,2,12,544.1
1201,2,11,190.45
1202,2,10,267.08
1203,2,61,2051.31
1204,2,23,658.66
1205,2,49,1175.37
1206,2,64,1261.43
1207,2,23,163.6
1208,2,21,270.02
1209,2,5,110.68
121,2,30,458.3
1210,2,19,354.88
1211,2,46,2611.23
1213,2,11,178.22
1214,2,2,46.77
1215,2,6,327.36
1216,2,40,1413.64
1217,2,12,659.53
1218,2,29,1029.06
1219,2,41,289.65
122,2,27,285.18
1220,2,11,130.84
1221,2,3,111.91
1222,2,49,1158.02
1223,2,22,948.04
1224,2,27,644.51
1225,2,28,455.65
1226,2,25,2225.76
1227,2,34,1472.49
1228,2,231,4754.57
1229,2,97,4474.55
123,2,39,747.01
1230,2,6,51.04
1231,2,22,723.34
1232,2,4,47.54
1233,2,3,105.08
1234,2,33,1678.37
1235,2,3,217.67
1236,2,40,606.51
1237,2,9,455.41
1238,2,5,441.46
1239,2,3,290.21
124,2,12,140.7
1240,2,79,3733.56
1241,2,23,257.95
1242,2,4,84.58
1243,2,1,21.22
1244,2,12,156.55
1245,2,105,1296.48
1246,2,28,990.56
1247,2,32,1961.2
1248,2,27,761.9
1249,2,3,113.37
125,2,106,2652.25
1250,2,2,46.54
1251,2,5,28.02
1252,2,14,497.56
1253,2,2,34.21
1254,2,3,117.55
1255,2,9,156.41
1256,2,38,1536.05
1257,2,18,887.7
1258,2,75,1164.87
1259,2,10,332.89
126,2,10,258.33
1260,2,39,2831.43
1261,2,117,1407.39
1263,2,22,737.32
1264,2,45,1613.64
1265,2,20,521.37
1266,2,34,460.95
1267,2,26,583.18
1268,2,22,761.39
1269,2,29,529.9
127,2,72,2043.07
1270,2,24,1296.73
1271,2,51,1401.35
1272,2,74,2817.01
1273,2,3,49.91
1274,2,71,3522.7
1276,2,3,132.55
1277,2,67,1552.13
1278,2,5,237.06
1279,2,56,1436.22
128,2,20,604.38
1280,2,4,66.54
1281,2,15,290.43
1282,2,59,1244.39
1283,2,14,78.27
1284,2,79,1100.41
1285,2,45,1902.89
1286,2,8,100.01
1287,2,34,611.86
1288,2,12,546.24
1289,2,158,483.01
129,2,20,191.59
1290,2,13,397.86
1291,2,32,1060.07
1292,2,5,173.52
1293,2,57,1184.17
1294,2,14,1747.06
1295,2,33,554.97
1296,2,24,670.25
1297,2,61,1316.44
1298,2,24,786.65
1299,2,59,1666.58
13,2,88,4412.17
1300,2,38,1705.66
1301,2,4,112.95
1302,2,15,351.48
1303,2,77,2319.18
1304,2,28,227.82
1305,2,72,1188.41
1306,2,71,869.32
1307,2,50,566.21
1308,2,1,17.96
1309,2,1,29.76
131,2,64,1400.3
1310,2,9,153.03
1311,2,5,254.17
1312,2,15,504.5
1313,2,12,357.81
1314,2,106,3787.96
1315,2,4,458.08
1316,2,19,1038.2
1317,2,39,584.58
1318,2,27,1907.98
1319,2,10,176.78
132,2,15,404.91
1320,2,3,54.03
1321,2,71,506.29
1322,2,1,8.5
1323,2,1,3.26
1324,2,14,1344.81
1325,2,34,1467.17
1326,2,149,3190.35
1328,2,51,928.26
1329,2,14,674.47
133,2,23,1025.71
1330,2,22,524.3
1331,2,10,230.28
1332,2,20,694.84
1333,2,43,2744.34
1334,2,21,266.67
1335,2,13,370.12
1336,2,34,2003.55
1337,2,90,3691.06
1338,2,121,1007.38
1339,2,4,309.27
134,2,19,1813.51
1340,2,21,150.56
1341,2,5,117.76
1342,2,6,99.94
1344,2,6,672.64
1345,2,12,272.26
1346,2,33,637.81
1347,2,52,1591.07
1348,2,7,126.53
1349,2,52,1518.9
135,2,25,209.72
1350,2,25,934.47
1351,2,16,159.58
1352,2,45,1461.89
1353,2,41,1242.52
1354,2,31,962.39
1355,2,1,52.41
1356,2,19,345.85
1357,2,24,1260.45
1358,2,58,1113.99
1359,2,19,397.59
136,2,25,743.5
1360,2,7,217.81
1361,2,1,35.75
1362,2,19,546.47
1363,2,23,1919.94
1364,2,45,729.75
1366,2,95,1976.75
1367,2,135,3911.55
1368,2,9,917.94
1369,2,41,891.93
137,2,5,46.73
1370,2,27,2636.69
1371,2,4,71.21
1372,2,5,363.14
1373,2,12,171.63
1374,2,24,539.41
1375,2,33,789.22
1376,2,52,2664.49
1377,2,3,112.98
1378,2,27,1962.59
1379,2,154,5041.11
138,2,28,1413.1
1380,2,6,172.4
1381,2,5,17.63
1382,2,20,383.74
1383,2,47,653.94
1384,2,14,365.85
1385,2,22,1177.12
1387,2,22,656.83
1388,2,28,1333.82
1389,2,16,1028.04
139,2,27,992.29
1390,2,77,1705.07
1391,2,45,1948.12
1392,2,14,240.46
1393,2,58,1921.4
1394,2,46,1325.8
1395,2,19,618.81
1396,2,44,1361.18
1397,2,89,2019.31
1398,2,9,191.13
1399,2,9,314.78
14,2,33,509.7
140,2,15,344.4
1400,2,1,22.58
1401,2,22,265.4
1402,2,35,221.79
1403,2,18,493.17
1404,2,23,427.68
1405,2,11,556.58
1406,2,40,965.03
1407,2,25,1150.78
1408,2,22,372.66
1409,2,32,1667.27
141,2,13,73.2
1410,2,4,542.93
1412,2,28,1465.88
1413,2,8,62.76
1414,2,3,31.65
1415,2,13,148.97
1416,2,1,33.77
1417,2,37,2016.25
1418,2,28,1062.76
1419,2,104,1501.65
142,2,34,442.07
1420,2,21,1074.33
1421,2,70,1788.8
1422,2,5,165.89
1423,2,40,776.27
1424,2,25,299.84
1425,2,34,1036.49
1426,2,10,488.52
1427,2,27,1067.12
1428,2,78,2144.6
1429,2,29,236.89
143,2,82,979.5
1430,2,96,6555.62
1431,2,58,936.83
1432,2,5,202.28
1433,2,5,43.6
1434,2,70,1214.23
1435,2,4,196.26
1436,2,6,76.29
1437,2,12,849.57
1438,2,11,421.47
1439,2,8,185.16
144,2,14,217.69
1440,2,41,960.08
1441,2,2,114.78
1442,2,14,135.06
1443,2,24,337.38
1444,2,11,100.05
1445,2,74,2007.78
1446,2,11,366.92
1447,2,17,342.88
1448,2,18,297.29
1449,2,10,72.59
145,2,11,365.62
1450,2,33,695.59
1451,2,88,2457.01
1452,2,103,703.69
1453,2,267,6954.8
1454,2,63,2301.96
1456,2,6,84.68
1457,2,15,1308.69
1458,2,47,1253.06
1459,2,27,1928.19
146,2,6,227.23
1460,2,15,538.48
1461,2,77,2514.98
1462,2,41,1838.97
1463,2,26,595.37
1464,2,21,784.27
1465,2,14,306.72
1466,2,2,116.8
1467,2,393,1368.76
1468,2,23,1030.02
1469,2,7,239.04
147,2,9,306.86
1470,2,45,580.98
1471,2,14,178.61
1473,2,39,1298.99
1474,2,45,1453.21
1475,2,126,5379.8
1476,2,99,2765.55
1477,2,2,32.49
1478,2,1,19.62
1479,2,228,3511.66
148,2,20,653.12
1480,2,9,65.87
1481,2,76,1692.08
1482,2,2,35.74
1483,2,40,1361.03
1484,2,40,1018.49
1485,2,13,467.71
1486,2,2,129.78
1487,2,18,723.75
1488,2,27,1285.25
1489,2,192,6141.72
149,2,85,4612.56
1490,2,79,1576.06
1491,2,59,1505.44
1492,2,24,253.08
1493,2,7,161.69
1494,2,27,747.41
1495,2,47,564.68
1496,2,2,65.22
1497,2,3,149.96
1498,2,6,237.78
1499,2,27,660.02
15,2,29,476.9
150,2,1,4.59
1500,2,11,190.99
1501,2,76,2777.85
1502,2,6,198.69
1503,2,10,77.27
1505,2,35,1266.43
1506,2,48,720.99
1507,2,8,643.12
1508,2,20,419.04
1509,2,58,1887.68
151,2,5,169.6
1510,2,384,3868.96
1511,2,45,1413.36
1512,2,23,387.63
1513,2,13,225.78
1514,2,19,849.48
1515,2,11,348.3
1516,2,1,22.04
1517,2,47,1504.42
1518,2,5,199.78
1519,2,17,1681.31
152,2,12,545.49
1520,2,41,1287.55
1521,2,5,189.09
1522,2,11,328.96
1524,2,17,807.88
1525,2,24,1067.73
1526,2,56,748.49
1527,2,101,5166.67
1528,2,72,2406.55
1529,2,80,2628.17
153,2,25,470.09
1530,2,11,210.52
1531,2,19,422.36
1532,2,7,194.03
1533,2,8,75.04
1534,2,118,3233.46
1535,2,89,2710.47
1536,2,36,1852.18
1537,2,41,708.19
1539,2,3,10.46
154,2,8,253.54
1540,2,54,1221.52
1541,2,34,2945.36
1542,2,25,550.93
1543,2,9,248.33
1544,2,8,376.65
1545,2,59,1147.42
1546,2,49,1924.28
1547,2,103,865.62
1548,2,19,612.53
1549,2,58,560.44
155,2,14,521.35
1550,2,96,619.3
1552,2,9,237.46
1553,2,1,0.75
1554,2,9,117.43
1555,2,22,323.83
1556,2,40,1132.48
1557,2,50,1348.22
1558,2,46,1582.11
1559,2,8,355.41
156,2,143,937.15
1560,2,24,719.82
1561,2,1,102.26
1562,2,10,372.91
1563,2,37,1467.26
1564,2,2,16.58
1565,2,6,89.12
1566,2,179,5729.85
1567,2,88,877.06
1568,2,27,1743.51
1569,2,11,165.63
157,2,46,619.24
1570,2,13,644.05
1571,2,10,139.89
1572,2,18,815.48
1573,2,9,48.97
1574,2,9,1709.73
1575,2,20,679.81
1576,2,6,136.15
1577,2,21,875.13
1578,2,22,551.15
1579,2,192,3829.63
158,2,61,615.3
1580,2,104,961.72
1581,2,17,699.55
1582,2,11,425.04
1583,2,8,128.01
1584,2,69,1782.29
1585,2,53,3543.92
1586,2,11,488.64
1587,2,15,151.82
1588,2,48,1413.89
1589,2,5,48.52
159,2,30,789.63
1590,2,30,2124.15
1591,2,49,2065.1
1592,2,33,1742.08
1593,2,12,318.64
1594,2,60,1337.19
1595,2,29,1070.43
1596,2,10,848.4
1597,2,16,139.3
1598,2,196,4831.51
1599,2,50,1988.54
16,2,7,62.09
160,2,19,368.13
1600,2,20,300.68
1601,2,2,196.89
1602,2,55,1720.75
1603,2,3,156.56
1604,2,53,251.81
1605,2,13,150.7
1606,2,8,271.99
1607,2,31,796.91
1608,2,12,513.98
1609,2,142,8175.18
161,2,142,3078.02
1610,2,2,50.0
1611,2,16,351.62
1612,2,42,2564.98
1613,2,46,2094.25
1614,2,21,141.98
1615,2,11,74.57
1616,2,13,642.14
1617,2,19,944.09
1618,2,35,1555.97
1619,2,62,1473.82
162,2,24,1177.76
1620,2,117,3006.42
1621,2,44,1216.52
1622,2,31,1298.53
1623,2,69,1816.46
1624,2,42,840.28
1625,2,20,300.5
1627,2,56,1811.29
1629,2,3,146.09
163,2,1,0.59
1630,2,61,2793.97
1631,2,111,2886.73
1632,2,12,472.92
1633,2,61,3353.95
1634,2,17,602.29
1635,2,7,51.07
1636,2,2,82.37
1637,2,15,218.12
1638,2,15,228.12
1639,2,23,648.33
164,2,38,1680.03
1640,2,17,384.52
1641,2,10,61.3
1642,2,31,465.15
1643,2,15,588.73
1644,2,4,133.9
1646,2,5,150.7
1647,2,5,12.2
1648,2,46,2215.46
1649,2,16,444.02
165,2,58,914.81
1650,2,40,741.51
1651,2,30,899.62
1652,2,7,64.23
1653,2,181,6469.53
1654,2,8,138.93
1655,2,3,121.18
1656,2,5,280.48
1657,2,9,100.49
1658,2,22,469.65
1659,2,53,1372.17
166,2,41,1235.54
1660,2,17,438.86
1661,2,10,426.29
1662,2,28,2494.49
1663,2,91,764.31
1664,2,33,1641.43
1665,2,27,339.97
1666,2,18,179.9
1667,2,7,76.21
1668,2,29,803.66
1669,2,4,146.36
167,2,7,592.94
1670,2,9,34.36
1671,2,8,387.35
1672,2,20,458.1
1673,2,15,473.32
1675,2,32,1309.29
1676,2,32,1570.15
1677,2,63,3854.75
1678,2,13,158.22
1679,2,9,89.59
168,2,7,119.19
1680,2,23,826.37
1681,2,23,759.11
1682,2,2,23.92
1683,2,19,512.77
1684,2,21,564.69
1685,2,21,314.02
1686,2,36,401.49
1687,2,25,998.08
1688,2,14,496.49
1689,2,42,1269.88
169,2,5,55.18
1690,2,16,447.39
1691,2,20,958.86
1692,2,59,715.43
1693,2,41,2359.27
1694,2,81,2872.64
1695,2,37,215.13
1696,2,21,753.61
1697,2,18,410.57
1698,2,14,949.78
1699,2,9,315.7
17,2,18,974.61
170,2,22,1147.8
1700,2,12,984.31
1701,2,11,618.47
1702,2,14,910.43
1703,2,109,2083.6
1704,2,15,88.59
1705,2,70,631.01
1706,2,6,150.88
1707,2,168,1508.79
1708,2,18,916.94
1709,2,23,579.04
171,2,10,284.82
1710,2,61,3005.08
1711,2,2,151.63
1712,2,11,285.93
1713,2,13,745.85
1714,2,2,8.24
1715,2,13,241.45
1716,2,29,286.78
1717,2,30,643.06
1718,2,10,282.25
1719,2,28,620.18
172,2,54,538.88
1720,2,38,1903.33
1721,2,11,290.46
1722,2,66,2382.94
1723,2,32,1631.38
1724,2,17,617.67
1725,2,4,135.92
1726,2,58,2802.77
1728,2,7,847.03
1729,2,15,272.56
1730,2,40,858.42
1731,2,13,853.48
1732,2,35,1150.23
1733,2,10,592.81
1734,2,6,31.83
1735,2,28,1205.92
1736,2,4,49.4
1737,2,16,230.89
1738,2,24,400.65
1739,2,19,407.02
174,2,2,102.53
1740,2,152,4466.16
1741,2,4,31.76
1742,2,74,658.42
1743,2,12,219.3
1744,2,22,337.61
1745,2,16,324.35
1746,2,9,383.8
1747,2,17,576.11
1748,2,108,2102.44
1749,2,34,1219.02
175,2,22,496.99
1750,2,6,222.77
1751,2,58,1633.21
1752,2,56,2070.51
1753,2,219,1289.6
1754,2,66,1324.03
1755,2,12,362.25
1756,2,6,137.19
1758,2,25,793.44
1759,2,28,1237.39
176,2,6,187.64
1760,2,24,185.01
1761,2,12,696.92
1762,2,97,4939.9
1763,2,60,1636.59
1764,2,73,5736.47
1765,2,36,946.3
1766,2,10,185.66
1767,2,49,1036.44
1768,2,19,434.82
1769,2,51,2322.62
177,2,25,599.37
1770,2,38,641.31
1771,2,5,323.93
1772,2,15,360.93
1773,2,27,923.05
1774,2,17,1338.13
1775,2,68,3213.72
1776,2,30,366.13
1777,2,24,349.7
1778,2,62,2285.28
1779,2,35,1385.69
178,2,70,1230.99
1780,2,4,194.15
1781,2,26,959.28
1782,2,9,355.35
1783,2,31,1751.11
1784,2,7,496.87
1785,2,34,696.61
1786,2,16,147.74
1787,2,11,230.53
1788,2,54,3151.01
1789,2,5,97.01
179,2,2,75.93
1790,2,17,772.71
1791,2,40,993.67
1792,2,27,586.45
1793,2,9,677.7
1794,2,21,980.86
1795,2,385,3285.32
1796,2,24,1043.3
1797,2,31,1764.61
1798,2,14,875.59
1799,2,13,89.86
18,2,57,2209.27
180,2,15,354.02
1800,2,27,1199.79
1801,2,25,296.16
1802,2,18,2139.38
1803,2,56,2823.26
1804,2,98,3176.8
1805,2,17,127.82
1806,2,44,1090.69
1807,2,55,1716.29
1808,2,24,413.23
1809,2,19,504.58
181,2,7,304.19
1810,2,101,1573.5
1811,2,6,363.37
1812,2,37,669.61
1813,2,2,200.26
1814,2,13,771.88
1815,2,50,2324.05
1816,2,52,867.99
1817,2,19,600.97
1818,2,14,111.35
1819,2,20,495.2
182,2,14,403.77
1820,2,26,1465.91
1821,2,43,1911.77
1822,2,36,643.7
1823,2,160,3953.95
1824,2,43,948.23
1825,2,12,404.55
1826,2,34,415.13
1827,2,18,300.1
1828,2,4,130.35
1829,2,73,1608.48
183,2,35,344.31
1831,2,67,2508.55
1832,2,16,292.41
1833,2,24,695.45
1834,2,27,802.72
1835,2,103,3609.32
1836,2,24,653.68
1837,2,75,3271.38
1838,2,11,427.19
1839,2,50,740.75
184,2,90,2395.55
1840,2,21,185.84
1841,2,13,1047.87
1842,2,4,61.17
1843,2,16,278.34
1844,2,22,415.91
1845,2,42,2677.62
1846,2,11,265.47
1847,2,28,700.45
1848,2,30,2908.71
1849,2,25,588.14
185,2,18,533.33
1850,2,65,1992.35
1851,2,14,366.64
1852,2,14,443.96
1853,2,11,83.37
1854,2,79,2417.42
1855,2,3,41.01
1856,2,115,1195.58
1857,2,33,324.0
1858,2,17,823.11
1859,2,8,336.37
1860,2,21,216.42
1861,2,45,696.82
1862,2,8,182.75
1863,2,1,5.99
1864,2,44,4776.8
1865,2,40,1434.42
1866,2,8,90.98
1867,2,8,300.77
1868,2,4,107.67
1869,2,33,923.25
187,2,10,72.68
1870,2,16,137.3
1871,2,6,118.48
1872,2,49,1505.56
1873,2,81,1874.39
1874,2,8,124.86
1875,2,22,389.78
1877,2,22,850.53
1878,2,1,7.14
1879,2,79,1610.24
188,2,3,7.18
1880,2,5,55.97
1881,2,43,943.19
1882,2,5,36.2
1883,2,19,533.77
1884,2,14,274.41
1885,2,9,192.04
1887,2,31,246.29
1888,2,1,14.97
1889,2,6,119.62
189,2,18,308.39
1890,2,21,571.26
1891,2,13,506.05
1892,2,73,1766.26
1893,2,3,26.95
1894,2,16,1030.92
1895,2,9,150.2
1896,2,50,1516.98
1898,2,8,59.12
1899,2,25,3603.29
19,2,194,5160.62
190,2,5,105.73
1900,2,24,3690.92
1901,2,225,2741.36
1902,2,5,447.85
1903,2,12,313.04
1904,2,7,53.62
1905,2,21,318.14
1906,2,53,2655.66
1907,2,66,2138.26
1908,2,20,378.52
1909,2,5,77.78
191,2,15,269.47
1910,2,5,147.17
1911,2,28,452.77
1912,2,15,454.35
1913,2,17,366.92
1914,2,47,995.84
1915,2,1,1.25
1916,2,57,992.42
1917,2,78,1769.92
1918,2,11,713.29
1919,2,29,1448.82
192,2,26,945.88
1920,2,20,325.48
1921,2,41,507.09
1922,2,32,1201.36
1923,2,56,1765.68
1924,2,59,1788.34
1925,2,19,439.27
1926,2,23,591.24
1927,2,29,1376.15
1928,2,32,614.92
1929,2,17,1063.24
193,2,31,1337.67
1930,2,24,522.5
1931,2,29,745.63
1932,2,24,751.75
1933,2,25,706.79
1934,2,2,31.86
1935,2,65,4571.5
1936,2,119,1237.5
1937,2,44,2089.9
1938,2,8,408.47
1939,2,29,1531.41
194,2,16,476.52
1940,2,15,474.37
1941,2,34,136.39
1942,2,56,1533.79
1943,2,47,628.6
1944,2,54,3538.33
1945,2,8,357.44
1946,2,13,1033.92
1947,2,33,2738.53
1948,2,43,742.85
1949,2,25,841.78
195,2,12,599.25
1950,2,17,580.98
1951,2,4,124.64
1952,2,9,248.8
1953,2,25,441.82
1954,2,46,663.99
1955,2,53,2451.65
1956,2,28,955.56
1957,2,15,902.04
1958,2,9,241.88
1959,2,43,1970.35
196,2,57,1893.47
1960,2,24,814.18
1961,2,34,438.07
1962,2,64,1783.43
1963,2,9,498.57
1964,2,21,722.93
1965,2,47,1086.16
1966,2,47,1830.31
1967,2,27,653.88
1968,2,26,661.42
1969,2,72,854.05
197,2,23,1053.9
1970,2,25,488.23
1971,2,27,540.75
1972,2,16,318.26
1973,2,1,10.81
1974,2,20,492.14
1975,2,116,4966.97
1976,2,38,802.95
1977,2,10,154.2
1978,2,13,229.02
1979,2,25,232.7
198,2,50,1808.25
1980,2,22,1534.48
1981,2,37,484.1
1982,2,45,1041.48
1983,2,4,259.34
1984,2,3,38.94
1985,2,53,2969.08
1986,2,5,25.26
1987,2,24,734.35
1988,2,54,2136.42
1989,2,48,933.22
199,2,15,224.22
1990,2,42,1781.68
1991,2,15,126.34
1992,2,10,227.29
1993,2,27,400.11
1994,2,8,324.5
1995,2,63,6147.09
1996,2,40,684.22
1997,2,20,1265.04
1998,2,83,534.94
1999,2,17,156.79
2,2,13,760.48
20,2,138,2693.11
200,2,63,802.5
2000,2,18,133.75
2001,2,5,280.76
2002,2,19,1108.56
2003,2,20,877.24
2004,2,67,2879.36
2005,2,25,618.86
2006,2,33,1594.61
2007,2,72,3012.79
2008,2,26,785.48
201,2,30,1027.11
2010,2,2,27.26
2011,2,29,475.23
2012,2,117,3287.35
2013,2,25,146.64
2014,2,10,212.3
2015,2,45,2149.1
2016,2,7,89.27
2017,2,61,2712.73
2018,2,76,1961.81
2019,2,81,3591.03
202,2,6,107.63
2020,2,69,2657.05
2021,2,16,277.59
2022,2,33,3016.5
2023,2,43,711.66
2024,2,21,1093.08
2025,2,7,242.39
2026,2,5,425.04
2027,2,38,705.73
2028,2,30,478.72
2029,2,19,1110.84
203,2,7,82.39
2030,2,43,1113.99
2032,2,4,45.03
2033,2,44,951.84
2034,2,54,1081.3
2035,2,10,100.77
2036,2,17,1619.55
2037,2,14,206.99
2038,2,27,836.63
204,2,13,144.36
2040,2,22,212.83
2041,2,71,2932.11
2042,2,6,1270.54
2043,2,29,797.9
2044,2,8,100.57
2045,2,6,181.89
2046,2,6,39.52
2047,2,23,1029.68
2048,2,24,803.44
2049,2,15,155.82
205,2,43,1700.65
2050,2,32,807.52
2051,2,1,6.74
2052,2,4,82.95
2053,2,48,974.7
2054,2,6,35.91
2055,2,52,788.82
2056,2,39,853.05
2057,2,38,1099.68
2058,2,48,1736.79
2059,2,9,367.84
2060,2,13,235.01
2061,2,4,47.1
2062,2,35,652.77
2063,2,18,616.38
2064,2,114,2287.65
2065,2,35,1158.59
2066,2,19,220.95
2068,2,34,811.28
2069,2,37,655.96
207,2,12,446.16
2070,2,217,3147.0
2071,2,75,598.37
2073,2,3,19.84
2074,2,7,70.01
2075,2,70,1977.14
2076,2,41,1161.58
2077,2,26,534.13
2078,2,6,152.23
2079,2,10,422.46
208,2,38,1368.61
2080,2,16,989.22
2081,2,5,200.34
2082,2,56,1423.38
2083,2,114,2478.24
2084,2,57,1395.74
2085,2,100,4288.17
2086,2,211,2504.37
2087,2,68,2350.51
2088,2,44,2076.08
2089,2,13,54.7
209,2,80,2349.03
2090,2,12,354.75
2091,2,4,187.6
2092,2,4,63.04
2093,2,4,100.3
2094,2,24,879.48
2095,2,60,1200.17
2096,2,8,479.86
2097,2,44,1932.77
2098,2,4,240.66
2099,2,18,220.88
21,2,12,435.62
210,2,42,1200.01
2100,2,24,1205.25
2101,2,5,218.4
2102,2,33,1611.96
2103,2,5,62.13
2104,2,11,236.82
2105,2,4,72.69
2106,2,1,24.0
2107,2,21,1066.17
2108,2,36,523.14
2109,2,44,790.66
211,2,43,580.49
2110,2,50,3365.12
2111,2,24,474.42
2112,2,45,1600.27
2113,2,23,828.39
2114,2,41,868.48
2115,2,88,4098.33
2116,2,52,2614.77
2117,2,13,293.48
2118,2,8,308.24
2119,2,14,849.7
212,2,32,953.21
2120,2,23,693.65
2121,2,43,1865.18
2122,2,5,138.58
2123,2,21,1703.83
2124,2,68,2504.89
2125,2,63,2666.53
2126,2,39,1308.88
2127,2,10,509.3
2128,2,5,30.06
2129,2,51,2339.67
213,2,1,1.12
2130,2,44,3268.58
2131,2,31,757.99
2132,2,22,361.1
2133,2,53,2638.57
2134,2,28,2971.57
2135,2,13,197.52
2136,2,6,705.24
2137,2,68,945.92
2138,2,14,380.66
2139,2,103,1148.66
214,2,30,1008.83
2140,2,39,1187.18
2141,2,23,1360.03
2142,2,31,2213.97
2143,2,2,70.05
2144,2,29,1094.63
2145,2,10,173.63
2146,2,9,468.03
2147,2,31,2156.32
2148,2,26,789.09
2149,2,41,1422.88
215,2,58,646.53
2150,2,1,17.2
2151,2,5,91.11
2152,2,12,82.72
2153,2,20,507.31
2154,2,60,1197.25
2155,2,4,66.69
2156,2,31,1790.08
2157,2,2,36.38
2158,2,32,857.18
2159,2,24,637.39
216,2,54,1364.11
2160,2,23,244.89
2161,2,14,803.55
2162,2,65,5316.04
2163,2,6,171.47
2165,2,4,129.33
2166,2,3,12.3
2167,2,4,29.75
2168,2,56,1467.44
2169,2,13,246.51
217,2,14,571.7
2170,2,85,1789.22
2171,2,47,1761.82
2172,2,47,1118.21
2173,2,56,1402.11
2174,2,9,120.28
2175,2,8,253.35
2176,2,11,147.11
2177,2,2,42.24
2178,2,33,585.08
2179,2,10,412.99
218,2,37,2451.87
2180,2,15,344.76
2181,2,37,2272.64
2182,2,16,232.66
2183,2,84,1924.49
2184,2,35,765.16
2185,2,22,1483.0
2186,2,59,2342.11
2187,2,5,542.58
2188,2,34,1241.3
2189,2,32,512.81
219,2,70,3669.24
2190,2,66,3068.62
2191,2,3,56.76
2192,2,7,51.87
2193,2,30,1917.01
2194,2,122,2087.36
2195,2,24,359.01
2196,2,20,298.94
2197,2,10,94.93
2198,2,138,2842.98
2199,2,42,1279.55
22,2,48,2089.96
220,2,18,597.18
2200,2,57,2329.8
2202,2,4,65.86
2203,2,32,1562.04
2204,2,35,521.52
2205,2,15,216.86
2206,2,12,110.17
2207,2,69,1384.55
2208,2,29,523.99
2209,2,84,2155.59
221,2,31,1112.73
2210,2,5,598.38
2211,2,20,661.45
2212,2,1,1.67
2213,2,7,211.5
2214,2,5,149.46
2215,2,35,740.57
2216,2,12,216.32
2217,2,55,1068.25
2218,2,5,233.87
2219,2,1,21.0
222,2,24,1025.87
2220,2,1,10.07
2221,2,37,672.38
2222,2,15,883.92
2223,2,22,215.46
2224,2,31,1113.0
2225,2,24,896.64
2226,2,226,3240.46
2227,2,49,1400.29
2228,2,19,770.93
2229,2,28,1452.22
223,2,23,400.4
2230,2,13,404.53
2231,2,21,1114.53
2232,2,16,323.53
2233,2,67,2610.21
2234,2,68,2791.98
2235,2,45,1894.67
2236,2,35,368.93
2237,2,47,1605.64
2238,2,78,1207.69
2239,2,6,289.3
224,2,23,601.44
2240,2,71,1431.9
2241,2,24,353.94
2242,2,19,239.97
2243,2,21,2083.26
2244,2,84,1067.1
2245,2,70,1476.68
2247,2,30,1067.74
2248,2,7,227.68
225,2,8,132.37
2250,2,16,693.03
2251,2,7,555.08
2252,2,186,4178.59
2253,2,5,88.39
2254,2,25,209.88
2255,2,4,107.23
2256,2,9,364.71
2257,2,18,266.16
2258,2,11,551.58
226,2,2,10.45
2260,2,28,1452.58
2261,2,89,4292.3
2262,2,34,389.94
2263,2,72,1173.48
2264,2,95,5020.14
2266,2,57,2829.95
2267,2,22,819.04
2268,2,4,129.18
2269,2,67,1222.39
227,2,50,456.71
2270,2,86,1296.26
2271,2,13,98.06
2272,2,51,1554.19
2273,2,13,353.66
2274,2,19,2350.45
2275,2,60,1330.76
2276,2,9,356.69
2277,2,22,362.75
2278,2,18,406.27
2279,2,27,498.6
228,2,29,613.82
2280,2,85,4042.66
2281,2,61,2853.42
2282,2,27,404.87
2283,2,11,789.99
2284,2,93,5450.44
2285,2,33,1058.03
2286,2,6,232.4
2287,2,12,356.11
2288,2,14,229.2
2289,2,34,1054.87
229,2,14,301.79
2290,2,30,393.32
2291,2,26,254.71
2292,2,88,1061.68
2293,2,15,961.18
2294,2,31,1286.73
2295,2,24,1629.5
2296,2,77,4256.97
2297,2,15,271.84
2298,2,26,890.37
2299,2,8,377.87
23,2,33,639.18
230,2,61,1394.55
2300,2,41,1645.69
2301,2,22,648.17
2302,2,22,466.98
2303,2,15,467.16
2304,2,4,21.08
2305,2,31,1681.18
2307,2,48,1516.8
2308,2,7,144.49
2309,2,10,239.56
2310,2,29,566.23
2311,2,9,313.49
2312,2,93,4351.2
2313,2,4,35.94
2314,2,24,1321.73
2316,2,2,53.37
2317,2,47,3823.36
2318,2,40,739.86
2319,2,16,452.49
232,2,98,2833.47
2320,2,12,145.59
2321,2,9,160.14
2322,2,95,6525.0
2323,2,11,245.82
2324,2,39,1064.87
2326,2,22,782.55
2327,2,5,257.34
2328,2,40,3245.79
2329,2,10,128.88
233,2,5,231.95
2330,2,15,1351.03
2331,2,30,1561.31
2332,2,9,153.36
2333,2,4,25.4
2334,2,101,3939.25
2335,2,23,774.88
2336,2,33,797.61
2337,2,287,2901.34
2338,2,20,644.5
234,2,5,54.99
2340,2,58,1126.16
2341,2,81,1405.89
2342,2,66,1975.38
2343,2,76,1460.06
2344,2,18,680.47
2345,2,22,846.97
2346,2,6,389.27
2347,2,39,1359.8
2348,2,1,49.78
2349,2,27,730.86
235,2,53,3089.25
2350,2,2,76.69
2351,2,86,5356.32
2352,2,14,318.16
2353,2,3,134.75
2354,2,23,1455.98
2355,2,5,38.1
2356,2,10,140.4
2357,2,4,28.18
2358,2,22,870.96
2359,2,61,821.31
236,2,10,279.82
2360,2,87,2306.02
2361,2,22,1050.5
2362,2,6,109.8
2363,2,12,219.41
2364,2,37,2387.93
2366,2,57,1758.07
2367,2,28,575.32
2368,2,8,300.79
2369,2,24,1047.45
237,2,1,12.5
2370,2,57,1736.77
2371,2,16,225.1
2372,2,31,1183.12
2373,2,56,1125.16
2374,2,28,2189.5
2375,2,51,1201.23
2376,2,62,1420.82
2377,2,34,405.72
2378,2,54,3589.86
2379,2,13,470.08
238,2,10,253.29
2380,2,65,2159.56
2381,2,23,663.78
2382,2,11,269.63
2383,2,4,141.66
2385,2,34,865.1
2386,2,10,278.82
2387,2,10,310.25
2388,2,19,456.67
2389,2,13,296.96
239,2,70,1362.14
2390,2,17,406.75
2391,2,12,143.93
2392,2,21,837.49
2393,2,21,1482.74
2394,2,14,186.68
2395,2,62,1248.51
2396,2,4,214.59
2397,2,30,898.87
2398,2,23,713.14
24,2,12,287.32
2400,2,132,5100.62
2401,2,28,384.39
2402,2,18,487.58
2403,2,3,55.26
2404,2,10,295.24
2405,2,60,1516.68
2406,2,46,1612.99
2407,2,67,2559.55
2408,2,14,1042.88
2409,2,1,77.78
241,2,1,20.76
2410,2,15,735.22
2411,2,17,482.82
2412,2,65,3524.53
2413,2,8,73.47
2414,2,2,39.06
2415,2,7,70.64
2416,2,35,1487.85
2418,2,57,830.02
2419,2,12,163.28
242,2,22,1473.83
2420,2,35,1864.74
2421,2,27,2533.34
2423,2,10,708.2
2424,2,31,1176.96
2425,2,10,285.37
2426,2,41,673.81
2427,2,104,2471.79
2428,2,4,64.8
2429,2,19,463.02
243,2,68,2463.59
2430,2,12,278.16
2431,2,11,276.67
2432,2,90,1698.95
2433,2,12,244.66
2434,2,6,129.92
2435,2,23,1301.46
2436,2,4,124.41
2437,2,22,1613.47
2438,2,65,973.23
2439,2,13,59.53
244,2,12,586.01
2440,2,55,1095.49
2441,2,30,414.94
2442,2,10,84.92
2445,2,52,2326.9
2446,2,56,1918.36
2447,2,35,1598.97
2448,2,69,2368.49
2449,2,58,2224.5
245,2,20,789.95
2450,2,31,1035.77
2451,2,60,3061.3
2452,2,33,860.53
2453,2,35,1340.41
2454,2,11,180.76
2455,2,46,2031.75
2456,2,20,282.61
2457,2,26,567.02
2458,2,13,313.14
2459,2,183,3703.85
246,2,10,128.39
2460,2,8,392.44
2461,2,4,218.51
2462,2,61,3262.53
2463,2,1,27.76
2464,2,17,408.82
2465,2,53,612.85
2466,2,45,1219.3
2467,2,120,4675.94
2468,2,29,560.02
2469,2,8,145.1
247,2,37,775.04
2470,2,23,276.34
2471,2,18,289.17
2472,2,10,318.38
2473,2,2,71.88
2474,2,11,100.41
2475,2,44,1759.17
2476,2,1,16.8
2477,2,8,560.44
2478,2,29,569.31
2479,2,48,4843.94
248,2,34,2298.95
2480,2,10,538.29
2481,2,51,1827.77
2482,2,12,462.64
2483,2,43,725.62
2484,2,33,2034.61
2485,2,16,192.73
2486,2,45,1367.34
2487,2,4,125.79
2488,2,39,1854.43
2489,2,42,2789.86
249,2,59,1420.24
2490,2,12,230.74
2491,2,3,35.73
2492,2,44,873.35
2493,2,4,39.61
2494,2,10,424.38
2495,2,2,3.99
2496,2,20,1420.83
2497,2,64,2217.59
2498,2,54,982.17
2499,2,31,1364.65
25,2,33,1085.71
250,2,46,2678.22
2500,2,42,1968.74
251,2,23,503.99
253,2,102,3211.34
254,2,11,148.44
255,2,5,177.94
256,2,27,2553.8
257,2,37,904.62
258,2,41,450.8
259,2,22,538.51
26,2,31,611.63
260,2,6,75.72
261,2,12,383.16
262,2,19,485.5
263,2,121,1849.1
264,2,16,480.56
265,2,5,279.34
266,2,12,771.35
267,2,7,114.99
268,2,5,248.9
269,2,23,518.86
27,2,146,2139.52
270,2,10,212.61
271,2,6,123.74
273,2,53,1147.06
274,2,4,57.9
275,2,114,2379.37
276,2,44,1402.03
277,2,8,474.25
278,2,20,303.11
279,2,16,633.7
28,2,35,597.76
280,2,35,636.98
281,2,21,306.63
282,2,26,1198.25
283,2,32,2681.24
285,2,53,1271.28
286,2,10,338.26
287,2,76,887.97
288,2,17,587.21
289,2,60,2197.96
29,2,9,106.87
290,2,116,2278.7
291,2,22,886.59
292,2,11,123.96
293,2,26,1099.99
294,2,64,1197.62
296,2,4,44.21
297,2,38,1606.09
299,2,1,20.87
3,2,8,311.96
30,2,9,161.69
300,2,33,827.48
301,2,31,2500.34
302,2,37,551.24
303,2,80,2142.75
304,2,91,2932.79
305,2,38,1065.07
306,2,81,2250.24
307,2,134,842.03
308,2,32,1081.85
309,2,6,602.86
31,2,40,2343.1
310,2,2,30.21
311,2,10,247.42
312,2,14,881.95
314,2,13,1252.28
315,2,4,79.14
316,2,25,436.29
317,2,16,1427.73
318,2,16,246.65
319,2,30,1066.24
32,2,29,1107.16
320,2,8,213.02
321,2,32,1547.56
322,2,10,210.55
323,2,3,22.7
324,2,43,2230.49
325,2,19,740.93
326,2,5,171.07
328,2,58,4439.46
329,2,43,1141.88
33,2,10,118.95
330,2,82,552.4
331,2,21,415.9
332,2,33,2267.88
333,2,3,119.27
334,2,70,848.42
335,2,26,492.16
336,2,67,2066.54
337,2,18,290.95
338,2,51,840.01
339,2,13,296.71
34,2,11,137.09
340,2,9,153.39
341,2,8,59.07
342,2,22,722.81
343,2,12,310.33
344,2,4,229.13
345,2,56,2326.19
346,2,43,2443.53
347,2,2,43.49
348,2,73,1574.15
349,2,10,299.96
35,2,21,323.15
350,2,25,1037.97
351,2,96,2625.63
352,2,1,38.45
353,2,47,1671.79
354,2,42,2507.2
356,2,57,934.71
357,2,9,745.1
358,2,147,3897.86
36,2,76,1859.36
360,2,15,123.54
361,2,60,2654.35
362,2,20,750.23
363,2,2,38.77
364,2,10,228.91
365,2,44,1626.89
366,2,14,132.84
367,2,36,2307.37
368,2,4,214.36
369,2,8,105.28
37,2,20,652.32
370,2,42,976.89
371,2,50,5324.89
372,2,1,6.99
373,2,3,19.77
374,2,45,1437.38
375,2,10,106.94
376,2,104,1047.94
377,2,37,981.76
378,2,83,972.37
38,2,4,124.68
380,2,44,2295.74
381,2,21,756.6
382,2,4,56.57
383,2,47,1671.96
384,2,34,1640.33
385,2,13,1066.35
386,2,88,1293.31
387,2,35,1697.54
388,2,13,255.99
389,2,85,4243.85
39,2,21,1131.52
390,2,32,468.08
391,2,30,703.46
392,2,34,4070.86
393,2,44,1218.92
394,2,25,551.9
395,2,24,301.39
396,2,33,792.75
397,2,71,1741.36
398,2,55,638.86
399,2,3,82.26
4,2,6,179.91
40,2,129,4558.87
400,2,104,6429.44
401,2,42,1203.44
402,2,19,393.51
403,2,19,329.15
404,2,54,1160.1
405,2,31,1061.21
406,2,24,900.51
407,2,16,257.14
408,2,14,766.18
409,2,51,1339.1
41,2,25,1283.5
410,2,55,468.48
411,2,44,2375.51
412,2,31,801.04
413,2,74,1471.09
414,2,38,692.28
415,2,3,67.73
416,2,3,54.57
417,2,30,1073.06
418,2,71,3014.47
419,2,9,87.87
42,2,22,519.06
420,2,4,65.45
421,2,43,1220.81
422,2,8,309.33
423,2,10,136.01
424,2,18,1895.28
425,2,31,1109.68
426,2,68,2310.51
427,2,13,230.41
428,2,22,833.12
429,2,14,149.54
43,2,21,105.75
430,2,37,1190.74
431,2,10,186.18
432,2,95,1061.66
433,2,20,179.76
434,2,30,952.14
435,2,24,442.06
436,2,7,577.27
437,2,24,898.16
438,2,28,2120.22
439,2,5,62.85
44,2,9,320.65
440,2,2,28.77
441,2,27,773.25
442,2,125,1493.76
443,2,41,1146.07
444,2,7,186.61
445,2,60,461.1
446,2,8,73.76
447,2,7,151.47
448,2,18,213.61
449,2,6,113.84
45,2,3,25.6
450,2,19,397.47
451,2,63,1012.06
452,2,4,194.61
453,2,7,68.92
454,2,85,2073.21
455,2,4,458.91
456,2,26,1666.6
457,2,26,209.21
458,2,32,440.48
459,2,18,446.71
46,2,64,3374.65
460,2,33,267.59
461,2,9,159.51
462,2,28,471.27
463,2,227,1952.94
464,2,48,1162.08
465,2,13,54.95
466,2,13,279.41
467,2,63,984.47
468,2,110,1866.57
469,2,53,2098.86
47,2,30,531.49
470,2,35,542.91
471,2,12,346.66
472,2,23,1877.17
473,2,25,1172.24
474,2,17,983.43
475,2,15,390.41
476,2,14,520.72
477,2,14,218.34
478,2,3,32.02
479,2,17,443.68
48,2,21,549.19
480,2,22,797.22
481,2,7,416.99
482,2,11,126.43
483,2,37,1210.71
484,2,44,1006.81
485,2,47,1491.05
486,2,5,281.61
487,2,4,56.2
488,2,8,75.0
489,2,101,2240.59
49,2,41,2274.73
490,2,19,1075.85
491,2,34,1388.33
492,2,40,2552.01
493,2,90,1763.77
495,2,27,890.3
496,2,4,131.92
497,2,16,168.25
498,2,25,236.22
499,2,2,25.02
5,2,9,150.17
50,2,3,76.3
501,2,9,250.59
502,2,6,205.97
503,2,52,1571.88
504,2,5,358.92
505,2,9,118.04
506,2,11,330.49
507,2,13,271.82
508,2,14,241.11
509,2,4,59.82
51,2,23,927.87
510,2,100,2171.28
511,2,101,1307.78
513,2,47,3499.64
514,2,18,624.87
515,2,10,385.75
516,2,8,133.02
517,2,34,1260.23
518,2,58,2405.48
519,2,6,100.24
52,2,36,1539.26
520,2,24,415.41
521,2,17,321.69
522,2,1,13.76
523,2,124,2985.19
524,2,17,272.22
525,2,8,184.08
526,2,53,1312.99
527,2,44,1193.56
528,2,10,186.61
529,2,4,218.0
53,2,21,649.55
530,2,10,235.71
531,2,11,342.04
532,2,1,22.97
533,2,18,549.28
534,2,141,398.89
535,2,13,403.56
536,2,19,237.44
537,2,7,170.74
538,2,29,1868.73
539,2,42,882.97
54,2,1,28.04
540,2,51,1955.27
541,2,18,693.12
542,2,31,614.91
543,2,38,1416.63
544,2,17,115.43
545,2,18,677.05
546,2,29,907.25
547,2,8,295.66
548,2,33,1026.55
549,2,8,148.66
55,2,40,250.28
550,2,8,200.82
551,2,14,291.8
552,2,18,785.09
553,2,75,2270.77
554,2,7,635.79
555,2,1,13.34
557,2,6,174.1
558,2,42,642.77
559,2,3,28.35
56,2,63,1871.97
560,2,84,2266.84
561,2,14,792.27
562,2,29,1134.11
563,2,14,415.68
564,2,21,446.31
565,2,7,124.05
566,2,8,118.32
567,2,120,1729.7
568,2,84,3631.6
569,2,18,989.72
57,2,61,837.9
570,2,13,523.21
571,2,5,305.75
572,2,6,154.14
573,2,25,627.11
574,2,41,2497.94
575,2,104,3370.28
576,2,18,513.23
577,2,9,1253.06
578,2,46,994.8
579,2,3,24.18
58,2,80,3411.61
580,2,28,352.47
581,2,70,2420.71
582,2,30,1129.81
583,2,51,983.34
584,2,6,75.04
585,2,9,194.51
586,2,57,1836.44
587,2,8,75.98
588,2,68,2967.76
589,2,5,134.77
59,2,9,294.53
590,2,22,441.24
591,2,88,3413.43
592,2,12,216.36
593,2,25,269.21
594,2,18,643.82
595,2,40,565.81
596,2,29,862.62
597,2,23,1006.86
598,2,61,1228.06
599,2,2,34.42
6,2,82,1761.46
60,2,2,99.98
600,2,62,1906.36
601,2,28,1641.48
602,2,41,1440.01
603,2,10,49.53
604,2,18,564.15
605,2,42,2095.03
606,2,24,807.41
607,2,5,43.44
608,2,63,1769.88
609,2,69,778.06
61,2,1,7.96
610,2,9,130.13
611,2,31,1153.19
612,2,54,1533.79
613,2,2,51.59
614,2,42,1060.1
615,2,5,143.24
616,2,3,31.43
617,2,9,488.78
618,2,142,2168.8
619,2,3,146.23
62,2,12,107.5
620,2,5,70.59
621,2,58,1335.92
622,2,58,813.5
623,2,17,218.21
624,2,43,1956.78
625,2,8,188.79
626,2,12,122.14
627,2,19,889.93
628,2,4,409.38
629,2,3,16.29
63,2,6,146.15
630,2,49,2462.95
631,2,155,3149.86
632,2,15,669.15
633,2,39,1500.5
634,2,1,1.88
635,2,1,8.97
636,2,77,3275.65
637,2,43,804.1
638,2,66,2811.6
639,2,52,317.63
64,2,104,1554.44
640,2,1,5.6
641,2,88,3640.29
642,2,7,274.49
643,2,12,446.46
644,2,47,751.52
645,2,10,138.14
646,2,8,374.56
647,2,36,1760.3
648,2,23,602.27
649,2,9,254.54
65,2,48,675.16
650,2,13,164.01
651,2,1,72.2
652,2,11,371.49
653,2,36,2416.55
654,2,60,659.31
655,2,25,787.58
656,2,30,2071.18
657,2,5,29.53
658,2,17,251.89
659,2,5,155.48
66,2,2,27.56
660,2,43,1616.44
661,2,142,2584.94
662,2,12,515.56
663,2,29,853.79
664,2,8,276.45
665,2,8,140.96
666,2,35,357.83
667,2,33,522.12
668,2,15,307.59
669,2,31,1972.85
67,2,93,3617.82
670,2,64,1970.77
671,2,38,1210.84
672,2,26,610.53
673,2,25,331.36
674,2,43,1819.1
675,2,72,1609.77
676,2,119,3528.51
677,2,8,225.81
678,2,9,90.78
679,2,88,1571.35
68,2,197,1696.73
680,2,33,1171.26
681,2,17,732.72
682,2,76,1620.1
683,2,2,16.39
684,2,19,292.49
685,2,86,2219.77
686,2,3,74.66
687,2,22,1019.63
688,2,8,1065.55
69,2,86,1873.35
690,2,64,1092.43
691,2,13,517.11
692,2,41,1363.06
693,2,59,1667.13
694,2,12,156.37
695,2,85,3373.79
696,2,100,4480.31
697,2,15,509.99
698,2,16,227.87
699,2,40,3105.45
7,2,17,851.82
70,2,12,11.0
700,2,6,587.26
701,2,19,1121.52
702,2,79,2509.49
703,2,66,3250.03
704,2,3,12.91
705,2,38,394.84
706,2,43,1366.91
707,2,148,5517.3
708,2,18,701.36
709,2,36,991.97
71,2,20,537.49
710,2,84,1245.53
711,2,19,246.36
712,2,66,3317.04
713,2,10,169.56
714,2,93,1426.1
715,2,65,1431.52
716,2,21,261.5
717,2,19,274.85
718,2,231,5007.2
719,2,8,196.14
72,2,25,2243.94
720,2,20,484.25
721,2,6,71.34
722,2,48,2068.2
723,2,11,602.84
724,2,12,234.3
725,2,29,1444.96
726,2,14,410.27
727,2,34,1291.67
728,2,63,623.23
729,2,6,294.55
73,2,37,671.79
730,2,29,304.32
731,2,33,667.74
732,2,34,1377.63
733,2,21,799.61
734,2,25,408.67
735,2,35,380.29
736,2,29,1589.09
737,2,20,549.06
738,2,10,415.42
74,2,22,376.15
740,2,30,1818.71
741,2,32,1158.9
742,2,54,816.27
743,2,28,465.11
744,2,59,1977.71
745,2,52,1869.66
746,2,5,153.91
747,2,38,329.2
748,2,29,634.51
749,2,13,74.37
75,2,22,310.36
750,2,26,344.78
751,2,12,204.2
752,2,14,453.83
753,2,19,869.23
754,2,11,329.75
755,2,56,2187.82
756,2,5,287.04
757,2,13,615.24
758,2,7,128.06
759,2,11,358.08
76,2,6,147.43
760,2,14,408.82
761,2,72,3883.01
762,2,320,3173.11
763,2,8,467.89
764,2,62,1614.54
765,2,6,272.22
766,2,39,2677.31
767,2,3,185.23
768,2,165,2398.47
769,2,14,339.49
77,2,19,1506.73
770,2,19,947.18
771,2,203,3219.89
772,2,8,23.92
773,2,11,373.94
774,2,3,229.46
775,2,2,43.74
776,2,26,487.86
777,2,30,1945.24
778,2,16,127.22
779,2,26,890.86
78,2,77,1071.02
781,2,19,647.29
782,2,18,250.43
783,2,3,35.45
784,2,37,827.27
785,2,42,656.74
786,2,39,1685.5
787,2,57,680.68
788,2,64,1984.09
789,2,10,164.23
79,2,43,1170.0
790,2,28,1609.54
791,2,12,241.67
792,2,8,179.09
793,2,31,681.34
794,2,10,505.24
795,2,5,112.39
796,2,11,88.36
797,2,28,848.34
798,2,23,600.42
799,2,16,418.48
8,2,36,1443.89
80,2,35,1341.09
800,2,145,3339.28
801,2,9,305.39
802,2,13,519.57
803,2,25,624.43
804,2,57,602.61
805,2,99,1701.66
806,2,32,1520.14
807,2,25,889.6
808,2,51,447.27
809,2,13,223.86
81,2,23,370.27
810,2,10,130.46
811,2,19,345.47
812,2,13,158.58
813,2,11,785.3
814,2,3,148.98
815,2,9,372.56
816,2,26,699.78
817,2,50,1460.71
818,2,25,1075.08
819,2,2,72.64
82,2,11,79.71
820,2,45,989.17
821,2,6,159.82
822,2,4,73.66
823,2,27,626.7
824,2,23,458.02
825,2,42,2838.36
826,2,7,72.1
827,2,3,55.52
828,2,4,58.25
829,2,19,1000.8
83,2,37,367.27
830,2,13,172.83
831,2,62,3084.87
832,2,4,137.6
833,2,12,268.38
834,2,3,17.73
835,2,7,111.79
836,2,22,510.51
837,2,11,325.18
838,2,11,105.3
839,2,1,86.48
84,2,28,629.16
840,2,80,3870.97
841,2,78,1296.07
842,2,117,2653.86
843,2,27,1122.4
844,2,42,1383.08
845,2,38,1358.19
846,2,20,612.57
847,2,31,849.55
848,2,13,1129.7
849,2,17,1377.37
85,2,30,554.81
850,2,22,473.53
852,2,24,482.49
853,2,148,3517.89
854,2,8,59.1
855,2,47,1007.1
856,2,47,1807.63
857,2,15,1368.29
858,2,13,143.68
859,2,43,2043.65
86,2,10,1281.77
860,2,2,15.06
861,2,5,174.97
862,2,23,515.75
863,2,74,1140.98
864,2,38,2767.54
865,2,17,904.53
866,2,54,2122.79
867,2,49,1646.54
868,2,42,1930.54
869,2,45,422.83
87,2,19,562.06
871,2,36,2441.47
872,2,1,68.7
873,2,33,1012.32
874,2,2,49.3
875,2,23,452.01
876,2,48,1700.57
877,2,17,819.14
878,2,42,1245.99
879,2,48,1098.38
88,2,76,3323.69
880,2,2,14.51
881,2,36,1053.8
882,2,80,820.75
883,2,96,3051.55
884,2,11,159.57
885,2,14,328.21
886,2,47,1020.42
887,2,11,188.71
888,2,21,2771.74
889,2,58,3783.28
89,2,4,102.59
890,2,5,91.16
891,2,37,2403.02
892,2,7,123.16
893,2,48,2657.62
894,2,14,577.11
895,2,62,2682.9
896,2,21,1106.16
897,2,20,295.43
898,2,98,2734.95
899,2,4,91.6
9,2,6,308.39
90,2,2,148.12
900,2,378,5309.79
901,2,19,844.46
902,2,1,21.98
903,2,14,880.22
904,2,8,227.56
905,2,8,194.35
906,2,84,1482.9
907,2,25,451.65
908,2,46,1489.16
909,2,101,2427.03
91,2,83,1421.15
910,2,13,866.67
911,2,25,1485.39
912,2,4,634.48
913,2,16,292.85
914,2,23,848.55
915,2,50,356.71
916,2,75,1457.35
917,2,3,169.38
918,2,10,241.69
919,2,35,310.18
92,2,19,786.27
920,2,89,2811.74
921,2,4,45.12
922,2,59,1239.88
923,2,46,1141.02
924,2,22,642.23
925,2,20,86.49
926,2,60,1461.05
927,2,17,486.07
928,2,47,1118.62
929,2,102,2087.76
93,2,16,496.85
930,2,10,214.99
931,2,15,1436.81
932,2,28,1605.29
933,2,41,1471.4
934,2,88,3708.82
935,2,11,378.62
936,2,153,2352.63
937,2,20,536.11
938,2,8,210.33
939,2,65,2291.77
94,2,16,199.8
940,2,25,387.21
941,2,34,552.14
942,2,114,2889.73
943,2,31,844.49
944,2,27,712.04
945,2,20,945.31
946,2,48,855.46
947,2,52,513.26
949,2,33,1685.32
95,2,78,2059.28
950,2,24,694.11
951,2,8,269.62
952,2,42,756.48
953,2,46,1131.4
954,2,15,719.18
955,2,93,1398.92
956,2,187,3101.24
957,2,207,1605.29
958,2,4,124.81
959,2,41,810.72
960,2,21,629.8
961,2,14,875.51
962,2,20,591.82
963,2,11,681.54
964,2,38,510.7
965,2,6,283.97
966,2,3,80.02
967,2,1,2.0
968,2,35,2848.02
969,2,2,58.64
97,2,67,1754.22
970,2,4,178.45
971,2,48,1419.37
972,2,65,903.19
973,2,28,5080.06
974,2,11,277.74
975,2,61,1457.1
976,2,32,2999.18
977,2,12,260.93
978,2,13,732.21
979,2,69,4354.45
98,2,91,1338.31
980,2,12,503.36
981,2,13,619.99
982,2,97,4836.64
983,2,53,1122.79
984,2,10,317.18
985,2,40,1022.71
986,2,26,579.34
987,2,16,659.96
988,2,36,740.58
989,2,43,1164.63
99,2,59,1974.72
990,2,1,20.0
991,2,10,535.3
992,2,59,242.4
993,2,45,1199.65
994,2,9,395.11
995,2,1,151.97
996,2,57,775.19
997,2,13,980.61
998,2,54,1968.31
999,2,15,642.22
