run,step,yield
0,1,2.83
0,2,0.0
0,3,13.85
0,4,19.84
0,5,4.09
0,6,43.22
0,7,17.63
0,8,28.4
0,9,92.19
0,10,52.47
0,11,84.03
0,12,98.38
0,13,99.81
0,14,99.22
0,15,71.81
0,16,84.49
0,17,83.22
0,18,28.9
0,19,61.33
0,20,74.3
0,21,80.39
0,22,0.51
0,23,32.21
0,24,87.59
0,25,2.79
0,26,27.79
0,27,84.67
0,28,78.44
0,29,78.93
0,30,44.47
0,31,78.6
0,32,70.8
0,33,31.66
0,34,100.0
0,35,49.48
0,36,72.21
0,37,76.24
0,38,62.04
0,39,98.49
0,40,100.0
0,41,38.48
0,42,48.91
0,43,83.25
0,44,80.86
0,45,11.99
0,46,71.43
0,47,77.01
0,48,61.67
0,49,96.38
0,50,19.95
0,51,0.89
0,52,79.1
0,53,69.2
0,54,53.52
0,55,99.98
0,56,78.19
0,57,58.4
0,58,6.1
0,59,88.82
0,60,23.23
0,61,0.0
0,62,71.11
0,63,51.83
0,64,91.11
0,65,50.7
0,66,5.62
0,67,91.27
0,68,82.13
0,69,3.69
0,70,80.65
0,71,28.06
0,72,81.48
0,73,11.68
0,74,85.21
0,75,5.65
0,76,53.46
0,77,64.12
0,78,89.14
0,79,21.88
0,80,5.4
0,81,77.58
0,82,82.28
0,83,68.31
0,84,31.53
0,85,87.0
0,86,28.53
0,87,48.86
0,88,84.48
0,89,59.05
0,90,13.87
0,91,89.71
0,92,2.52
0,93,67.85
0,94,52.56
0,95,50.75
0,96,89.17
0,97,3.51
0,98,81.63
0,99,83.62
0,100,50.69
1,1,31.85
1,2,0.0
1,3,2.95
1,4,7.25
1,5,98.49
1,6,95.48
1,7,26.39
1,8,28.9
1,9,84.03
1,10,52.23
1,11,1.68
1,12,62.75
1,13,92.03
1,14,99.81
1,15,99.22
1,16,100.0
1,17,74.3
1,18,92.19
1,19,92.19
1,20,62.33
1,21,84.49
1,22,31.66
1,23,100.0
1,24,53.11
1,25,99.98
1,26,80.39
1,27,77.01
1,28,96.38
1,29,80.65
1,30,71.81
1,31,40.06
1,32,84.67
1,33,50.74
1,34,2.33
1,35,2.79
1,36,61.67
1,37,83.25
1,38,91.11
1,39,87.59
1,40,81.63
1,41,77.58
1,42,32.21
1,43,78.6
1,44,6.23
1,45,52.08
1,46,88.41
1,47,1.89
1,48,61.33
1,49,53.02
1,50,91.19
1,51,79.33
1,52,62.07
1,53,78.6
1,54,43.84
1,55,36.46
1,56,87.83
1,57,72.89
1,58,80.69
1,59,98.38
1,60,80.86
1,61,89.71
1,62,83.22
1,63,91.06
1,64,50.7
1,65,22.88
1,66,89.17
1,67,45.85
1,68,91.27
1,69,11.19
1,70,78.19
1,71,63.61
1,72,84.64
1,73,32.5
1,74,79.1
1,75,23.23
1,76,58.4
1,77,71.43
1,78,89.76
1,79,44.25
1,80,60.29
1,81,84.81
1,82,55.4
1,83,89.95
1,84,53.52
1,85,43.12
1,86,86.46
1,87,53.43
1,88,43.22
1,89,78.93
1,90,26.48
1,91,84.62
1,92,91.39
1,93,27.88
1,94,50.75
1,95,6.48
1,96,5.65
1,97,84.48
1,98,83.85
1,99,90.39
1,100,14.06
2,1,0.0
2,2,53.81
2,3,42.04
2,4,23.51
2,5,0.0
2,6,0.0
2,7,21.5
2,8,69.03
2,9,49.57
2,10,71.81
2,11,43.22
2,12,52.23
2,13,36.46
2,14,99.98
2,15,44.47
2,16,63.2
2,17,99.22
2,18,80.86
2,19,30.17
2,20,62.33
2,21,8.82
2,22,77.01
2,23,95.48
2,24,50.74
2,25,98.38
2,26,84.49
2,27,83.22
2,28,81.63
2,29,100.0
2,30,92.19
2,31,80.39
2,32,78.19
2,33,70.8
2,34,43.84
2,35,87.0
2,36,84.67
2,37,0.51
2,38,96.38
2,39,99.81
2,40,2.33
2,41,84.48
2,42,91.39
2,43,89.95
2,44,98.49
2,45,2.79
2,46,88.41
2,47,71.11
2,48,75.39
2,49,89.76
2,50,100.0
2,51,30.21
2,52,91.27
2,53,5.55
2,54,81.66
2,55,91.11
2,56,45.85
2,57,84.64
2,58,79.1
2,59,76.24
2,60,78.93
2,61,83.25
2,62,87.59
2,63,50.7
2,64,52.56
2,65,50.75
2,66,7.02
2,67,66.03
2,68,58.4
2,69,48.91
2,70,83.85
2,71,88.41
2,72,86.46
2,73,63.61
2,74,89.71
2,75,90.39
2,76,84.81
2,77,48.86
2,78,84.62
2,79,91.06
2,80,52.08
2,81,77.58
2,82,39.32
2,83,78.6
2,84,67.21
2,85,80.69
2,86,62.07
2,87,0.0
2,88,18.26
2,89,92.03
2,90,4.87
2,91,6.18
2,92,53.49
2,93,41.1
2,94,69.2
2,95,50.69
2,96,54.26
2,97,73.33
2,98,76.63
2,99,40.04
2,100,44.22
3,1,32.36
3,2,7.84
3,3,0.0
3,4,7.74
3,5,49.19
3,6,50.55
3,7,4.98
3,8,36.29
3,9,58.13
3,10,2.49
3,11,0.0
3,12,3.25
3,13,31.53
3,14,64.48
3,15,77.52
3,16,51.32
3,17,50.74
3,18,75.46
3,19,33.69
3,20,80.65
3,21,9.61
3,22,15.64
3,23,71.43
3,24,80.86
3,25,71.81
3,26,43.22
3,27,62.15
3,28,76.66
3,29,50.75
3,30,60.29
3,31,73.33
3,32,80.39
3,33,70.51
3,34,0.0
3,35,44.47
3,36,62.07
3,37,82.28
3,38,48.34
3,39,48.91
3,40,98.38
3,41,38.79
3,42,83.22
3,43,96.64
3,44,99.81
3,45,92.19
3,46,87.59
3,47,87.59
3,48,89.95
3,49,92.03
3,50,98.49
3,51,61.09
3,52,87.0
3,53,100.0
3,54,99.22
3,55,20.51
3,56,89.76
3,57,91.11
3,58,91.11
3,59,81.63
3,60,100.0
3,61,31.55
3,62,83.25
3,63,83.25
3,64,24.55
3,65,2.77
3,66,13.31
3,67,83.85
3,68,83.85
3,69,23.3
3,70,11.99
3,71,90.39
3,72,91.06
3,73,43.84
3,74,0.97
3,75,13.02
3,76,2.58
3,77,84.48
3,78,67.21
3,79,69.2
3,80,19.95
3,81,23.71
3,82,84.62
3,83,81.66
3,84,84.67
3,85,84.49
3,86,80.77
3,87,53.49
3,88,76.63
3,89,77.01
3,90,62.33
3,91,89.17
3,92,0.0
3,93,6.23
3,94,70.8
3,95,0.0
3,96,26.12
3,97,48.86
3,98,40.06
3,99,44.48
3,100,50.69
4,1,7.69
4,2,0.0
4,3,0.0
4,4,8.23
4,5,0.0
4,6,16.76
4,7,45.01
4,8,74.3
4,9,39.57
4,10,10.49
4,11,18.38
4,12,52.08
4,13,78.93
4,14,68.17
4,15,53.02
4,16,0.89
4,17,37.37
4,18,99.81
4,19,53.11
4,20,31.43
4,21,89.95
4,22,98.49
4,23,98.38
4,24,92.19
4,25,44.47
4,26,96.64
4,27,84.03
4,28,87.0
4,29,99.22
4,30,80.86
4,31,79.1
4,32,95.48
4,33,52.23
4,34,100.0
4,35,62.33
4,36,38.79
4,37,80.39
4,38,78.19
4,39,7.54
4,40,83.25
4,41,84.49
4,42,78.6
4,43,83.22
4,44,81.63
4,45,100.0
4,46,77.58
4,47,31.51
4,48,89.76
4,49,91.11
4,50,83.85
4,51,38.79
4,52,51.83
4,53,84.67
4,54,76.24
4,55,87.59
4,56,58.4
4,57,61.67
4,58,61.09
4,59,9.96
4,60,99.98
4,61,6.23
4,62,88.82
4,63,96.38
4,64,80.65
4,65,71.81
4,66,19.64
4,67,82.33
4,68,16.95
4,69,50.75
4,70,52.47
4,71,84.48
4,72,48.34
4,73,50.74
4,74,3.04
4,75,20.72
4,76,61.0
4,77,91.27
4,78,88.41
4,79,67.21
4,80,43.84
4,81,89.71
4,82,18.61
4,83,91.06
4,84,83.62
4,85,53.52
4,86,53.46
4,87,43.22
4,88,75.39
4,89,90.39
4,90,78.6
4,91,62.07
4,92,0.0
4,93,53.49
4,94,50.7
4,95,92.03
4,96,88.89
4,97,2.72
4,98,65.32
4,99,5.9
4,100,14.06
5,1,0.0
5,2,61.0
5,3,0.0
5,4,3.43
5,5,0.0
5,6,68.86
5,7,77.58
5,8,26.97
5,9,27.79
5,10,82.13
5,11,40.47
5,12,16.57
5,13,5.16
5,14,3.96
5,15,2.9
5,16,43.2
5,17,79.33
5,18,0.0
5,19,61.86
5,20,96.64
5,21,83.22
5,22,30.41
5,23,89.95
5,24,95.48
5,25,46.42
5,26,61.71
5,27,88.41
5,28,78.6
5,29,92.03
5,30,50.74
5,31,89.71
5,32,81.63
5,33,83.62
5,34,81.48
5,35,5.9
5,36,53.46
5,37,45.85
5,38,91.27
5,39,3.51
5,40,78.19
5,41,35.61
5,42,84.64
5,43,89.14
5,44,22.07
5,45,68.17
5,46,89.17
5,47,26.56
5,48,62.04
5,49,31.53
5,50,12.23
5,51,66.84
5,52,38.48
5,53,72.21
5,54,84.49
5,55,21.88
5,56,72.9
5,57,79.1
5,58,18.16
5,59,16.77
5,60,85.21
5,61,31.18
5,62,40.02
5,63,12.54
5,64,91.06
5,65,92.19
5,66,55.96
5,67,7.02
5,68,83.85
5,69,91.39
5,70,100.0
5,71,22.31
5,72,9.46
5,73,90.39
5,74,84.03
5,75,53.52
5,76,32.71
5,77,88.89
5,78,91.11
5,79,17.63
5,80,98.49
5,81,2.13
5,82,87.62
5,83,61.09
5,84,100.0
5,85,99.81
5,86,57.33
5,87,83.25
5,88,87.59
5,89,4.66
5,90,63.2
5,91,8.52
5,92,44.28
5,93,84.48
5,94,99.22
5,95,80.86
5,96,18.38
5,97,71.43
5,98,89.76
5,99,50.75
5,100,98.38
6,1,19.55
6,2,3.68
6,3,0.0
6,4,0.0
6,5,4.53
6,6,5.92
6,7,1.27
6,8,28.53
6,9,51.83
6,10,5.22
6,11,11.91
6,12,78.19
6,13,52.08
6,14,85.21
6,15,98.38
6,16,96.64
6,17,28.9
6,18,99.81
6,19,99.22
6,20,80.86
6,21,89.95
6,22,22.07
6,23,92.19
6,24,27.41
6,25,45.73
6,26,5.95
6,27,95.48
6,28,36.97
6,29,99.98
6,30,6.48
6,31,84.49
6,32,50.74
6,33,96.38
6,34,80.65
6,35,71.81
6,36,80.39
6,37,83.22
6,38,83.22
6,39,81.63
6,40,91.19
6,41,88.41
6,42,87.59
6,43,91.39
6,44,92.03
6,45,43.12
6,46,77.58
6,47,38.48
6,48,77.01
6,49,100.0
6,50,80.69
6,51,84.48
6,52,70.8
6,53,98.49
6,54,100.0
6,55,44.47
6,56,89.76
6,57,83.25
6,58,91.11
6,59,91.11
6,60,2.33
6,61,0.0
6,62,84.67
6,63,6.23
6,64,36.73
6,65,50.69
6,66,82.28
6,67,83.85
6,68,87.0
6,69,52.56
6,70,69.2
6,71,89.17
6,72,48.86
6,73,58.4
6,74,90.39
6,75,30.17
6,76,61.0
6,77,71.43
6,78,91.06
6,79,50.75
6,80,60.29
6,81,89.71
6,82,66.27
6,83,78.6
6,84,83.62
6,85,19.28
6,86,91.27
6,87,67.21
6,88,64.12
6,89,78.6
6,90,50.7
6,91,45.85
6,92,72.21
6,93,79.1
6,94,62.04
6,95,89.14
6,96,11.19
6,97,45.62
6,98,14.81
6,99,5.4
6,100,78.93
7,1,0.95
7,2,0.0
7,3,0.0
7,4,10.05
7,5,20.22
7,6,9.35
7,7,6.44
7,8,5.15
7,9,24.55
7,10,37.3
7,11,52.2
7,12,33.6
7,13,10.66
7,14,18.95
7,15,23.8
7,16,0.85
7,17,37.93
7,18,37.37
7,19,52.23
7,20,57.68
7,21,77.52
7,22,61.09
7,23,63.2
7,24,22.65
7,25,20.67
7,26,89.95
7,27,95.48
7,28,76.66
7,29,50.74
7,30,75.46
7,31,81.63
7,32,38.8
7,33,96.64
7,34,96.64
7,35,92.03
7,36,83.22
7,37,83.22
7,38,98.38
7,39,99.81
7,40,92.19
7,41,0.89
7,42,87.59
7,43,87.59
7,44,87.59
7,45,83.85
7,46,84.67
7,47,87.0
7,48,0.0
7,49,99.22
7,50,52.47
7,51,38.79
7,52,80.39
7,53,84.49
7,54,78.6
7,55,76.24
7,56,38.48
7,57,27.8
7,58,77.01
7,59,48.91
7,60,68.31
7,61,48.34
7,62,31.14
7,63,100.0
7,64,80.86
7,65,80.65
7,66,61.67
7,67,70.8
7,68,100.0
7,69,2.33
7,70,40.26
7,71,2.79
7,72,91.11
7,73,13.87
7,74,98.49
7,75,53.52
7,76,89.76
7,77,70.51
7,78,91.06
7,79,36.32
7,80,85.21
7,81,75.12
7,82,67.21
7,83,43.12
7,84,39.57
7,85,20.72
7,86,84.48
7,87,73.33
7,88,72.24
7,89,76.85
7,90,36.97
7,91,66.03
7,92,84.62
7,93,2.72
7,94,20.5
7,95,87.62
7,96,77.58
7,97,75.4
7,98,75.39
7,99,90.39
7,100,50.75
8,1,43.22
8,2,10.25
8,3,5.22
8,4,29.96
8,5,87.0
8,6,17.63
8,7,8.45
8,8,95.48
8,9,84.03
8,10,80.86
8,11,38.8
8,12,89.95
8,13,81.48
8,14,63.2
8,15,99.22
8,16,83.85
8,17,98.38
8,18,92.19
8,19,92.19
8,20,92.19
8,21,0.89
8,22,0.97
8,23,53.52
8,24,99.81
8,25,20.51
8,26,2.45
8,27,98.49
8,28,74.3
8,29,36.46
8,30,99.98
8,31,78.19
8,32,25.45
8,33,50.74
8,34,78.93
8,35,27.41
8,36,91.27
8,37,84.49
8,38,83.22
8,39,81.63
8,40,62.33
8,41,1.62
8,42,89.71
8,43,88.41
8,44,83.62
8,45,28.06
8,46,38.78
8,47,80.61
8,48,76.33
8,49,45.85
8,50,60.68
8,51,38.48
8,52,84.67
8,53,77.01
8,54,92.03
8,55,100.0
8,56,84.81
8,57,62.32
8,58,89.14
8,59,100.0
8,60,80.65
8,61,86.46
8,62,77.58
8,63,82.13
8,64,37.37
8,65,91.19
8,66,48.91
8,67,70.8
8,68,87.62
8,69,62.04
8,70,22.07
8,71,89.17
8,72,0.0
8,73,78.44
8,74,91.06
8,75,85.21
8,76,84.48
8,77,68.31
8,78,91.11
8,79,0.0
8,80,19.13
8,81,28.53
8,82,6.1
8,83,87.59
8,84,11.68
8,85,96.38
8,86,61.0
8,87,31.51
8,88,48.86
8,89,75.12
8,90,80.69
8,91,40.06
8,92,80.39
8,93,78.6
8,94,52.08
8,95,60.29
8,96,88.89
8,97,84.64
8,98,78.6
8,99,43.84
8,100,69.2
9,1,43.22
9,2,0.0
9,3,5.49
9,4,26.29
9,5,0.0
9,6,43.2
9,7,11.5
9,8,61.86
9,9,39.32
9,10,21.88
9,11,21.74
9,12,7.02
9,13,45.62
9,14,25.35
9,15,46.42
9,16,32.71
9,17,0.0
9,18,0.0
9,19,9.35
9,20,31.14
9,21,77.58
9,22,92.03
9,23,28.9
9,24,52.23
9,25,9.32
9,26,91.06
9,27,89.95
9,28,95.48
9,29,19.71
9,30,92.19
9,31,62.07
9,32,81.63
9,33,91.39
9,34,61.09
9,35,99.22
9,36,83.85
9,37,27.88
9,38,50.74
9,39,100.0
9,40,99.81
9,41,83.25
9,42,87.59
9,43,43.84
9,44,100.0
9,45,2.33
9,46,91.11
9,47,98.49
9,48,98.49
9,49,98.49
9,50,98.38
9,51,89.76
9,52,89.76
9,53,83.22
9,54,83.22
9,55,87.0
9,56,38.79
9,57,40.06
9,58,76.59
9,59,50.75
9,60,43.12
9,61,68.71
9,62,66.84
9,63,45.01
9,64,0.0
9,65,30.03
9,66,2.52
9,67,84.49
9,68,72.24
9,69,90.39
9,70,19.95
9,71,12.44
9,72,51.83
9,73,71.97
9,74,2.9
9,75,63.88
9,76,4.3
9,77,58.4
9,78,3.77
9,79,31.32
9,80,52.08
9,81,53.46
9,82,3.14
9,83,81.48
9,84,50.7
9,85,80.65
9,86,88.41
9,87,8.52
9,88,18.61
9,89,6.44
9,90,53.52
9,91,0.04
9,92,91.27
9,93,89.14
9,94,22.07
9,95,44.4
9,96,89.17
9,97,79.1
9,98,13.87
9,99,85.21
9,100,49.48
10,1,56.14
10,2,0.0
10,3,9.6
10,4,9.88
10,5,0.0
10,6,23.45
10,7,43.22
10,8,75.4
10,9,48.91
10,10,15.64
10,11,40.02
10,12,27.79
10,13,0.0
10,14,78.44
10,15,36.73
10,16,79.76
10,17,78.6
10,18,9.61
10,19,71.43
10,20,53.81
10,21,32.5
10,22,0.74
10,23,18.26
10,24,61.67
10,25,19.95
10,26,59.81
10,27,6.1
10,28,68.31
10,29,0.0
10,30,44.47
10,31,23.57
10,32,73.93
10,33,62.15
10,34,80.86
10,35,91.19
10,36,62.73
10,37,80.69
10,38,99.98
10,39,62.33
10,40,60.29
10,41,69.03
10,42,8.82
10,43,96.38
10,44,99.22
10,45,27.41
10,46,7.43
10,47,81.63
10,48,100.0
10,49,98.38
10,50,74.3
10,51,43.84
10,52,87.0
10,53,52.08
10,54,92.19
10,55,30.17
10,56,48.34
10,57,83.22
10,58,100.0
10,59,99.81
10,60,71.81
10,61,77.01
10,62,91.11
10,63,87.59
10,64,98.49
10,65,52.56
10,66,78.19
10,67,89.76
10,68,83.25
10,69,78.6
10,70,50.75
10,71,89.71
10,72,66.27
10,73,51.83
10,74,0.51
10,75,2.33
10,76,53.46
10,77,59.68
10,78,3.51
10,79,84.49
10,80,50.7
10,81,91.27
10,82,88.41
10,83,38.44
10,84,46.57
10,85,84.48
10,86,89.17
10,87,45.85
10,88,77.58
10,89,84.64
10,90,11.77
10,91,65.37
10,92,62.07
10,93,84.67
10,94,79.1
10,95,82.13
10,96,54.07
10,97,89.14
10,98,81.48
10,99,22.07
10,100,43.12
11,1,0.0
11,2,3.07
11,3,58.4
11,4,0.0
11,5,13.02
11,6,31.85
11,7,13.88
11,8,6.1
11,9,68.17
11,10,5.65
11,11,21.65
11,12,52.08
11,13,78.93
11,14,74.3
11,15,14.29
11,16,45.01
11,17,37.37
11,18,24.55
11,19,2.64
11,20,99.81
11,21,89.95
11,22,98.49
11,23,98.38
11,24,99.22
11,25,92.19
11,26,0.89
11,27,95.48
11,28,61.09
11,29,87.0
11,30,100.0
11,31,84.49
11,32,83.25
11,33,96.64
11,34,100.0
11,35,62.33
11,36,77.58
11,37,40.06
11,38,80.39
11,39,83.22
11,40,81.63
11,41,89.76
11,42,89.76
11,43,91.11
11,44,87.59
11,45,83.85
11,46,4.97
11,47,6.23
11,48,91.06
11,49,80.65
11,50,60.29
11,51,38.48
11,52,75.46
11,53,33.69
11,54,69.2
11,55,80.86
11,56,51.83
11,57,78.6
11,58,96.38
11,59,53.11
11,60,99.98
11,61,77.01
11,62,82.33
11,63,88.82
11,64,88.82
11,65,88.82
11,66,32.5
11,67,84.67
11,68,71.43
11,69,22.08
11,70,53.52
11,71,61.67
11,72,3.38
11,73,31.58
11,74,8.2
11,75,91.19
11,76,84.48
11,77,79.1
11,78,67.21
11,79,59.82
11,80,80.69
11,81,63.61
11,82,89.71
11,83,48.86
11,84,82.28
11,85,83.62
11,86,91.27
11,87,88.41
11,88,84.62
11,89,78.19
11,90,19.13
11,91,72.89
11,92,62.07
11,93,11.19
11,94,76.63
11,95,84.03
11,96,8.24
11,97,34.45
11,98,70.8
11,99,63.2
11,100,53.61
12,1,8.84
12,2,65.69
12,3,26.39
12,4,0.0
12,5,54.83
12,6,4.98
12,7,11.65
12,8,23.81
12,9,84.03
12,10,63.2
12,11,65.32
12,12,28.9
12,13,18.93
12,14,99.22
12,15,92.19
12,16,7.43
12,17,58.4
12,18,81.63
12,19,100.0
12,20,99.81
12,21,24.11
12,22,80.39
12,23,61.09
12,24,43.84
12,25,80.65
12,26,48.34
12,27,87.59
12,28,83.85
12,29,100.0
12,30,99.98
12,31,0.0
12,32,71.43
12,33,98.49
12,34,96.38
12,35,98.38
12,36,82.28
12,37,84.67
12,38,12.34
12,39,48.91
12,40,80.86
12,41,77.58
12,42,84.48
12,43,75.39
12,44,77.01
12,45,14.06
12,46,72.89
12,47,48.86
12,48,76.63
12,49,2.81
12,50,85.21
12,51,84.49
12,52,61.67
12,53,43.12
12,54,39.57
12,55,20.72
12,56,27.79
12,57,33.95
12,58,78.6
12,59,89.14
12,60,63.88
12,61,88.82
12,62,50.75
12,63,69.2
12,64,80.69
12,65,52.47
12,66,28.53
12,67,81.66
12,68,83.22
12,69,71.81
12,70,62.33
12,71,84.62
12,72,76.24
12,73,91.11
12,74,9.36
12,75,31.66
12,76,53.49
12,77,23.23
12,78,52.08
12,79,91.19
12,80,8.39
12,81,76.59
12,82,6.23
12,83,5.7
12,84,78.93
12,85,60.29
12,86,82.21
12,87,45.01
12,88,32.21
12,89,0.0
12,90,74.3
12,91,68.71
12,92,78.19
12,93,52.56
12,94,34.53
12,95,68.17
12,96,61.71
12,97,0.81
12,98,66.27
12,99,79.1
12,100,83.25
13,1,0.24
13,2,45.01
13,3,4.98
13,4,15.73
13,5,64.46
13,6,24.11
13,7,43.12
13,8,99.81
13,9,0.0
13,10,74.3
13,11,89.95
13,12,84.03
13,13,98.38
13,14,99.22
13,15,80.65
13,16,61.09
13,17,43.84
13,18,99.98
13,19,52.47
13,20,91.19
13,21,83.85
13,22,92.19
13,23,92.19
13,24,92.19
13,25,71.81
13,26,50.74
13,27,100.0
13,28,68.17
13,29,80.86
13,30,44.47
13,31,7.43
13,32,84.49
13,33,87.59
13,34,87.0
13,35,3.04
13,36,88.41
13,37,40.06
13,38,77.01
13,39,91.06
13,40,96.64
13,41,67.17
13,42,77.58
13,43,1.62
13,44,78.19
13,45,95.48
13,46,91.27
13,47,6.23
13,48,67.21
13,49,78.6
13,50,96.38
13,51,45.85
13,52,84.64
13,53,79.1
13,54,36.73
13,55,80.69
13,56,63.61
13,57,62.07
13,58,83.22
13,59,81.63
13,60,83.62
13,61,58.4
13,62,6.1
13,63,91.11
13,64,98.49
13,65,3.18
13,66,86.46
13,67,89.17
13,68,72.21
13,69,46.33
13,70,62.04
13,71,0.0
13,72,48.86
13,73,22.08
13,74,40.47
13,75,50.75
13,76,5.29
13,77,89.71
13,78,89.76
13,79,100.0
13,80,50.69
13,81,53.46
13,82,83.25
13,83,21.88
13,84,9.96
13,85,78.93
13,86,3.88
13,87,3.07
13,88,78.6
13,89,90.39
13,90,60.29
13,91,84.81
13,92,84.67
13,93,71.43
13,94,65.32
13,95,38.65
13,96,45.62
13,97,80.39
13,98,81.48
13,99,92.03
13,100,0.0
14,1,7.34
14,2,0.0
14,3,0.0
14,4,13.87
14,5,3.24
14,6,3.14
14,7,72.24
14,8,5.38
14,9,0.0
14,10,5.26
14,11,7.12
14,12,40.47
14,13,20.5
14,14,3.77
14,15,85.21
14,16,89.14
14,17,63.88
14,18,52.08
14,19,98.38
14,20,7.88
14,21,30.41
14,22,96.64
14,23,95.48
14,24,99.81
14,25,80.86
14,26,89.95
14,27,92.19
14,28,80.65
14,29,45.73
14,30,91.19
14,31,51.83
14,32,99.22
14,33,99.98
14,34,60.29
14,35,19.13
14,36,84.67
14,37,50.74
14,38,98.49
14,39,96.38
14,40,62.33
14,41,80.39
14,42,48.34
14,43,77.01
14,44,83.22
14,45,81.63
14,46,77.58
14,47,0.0
14,48,84.49
14,49,87.59
14,50,87.59
14,51,86.14
14,52,78.6
14,53,70.8
14,54,63.2
14,55,100.0
14,56,89.17
14,57,38.79
14,58,33.95
14,59,11.91
14,60,76.24
14,61,88.41
14,62,7.02
14,63,84.48
14,64,100.0
14,65,30.17
14,66,61.67
14,67,91.06
14,68,61.09
14,69,43.84
14,70,84.03
14,71,91.11
14,72,91.11
14,73,81.48
14,74,92.03
14,75,80.69
14,76,75.12
14,77,22.07
14,78,87.0
14,79,69.2
14,80,39.57
14,81,62.07
14,82,45.28
14,83,11.83
14,84,83.85
14,85,46.33
14,86,87.83
14,87,36.96
14,88,66.03
14,89,89.76
14,90,38.53
14,91,23.71
14,92,91.27
14,93,84.62
14,94,91.39
14,95,78.6
14,96,89.71
14,97,84.64
14,98,79.1
14,99,62.04
14,100,83.62
15,1,8.4
15,2,0.69
15,3,0.0
15,4,0.0
15,5,4.15
15,6,88.89
15,7,7.42
15,8,5.65
15,9,9.79
15,10,0.0
15,11,57.27
15,12,3.14
15,13,55.96
15,14,66.84
15,15,37.38
15,16,82.09
15,17,45.85
15,18,77.58
15,19,14.24
15,20,62.04
15,21,43.2
15,22,2.13
15,23,62.07
15,24,12.01
15,25,96.64
15,26,67.21
15,27,13.87
15,28,89.95
15,29,95.48
15,30,98.38
15,31,83.22
15,32,83.85
15,33,3.33
15,34,99.81
15,35,99.22
15,36,81.63
15,37,81.63
15,38,81.63
15,39,45.73
15,40,91.19
15,41,87.59
15,42,99.98
15,43,60.29
15,44,44.47
15,45,19.13
15,46,88.82
15,47,50.74
15,48,96.38
15,49,30.17
15,50,62.33
15,51,84.67
15,52,63.2
15,53,98.49
15,54,74.3
15,55,92.19
15,56,84.49
15,57,84.03
15,58,100.0
15,59,68.17
15,60,80.86
15,61,78.19
15,62,48.34
15,63,37.37
15,64,61.09
15,65,87.0
15,66,84.48
15,67,58.4
15,68,77.01
15,69,100.0
15,70,80.69
15,71,84.81
15,72,31.85
15,73,76.63
15,74,19.64
15,75,91.11
15,76,83.83
15,77,67.17
15,78,6.23
15,79,82.33
15,80,50.7
15,81,56.14
15,82,0.0
15,83,75.39
15,84,79.1
15,85,62.73
15,86,65.37
15,87,43.76
15,88,56.57
15,89,68.71
15,90,50.75
15,91,10.25
15,92,89.76
15,93,83.25
15,94,78.93
15,95,39.57
15,96,82.28
15,97,51.83
15,98,65.32
15,99,52.56
15,100,52.08
16,1,0.0
16,2,39.86
16,3,0.0
16,4,0.0
16,5,21.88
16,6,28.74
16,7,50.55
16,8,38.44
16,9,12.07
16,10,0.0
16,11,29.57
16,12,17.0
16,13,6.2
16,14,43.05
16,15,64.48
16,16,28.17
16,17,58.13
16,18,38.63
16,19,4.02
16,20,45.37
16,21,3.25
16,22,20.95
16,23,31.53
16,24,77.52
16,25,49.09
16,26,76.85
16,27,50.74
16,28,75.46
16,29,33.69
16,30,80.65
16,31,70.51
16,32,36.73
16,33,69.2
16,34,80.86
16,35,71.81
16,36,67.57
16,37,76.66
16,38,76.66
16,39,50.75
16,40,60.29
16,41,12.19
16,42,27.8
16,43,96.64
16,44,0.0
16,45,26.39
16,46,83.22
16,47,83.22
16,48,67.21
16,49,89.95
16,50,98.38
16,51,95.48
16,52,9.35
16,53,3.96
16,54,99.81
16,55,92.19
16,56,87.59
16,57,87.59
16,58,92.03
16,59,98.49
16,60,99.22
16,61,89.76
16,62,81.63
16,63,81.63
16,64,100.0
16,65,100.0
16,66,83.25
16,67,91.11
16,68,91.11
16,69,91.11
16,70,43.84
16,71,83.85
16,72,83.85
16,73,90.39
16,74,0.97
16,75,38.53
16,76,5.38
16,77,61.67
16,78,91.39
16,79,91.06
16,80,31.66
16,81,28.36
16,82,84.67
16,83,6.23
16,84,8.61
16,85,0.0
16,86,77.58
16,87,60.68
16,88,48.86
16,89,84.49
16,90,78.6
16,91,66.9
16,92,84.48
16,93,80.39
16,94,48.34
16,95,15.73
16,96,89.17
16,97,0.0
16,98,82.28
16,99,76.24
16,100,85.21
17,1,0.0
17,2,84.17
17,3,21.5
17,4,21.65
17,5,89.14
17,6,27.8
17,7,2.72
17,8,3.77
17,9,8.9
17,10,36.32
17,11,66.03
17,12,84.67
17,13,32.21
17,14,99.22
17,15,2.79
17,16,38.8
17,17,98.38
17,18,39.57
17,19,99.98
17,20,91.19
17,21,96.64
17,22,92.19
17,23,80.86
17,24,62.33
17,25,60.29
17,26,38.79
17,27,95.48
17,28,50.74
17,29,99.81
17,30,71.81
17,31,89.17
17,32,84.49
17,33,83.22
17,34,87.59
17,35,81.63
17,36,78.19
17,37,48.34
17,38,70.8
17,39,98.49
17,40,14.06
17,41,45.85
17,42,88.41
17,43,0.0
17,44,80.65
17,45,44.47
17,46,7.02
17,47,0.51
17,48,87.0
17,49,100.0
17,50,2.33
17,51,7.43
17,52,83.85
17,53,21.88
17,54,61.09
17,55,100.0
17,56,77.58
17,57,84.48
17,58,96.38
17,59,80.69
17,60,74.3
17,61,87.83
17,62,84.81
17,63,84.62
17,64,89.95
17,65,53.02
17,66,79.1
17,67,78.6
17,68,62.04
17,69,81.48
17,70,92.03
17,71,79.33
17,72,61.0
17,73,77.01
17,74,82.13
17,75,78.93
17,76,51.83
17,77,91.11
17,78,63.2
17,79,32.04
17,80,53.11
17,81,86.37
17,82,11.83
17,83,89.76
17,84,62.32
17,85,69.2
17,86,69.11
17,87,0.0
17,88,0.0
17,89,91.06
17,90,22.07
17,91,83.83
17,92,67.17
17,93,72.9
17,94,53.43
17,95,76.63
17,96,30.21
17,97,80.39
17,98,83.25
17,99,82.33
17,100,67.21
18,1,0.0
18,2,0.78
18,3,34.45
18,4,0.0
18,5,0.0
18,6,62.07
18,7,33.95
18,8,28.36
18,9,68.31
18,10,13.33
18,11,38.48
18,12,22.87
18,13,39.32
18,14,84.49
18,15,48.34
18,16,86.14
18,17,7.43
18,18,32.21
18,19,18.61
18,20,99.22
18,21,38.8
18,22,43.84
18,23,98.38
18,24,99.81
18,25,91.19
18,26,89.95
18,27,92.19
18,28,80.65
18,29,52.47
18,30,44.47
18,31,77.01
18,32,81.63
18,33,96.64
18,34,80.86
18,35,99.98
18,36,70.8
18,37,83.22
18,38,88.82
18,39,74.3
18,40,71.81
18,41,87.59
18,42,24.55
18,43,78.93
18,44,2.79
18,45,53.02
18,46,84.48
18,47,84.67
18,48,78.19
18,49,68.17
18,50,3.04
18,51,45.85
18,52,79.1
18,53,19.64
18,54,98.49
18,55,96.38
18,56,38.79
18,57,38.79
18,58,58.4
18,59,52.23
18,60,80.69
18,61,89.76
18,62,82.33
18,63,87.0
18,64,100.0
18,65,62.33
18,66,0.0
18,67,78.6
18,68,91.11
18,69,83.85
18,70,11.77
18,71,71.43
18,72,30.03
18,73,100.0
18,74,50.75
18,75,52.08
18,76,82.28
18,77,66.27
18,78,61.67
18,79,83.25
18,80,53.52
18,81,8.5
18,82,60.68
18,83,8.61
18,84,83.62
18,85,50.74
18,86,89.17
18,87,80.39
18,88,67.21
18,89,64.12
18,90,78.6
18,91,87.83
18,92,79.33
18,93,1.12
18,94,90.39
18,95,31.58
18,96,23.71
18,97,77.58
18,98,91.06
18,99,89.14
18,100,36.29
19,1,60.68
19,2,20.73
19,3,29.56
19,4,8.98
19,5,0.0
19,6,40.02
19,7,62.07
19,8,25.35
19,9,31.55
19,10,84.49
19,11,79.33
19,12,88.41
19,13,18.61
19,14,48.34
19,15,99.22
19,16,38.8
19,17,96.64
19,18,50.74
19,19,92.19
19,20,62.33
19,21,89.71
19,22,78.6
19,23,95.48
19,24,98.38
19,25,99.81
19,26,36.96
19,27,45.85
19,28,91.27
19,29,6.18
19,30,89.95
19,31,1.68
19,32,58.4
19,33,18.16
19,34,81.48
19,35,78.93
19,36,40.47
19,37,82.13
19,38,37.37
19,39,85.21
19,40,31.43
19,41,55.4
19,42,89.17
19,43,5.16
19,44,52.08
19,45,5.65
19,46,79.1
19,47,87.0
19,48,100.0
19,49,68.17
19,50,26.69
19,51,23.71
19,52,91.11
19,53,91.06
19,54,84.03
19,55,98.49
19,56,83.22
19,57,0.0
19,58,44.4
19,59,22.65
19,60,60.29
19,61,12.19
19,62,84.62
19,63,87.59
19,64,21.88
19,65,53.52
19,66,72.21
19,67,70.8
19,68,89.76
19,69,81.63
19,70,81.63
19,71,84.48
19,72,78.19
19,73,6.23
19,74,92.03
19,75,14.29
19,76,72.9
19,77,75.39
19,78,83.85
19,79,4.16
19,80,30.17
19,81,71.43
19,82,21.65
19,83,89.14
19,84,19.99
19,85,44.47
19,86,45.62
19,87,7.65
19,88,78.44
19,89,0.0
19,90,87.62
19,91,68.31
19,92,90.39
19,93,46.42
19,94,9.14
19,95,11.68
19,96,0.0
19,97,63.61
19,98,13.72
19,99,83.62
19,100,61.09
20,1,6.69
20,2,16.64
20,3,0.0
20,4,0.0
20,5,22.22
20,6,25.67
20,7,5.65
20,8,39.2
20,9,3.18
20,10,11.49
20,11,42.63
20,12,3.33
20,13,58.13
20,14,18.19
20,15,71.81
20,16,37.4
20,17,83.85
20,18,88.82
20,19,75.46
20,20,80.65
20,21,96.64
20,22,89.95
20,23,95.48
20,24,38.65
20,25,99.22
20,26,81.63
20,27,62.04
20,28,76.66
20,29,100.0
20,30,98.38
20,31,83.22
20,32,83.22
20,33,91.39
20,34,87.0
20,35,99.81
20,36,84.49
20,37,87.59
20,38,43.84
20,39,98.49
20,40,53.11
20,41,62.07
20,42,89.76
20,43,90.39
20,44,100.0
20,45,96.38
20,46,84.48
20,47,83.25
20,48,91.11
20,49,82.33
20,50,69.2
20,51,48.86
20,52,32.21
20,53,78.19
20,54,77.01
20,55,52.56
20,56,11.19
20,57,66.27
20,58,79.1
20,59,2.33
20,60,2.79
20,61,84.62
20,62,51.83
20,63,6.23
20,64,92.19
20,65,99.98
20,66,79.76
20,67,76.63
20,68,80.69
20,69,68.17
20,70,91.19
20,71,0.0
20,72,40.06
20,73,68.31
20,74,60.29
20,75,44.47
20,76,54.52
20,77,71.11
20,78,71.43
20,79,91.06
20,80,50.74
20,81,80.38
20,82,50.75
20,83,53.52
20,84,32.43
20,85,80.86
20,86,31.13
20,87,88.41
20,88,78.6
20,89,92.03
20,90,74.3
20,91,84.64
20,92,84.67
20,93,78.44
20,94,31.43
20,95,53.02
20,96,84.81
20,97,59.68
20,98,58.4
20,99,48.34
20,100,34.6
21,1,29.16
21,2,27.93
21,3,4.33
21,4,87.59
21,5,11.07
21,6,62.75
21,7,76.66
21,8,33.69
21,9,20.67
21,10,99.22
21,11,95.48
21,12,98.38
21,13,74.3
21,14,92.19
21,15,99.98
21,16,8.82
21,17,96.38
21,18,3.04
21,19,27.41
21,20,71.81
21,21,7.43
21,22,50.74
21,23,43.84
21,24,2.33
21,25,2.79
21,26,83.22
21,27,81.63
21,28,96.64
21,29,92.03
21,30,80.86
21,31,83.85
21,32,21.65
21,33,19.99
21,34,99.81
21,35,80.65
21,36,89.95
21,37,98.49
21,38,100.0
21,39,100.0
21,40,91.19
21,41,89.76
21,42,89.76
21,43,83.25
21,44,91.11
21,45,87.0
21,46,53.52
21,47,50.69
21,48,80.69
21,49,60.29
21,50,44.47
21,51,0.0
21,52,67.21
21,53,91.06
21,54,2.9
21,55,53.61
21,56,31.85
21,57,0.0
21,58,70.8
21,59,53.25
21,60,11.49
21,61,84.62
21,62,78.19
21,63,84.49
21,64,6.23
21,65,44.25
21,66,88.41
21,67,84.48
21,68,19.64
21,69,77.01
21,70,11.83
21,71,89.17
21,72,72.89
21,73,66.03
21,74,51.83
21,75,84.67
21,76,77.58
21,77,86.14
21,78,48.86
21,79,78.6
21,80,34.6
21,81,79.33
21,82,0.0
21,83,71.43
21,84,61.67
21,85,5.16
21,86,54.41
21,87,76.63
21,88,80.39
21,89,82.33
21,90,78.93
21,91,48.34
21,92,62.04
21,93,59.82
21,94,68.17
21,95,53.02
21,96,53.46
21,97,84.64
21,98,72.21
21,99,82.21
21,100,75.39
22,1,47.03
22,2,0.0
22,3,0.0
22,4,0.0
22,5,20.95
22,6,3.6
22,7,31.18
22,8,5.62
22,9,72.24
22,10,30.41
22,11,7.12
22,12,3.77
22,13,3.79
22,14,85.21
22,15,39.57
22,16,51.83
22,17,84.67
22,18,89.14
22,19,36.97
22,20,52.08
22,21,77.58
22,22,38.48
22,23,38.79
22,24,4.3
22,25,11.91
22,26,88.89
22,27,78.6
22,28,75.12
22,29,75.12
22,30,75.12
22,31,82.09
22,32,61.86
22,33,76.59
22,34,77.01
22,35,61.67
22,36,43.22
22,37,84.49
22,38,71.43
22,39,25.45
22,40,80.86
22,41,6.23
22,42,98.38
22,43,80.65
22,44,99.98
22,45,52.47
22,46,95.48
22,47,99.81
22,48,99.22
22,49,99.22
22,50,92.19
22,51,81.63
22,52,88.82
22,53,96.64
22,54,89.95
22,55,71.81
22,56,55.96
22,57,83.22
22,58,83.22
22,59,83.22
22,60,21.88
22,61,87.59
22,62,92.03
22,63,96.38
22,64,44.47
22,65,91.19
22,66,80.39
22,67,19.64
22,68,50.74
22,69,100.0
22,70,80.69
22,71,5.95
22,72,62.73
22,73,43.84
22,74,87.0
22,75,98.49
22,76,45.01
22,77,7.65
22,78,87.62
22,79,100.0
22,80,14.06
22,81,91.11
22,82,82.33
22,83,62.04
22,84,3.33
22,85,69.2
22,86,45.85
22,87,84.62
22,88,89.76
22,89,91.06
22,90,46.42
22,91,75.39
22,92,83.25
22,93,83.85
22,94,91.39
22,95,60.29
22,96,6.22
22,97,75.4
22,98,76.63
22,99,14.53
22,100,9.35
23,1,62.6
23,2,0.0
23,3,43.79
23,4,28.9
23,5,26.48
23,6,12.23
23,7,7.84
23,8,7.65
23,9,22.08
23,10,81.48
23,11,89.14
23,12,23.23
23,13,2.45
23,14,11.77
23,15,5.65
23,16,75.12
23,17,72.24
23,18,82.13
23,19,78.6
23,20,22.07
23,21,1.68
23,22,89.71
23,23,88.41
23,24,83.62
23,25,52.08
23,26,45.85
23,27,77.58
23,28,91.27
23,29,78.19
23,30,18.16
23,31,46.46
23,32,62.07
23,33,84.64
23,34,84.49
23,35,50.7
23,36,89.17
23,37,1.62
23,38,38.48
23,39,12.19
23,40,79.1
23,41,54.52
23,42,86.14
23,43,26.56
23,44,95.48
23,45,78.93
23,46,43.2
23,47,89.95
23,48,92.03
23,49,59.82
23,50,99.22
23,51,96.64
23,52,100.0
23,53,99.81
23,54,92.19
23,55,26.69
23,56,91.39
23,57,5.4
23,58,98.49
23,59,100.0
23,60,98.38
23,61,0.0
23,62,91.06
23,63,4.66
23,64,84.03
23,65,80.86
23,66,16.77
23,67,46.42
23,68,23.23
23,69,80.65
23,70,60.29
23,71,88.89
23,72,81.63
23,73,87.62
23,74,52.23
23,75,99.98
23,76,18.38
23,77,89.76
23,78,83.22
23,79,50.74
23,80,96.38
23,81,84.48
23,82,76.59
23,83,91.11
23,84,87.59
23,85,80.69
23,86,68.71
23,87,45.28
23,88,83.25
23,89,19.99
23,90,62.33
23,91,60.68
23,92,84.67
23,93,61.09
23,94,2.78
23,95,44.47
23,96,53.46
23,97,76.24
23,98,83.85
23,99,53.52
23,100,49.48
24,1,6.0
24,2,29.14
24,3,29.51
24,4,9.96
24,5,0.0
24,6,0.0
24,7,0.0
24,8,83.62
24,9,0.0
24,10,16.07
24,11,62.04
24,12,50.7
24,13,14.81
24,14,9.88
24,15,37.37
24,16,91.27
24,17,26.56
24,18,89.95
24,19,2.15
24,20,78.6
24,21,87.32
24,22,63.61
24,23,79.1
24,24,98.49
24,25,99.22
24,26,62.75
24,27,95.48
24,28,100.0
24,29,98.38
24,30,92.19
24,31,45.85
24,32,84.64
24,33,87.0
24,34,100.0
24,35,99.81
24,36,84.49
24,37,83.25
24,38,91.11
24,39,96.64
24,40,62.33
24,41,77.58
24,42,86.14
24,43,80.39
24,44,83.22
24,45,81.63
24,46,40.06
24,47,84.62
24,48,87.59
24,49,83.85
24,50,80.65
24,51,81.66
24,52,19.64
24,53,96.38
24,54,53.52
24,55,80.86
24,56,32.5
24,57,70.8
24,58,63.2
24,59,80.69
24,60,99.98
24,61,89.17
24,62,72.21
24,63,0.51
24,64,88.82
24,65,88.82
24,66,53.43
24,67,84.48
24,68,48.91
24,69,84.03
24,70,91.19
24,71,52.77
24,72,45.28
24,73,43.84
24,74,60.29
24,75,44.47
24,76,89.76
24,77,89.76
24,78,91.06
24,79,67.85
24,80,50.75
24,81,88.41
24,82,48.86
24,83,6.23
24,84,11.77
24,85,78.93
24,86,82.21
24,87,76.63
24,88,71.43
24,89,31.58
24,90,52.56
24,91,53.46
24,92,62.07
24,93,26.97
24,94,32.68
24,95,0.81
24,96,79.33
24,97,0.0
24,98,78.6
24,99,71.81
24,100,45.73
25,1,0.0
25,2,0.0
25,3,0.0
25,4,0.0
25,5,30.17
25,6,37.93
25,7,12.14
25,8,40.04
25,9,68.17
25,10,3.04
25,11,50.7
25,12,31.66
25,13,100.0
25,14,78.93
25,15,14.29
25,16,65.32
25,17,28.9
25,18,99.81
25,19,99.22
25,20,71.81
25,21,0.89
25,22,83.85
25,23,92.19
25,24,92.19
25,25,92.19
25,26,79.1
25,27,98.49
25,28,100.0
25,29,32.43
25,30,80.69
25,31,66.27
25,32,0.0
25,33,80.39
25,34,96.38
25,35,44.47
25,36,60.68
25,37,0.0
25,38,84.49
25,39,67.85
25,40,63.2
25,41,38.48
25,42,84.67
25,43,19.64
25,44,83.25
25,45,99.98
25,46,38.79
25,47,51.83
25,48,84.03
25,49,80.86
25,50,62.33
25,51,89.71
25,52,58.4
25,53,87.59
25,54,98.38
25,55,74.3
25,56,91.27
25,57,84.48
25,58,96.64
25,59,52.08
25,60,39.57
25,61,77.58
25,62,48.86
25,63,83.22
25,64,6.77
25,65,60.29
25,66,11.91
25,67,89.76
25,68,81.63
25,69,88.82
25,70,61.09
25,71,12.44
25,72,91.11
25,73,72.24
25,74,50.75
25,75,53.52
25,76,78.19
25,77,3.06
25,78,7.12
25,79,89.14
25,80,91.19
25,81,88.89
25,82,87.62
25,83,21.88
25,84,85.21
25,85,6.48
25,86,68.71
25,87,8.52
25,88,76.59
25,89,12.01
25,90,63.88
25,91,3.14
25,92,55.96
25,93,61.67
25,94,76.66
25,95,36.46
25,96,66.84
25,97,61.86
25,98,2.59
25,99,1.89
25,100,70.8
26,1,87.83
26,2,5.41
26,3,29.85
26,4,20.63
26,5,56.45
26,6,52.77
26,7,53.43
26,8,89.71
26,9,78.6
26,10,2.79
26,11,45.85
26,12,91.27
26,13,3.51
26,14,31.85
26,15,12.34
26,16,77.58
26,17,29.51
26,18,83.62
26,19,82.13
26,20,89.95
26,21,88.41
26,22,81.48
26,23,95.48
26,24,77.52
26,25,20.51
26,26,81.63
26,27,38.8
26,28,96.64
26,29,78.6
26,30,92.03
26,31,84.64
26,32,26.97
26,33,48.34
26,34,76.66
26,35,31.14
26,36,47.3
26,37,62.07
26,38,1.68
26,39,72.21
26,40,83.22
26,41,40.47
26,42,46.33
26,43,89.14
26,44,18.16
26,45,31.53
26,46,89.17
26,47,67.21
26,48,22.07
26,49,5.16
26,50,85.21
26,51,79.1
26,52,84.49
26,53,62.04
26,54,16.77
26,55,75.46
26,56,91.06
26,57,50.74
26,58,2.49
26,59,78.93
26,60,92.19
26,61,1.76
26,62,83.85
26,63,43.22
26,64,19.71
26,65,5.4
26,66,59.68
26,67,31.51
26,68,90.39
26,69,100.0
26,70,99.81
26,71,91.11
26,72,87.59
26,73,87.59
26,74,84.03
26,75,98.49
26,76,0.0
26,77,25.35
26,78,18.38
26,79,15.92
26,80,61.09
26,81,0.0
26,82,48.86
26,83,87.62
26,84,18.19
26,85,68.17
26,86,62.34
26,87,9.46
26,88,78.19
26,89,24.09
26,90,11.68
26,91,27.79
26,92,75.4
26,93,89.76
26,94,100.0
26,95,69.2
26,96,30.83
26,97,83.25
26,98,72.24
26,99,91.39
26,100,50.75
27,1,0.26
27,2,22.3
27,3,73.93
27,4,7.03
27,5,0.0
27,6,40.02
27,7,39.32
27,8,28.36
27,9,80.39
27,10,59.05
27,11,60.68
27,12,27.79
27,13,45.01
27,14,71.43
27,15,62.15
27,16,0.0
27,17,2.77
27,18,48.91
27,19,80.65
27,20,26.48
27,21,77.52
27,22,52.23
27,23,99.81
27,24,71.81
27,25,44.47
27,26,89.95
27,27,98.49
27,28,98.38
27,29,99.22
27,30,92.19
27,31,83.22
27,32,81.63
27,33,87.0
27,34,100.0
27,35,61.33
27,36,62.07
27,37,89.76
27,38,87.59
27,39,43.84
27,40,99.98
27,41,82.28
27,42,84.49
27,43,100.0
27,44,96.38
27,45,80.86
27,46,84.62
27,47,84.67
27,48,91.11
27,49,69.2
27,50,50.69
27,51,75.39
27,52,48.34
27,53,77.01
27,54,67.85
27,55,28.37
27,56,84.48
27,57,29.56
27,58,70.8
27,59,92.03
27,60,53.52
27,61,48.86
27,62,81.66
27,63,83.85
27,64,88.82
27,65,26.69
27,66,73.33
27,67,6.4
27,68,76.63
27,69,78.6
27,70,83.25
27,71,72.89
27,72,32.68
27,73,30.03
27,74,2.9
27,75,14.06
27,76,76.24
27,77,91.06
27,78,0.0
27,79,50.75
27,80,30.17
27,81,51.83
27,82,6.23
27,83,61.67
27,84,90.39
27,85,37.37
27,86,82.21
27,87,66.27
27,88,53.49
27,89,80.69
27,90,91.19
27,91,0.0
27,92,71.11
27,93,19.64
27,94,34.6
27,95,78.93
27,96,61.71
27,97,34.45
27,98,64.46
27,99,52.08
27,100,23.8
28,1,61.94
28,2,5.77
28,3,0.0
28,4,66.27
28,5,22.92
28,6,5.67
28,7,0.0
28,8,7.43
28,9,3.38
28,10,74.3
28,11,18.38
28,12,62.04
28,13,12.14
28,14,37.37
28,15,68.17
28,16,38.79
28,17,51.83
28,18,58.4
28,19,78.93
28,20,99.22
28,21,95.48
28,22,100.0
28,23,98.38
28,24,99.81
28,25,92.19
28,26,84.49
28,27,89.95
28,28,43.84
28,29,87.0
28,30,98.49
28,31,82.28
28,32,80.39
28,33,0.51
28,34,91.39
28,35,100.0
28,36,30.21
28,37,84.48
28,38,84.67
28,39,91.11
28,40,44.47
28,41,48.86
28,42,71.43
28,43,81.63
28,44,96.64
28,45,22.88
28,46,70.8
28,47,89.76
28,48,89.76
28,49,83.22
28,50,83.22
28,51,83.25
28,52,87.59
28,53,69.2
28,54,53.11
28,55,99.98
28,56,77.01
28,57,88.82
28,58,80.86
28,59,80.65
28,60,71.81
28,61,66.9
28,62,83.85
28,63,3.04
28,64,91.06
28,65,96.38
28,66,24.56
28,67,0.0
28,68,82.33
28,69,53.52
28,70,80.69
28,71,88.41
28,72,34.45
28,73,79.1
28,74,6.23
28,75,50.74
28,76,62.07
28,77,15.64
28,78,67.21
28,79,50.75
28,80,53.02
28,81,89.71
28,82,48.34
28,83,90.39
28,84,82.13
28,85,91.19
28,86,7.12
28,87,22.07
28,88,16.07
28,89,85.21
28,90,13.33
28,91,91.27
28,92,78.19
28,93,89.14
28,94,43.12
28,95,39.57
28,96,63.61
28,97,16.39
28,98,18.38
28,99,78.6
28,100,83.62
29,1,0.0
29,2,52.22
29,3,44.22
29,4,4.92
29,5,80.86
29,6,77.52
29,7,46.42
29,8,20.72
29,9,49.48
29,10,71.81
29,11,71.43
29,12,6.1
29,13,17.45
29,14,50.74
29,15,52.23
29,16,62.15
29,17,99.81
29,18,80.65
29,19,80.65
29,20,44.47
29,21,45.01
29,22,89.95
29,23,98.49
29,24,98.38
29,25,92.19
29,26,60.68
29,27,84.67
29,28,0.89
29,29,100.0
29,30,99.22
29,31,84.49
29,32,87.59
29,33,87.0
29,34,100.0
29,35,2.78
29,36,38.48
29,37,80.39
29,38,91.11
29,39,84.03
29,40,40.04
29,41,7.74
29,42,84.62
29,43,76.24
29,44,89.76
29,45,62.33
29,46,82.21
29,47,40.06
29,48,78.6
29,49,77.01
29,50,14.81
29,51,80.77
29,52,86.14
29,53,32.5
29,54,66.03
29,55,43.84
29,56,89.17
29,57,84.48
29,58,81.66
29,59,0.97
29,60,22.88
29,61,44.48
29,62,70.8
29,63,83.22
29,64,81.63
29,65,40.26
29,66,79.33
29,67,7.02
29,68,45.62
29,69,0.0
29,70,31.66
29,71,67.17
29,72,61.71
29,73,72.89
29,74,83.25
29,75,96.38
29,76,87.83
29,77,8.82
29,78,92.03
29,79,53.52
29,80,99.98
29,81,5.38
29,82,61.09
29,83,80.69
29,84,74.3
29,85,91.19
29,86,0.0
29,87,44.25
29,88,52.56
29,89,52.08
29,90,53.02
29,91,55.4
29,92,38.79
29,93,48.86
29,94,75.39
29,95,53.49
29,96,31.13
29,97,28.53
29,98,66.27
29,99,78.19
29,100,30.17
30,1,0.0
30,2,0.0
30,3,0.0
30,4,25.64
30,5,76.34
30,6,0.0
30,7,3.06
30,8,13.52
30,9,0.93
30,10,61.33
30,11,24.11
30,12,58.4
30,13,43.12
30,14,99.81
30,15,0.0
30,16,62.75
30,17,98.38
30,18,92.19
30,19,80.65
30,20,45.73
30,21,83.22
30,22,28.9
30,23,61.09
30,24,99.22
30,25,80.86
30,26,81.63
30,27,89.95
30,28,98.49
30,29,74.3
30,30,99.98
30,31,32.21
30,32,100.0
30,33,96.38
30,34,49.48
30,35,71.81
30,36,89.76
30,37,91.11
30,38,100.0
30,39,69.2
30,40,36.46
30,41,84.49
30,42,62.04
30,43,52.56
30,44,78.93
30,45,91.19
30,46,40.06
30,47,84.67
30,48,80.39
30,49,77.01
30,50,80.69
30,51,77.58
30,52,6.23
30,53,61.67
30,54,87.0
30,55,44.47
30,56,7.43
30,57,19.64
30,58,67.85
30,59,50.69
30,60,7.5
30,61,27.8
30,62,50.7
30,63,27.88
30,64,31.43
30,65,4.87
30,66,71.11
30,67,87.59
30,68,2.9
30,69,72.45
30,70,11.99
30,71,91.27
30,72,28.53
30,73,2.58
30,74,83.25
30,75,88.82
30,76,63.61
30,77,45.85
30,78,79.1
30,79,59.82
30,80,64.46
30,81,2.44
30,82,48.86
30,83,24.8
30,84,78.6
30,85,60.29
30,86,88.41
30,87,48.34
30,88,59.83
30,89,52.08
30,90,20.72
30,91,83.62
30,92,92.03
30,93,25.45
30,94,18.93
30,95,53.52
30,96,2.82
30,97,62.07
30,98,84.62
30,99,83.85
30,100,50.75
31,1,64.48
31,2,0.0
31,3,16.44
31,4,37.3
31,5,22.88
31,6,6.57
31,7,11.5
31,8,0.0
31,9,23.51
31,10,0.0
31,11,29.57
31,12,25.62
31,13,12.07
31,14,69.03
31,15,12.14
31,16,54.26
31,17,28.02
31,18,20.6
31,19,99.98
31,20,13.33
31,21,50.74
31,22,96.38
31,23,80.86
31,24,80.65
31,25,91.19
31,26,77.01
31,27,36.73
31,28,80.69
31,29,71.81
31,30,44.47
31,31,71.43
31,32,0.0
31,33,1.89
31,34,70.8
31,35,30.17
31,36,56.57
31,37,0.0
31,38,84.49
31,39,8.82
31,40,78.44
31,41,88.41
31,42,84.67
31,43,48.34
31,44,6.23
31,45,99.22
31,46,31.51
31,47,81.63
31,48,100.0
31,49,50.75
31,50,98.38
31,51,84.81
31,52,77.58
31,53,83.25
31,54,98.49
31,55,60.29
31,56,80.39
31,57,89.76
31,58,87.0
31,59,99.81
31,60,92.19
31,61,87.59
31,62,43.84
31,63,100.0
31,64,78.93
31,65,40.26
31,66,89.17
31,67,79.1
31,68,91.11
31,69,62.04
31,70,64.46
31,71,82.28
31,72,66.27
31,73,2.64
31,74,0.0
31,75,74.3
31,76,65.37
31,77,63.61
31,78,61.0
31,79,84.48
31,80,78.19
31,81,89.71
31,82,51.83
31,83,58.4
31,84,52.08
31,85,68.17
31,86,91.27
31,87,11.83
31,88,83.22
31,89,44.25
31,90,83.62
31,91,84.64
31,92,58.48
31,93,2.77
31,94,22.3
31,95,11.49
31,96,79.33
31,97,2.52
31,98,83.85
31,99,5.38
31,100,50.7
32,1,0.0
32,2,0.0
32,3,0.0
32,4,0.0
32,5,0.0
32,6,55.96
32,7,11.5
32,8,0.0
32,9,78.93
32,10,99.98
32,11,57.85
32,12,99.22
32,13,80.86
32,14,80.65
32,15,71.81
32,16,95.48
32,17,99.81
32,18,74.3
32,19,62.33
32,20,91.19
32,21,89.95
32,22,98.49
32,23,98.38
32,24,92.19
32,25,44.47
32,26,7.43
32,27,31.66
32,28,87.0
32,29,100.0
32,30,3.04
32,31,80.39
32,32,8.82
32,33,81.63
32,34,50.74
32,35,84.03
32,36,88.41
32,37,79.1
32,38,61.09
32,39,43.84
32,40,63.2
32,41,84.67
32,42,83.22
32,43,91.06
32,44,100.0
32,45,100.0
32,46,40.06
32,47,0.0
32,48,84.49
32,49,91.11
32,50,2.64
32,51,78.19
32,52,89.76
32,53,87.59
32,54,96.38
32,55,80.69
32,56,77.58
32,57,84.64
32,58,70.8
32,59,50.75
32,60,53.52
32,61,45.85
32,62,45.28
32,63,77.01
32,64,83.25
32,65,50.7
32,66,62.07
32,67,58.4
32,68,71.43
32,69,6.23
32,70,83.85
32,71,91.27
32,72,89.71
32,73,0.0
32,74,78.6
32,75,31.58
32,76,12.23
32,77,63.61
32,78,3.07
32,79,45.62
32,80,11.83
32,81,35.61
32,82,48.34
32,83,90.39
32,84,82.13
32,85,52.08
32,86,89.14
32,87,22.07
32,88,11.68
32,89,39.57
32,90,20.51
32,91,89.17
32,92,65.32
32,93,83.62
32,94,81.48
32,95,5.16
32,96,65.37
32,97,87.62
32,98,67.21
32,99,44.25
32,100,78.6
33,1,0.0
33,2,48.34
33,3,4.61
33,4,0.0
33,5,0.0
33,6,23.71
33,7,75.4
33,8,84.67
33,9,59.05
33,10,5.65
33,11,33.95
33,12,25.35
33,13,78.6
33,14,77.01
33,15,61.67
33,16,43.22
33,17,25.77
33,18,8.82
33,19,78.44
33,20,99.98
33,21,63.2
33,22,99.22
33,23,80.86
33,24,71.81
33,25,91.19
33,26,81.63
33,27,88.82
33,28,98.38
33,29,99.81
33,30,62.33
33,31,98.49
33,32,52.08
33,33,92.19
33,34,80.65
33,35,44.47
33,36,11.91
33,37,51.83
33,38,87.59
33,39,87.0
33,40,14.06
33,41,6.1
33,42,61.09
33,43,100.0
33,44,49.48
33,45,53.61
33,46,83.22
33,47,40.04
33,48,100.0
33,49,96.38
33,50,80.69
33,51,84.62
33,52,73.93
33,53,91.11
33,54,31.66
33,55,53.52
33,56,31.85
33,57,84.48
33,58,79.76
33,59,76.63
33,60,83.25
33,61,48.86
33,62,80.39
33,63,84.49
33,64,25.45
33,65,84.03
33,66,71.43
33,67,6.23
33,68,59.82
33,69,43.84
33,70,23.8
33,71,21.5
33,72,46.57
33,73,89.76
33,74,22.88
33,75,21.09
33,76,0.0
33,77,11.83
33,78,83.85
33,79,3.38
33,80,69.2
33,81,82.28
33,82,82.33
33,83,52.56
33,84,50.75
33,85,14.19
33,86,0.0
33,87,71.11
33,88,73.33
33,89,65.32
33,90,13.02
33,91,28.53
33,92,2.58
33,93,34.45
33,94,68.31
33,95,64.46
33,96,0.66
33,97,70.8
33,98,50.69
33,99,68.17
33,100,22.22
34,1,0.0
34,2,0.0
34,3,0.0
34,4,82.28
34,5,85.21
34,6,61.67
34,7,20.5
34,8,22.07
34,9,9.96
34,10,4.87
34,11,38.79
34,12,32.68
34,13,48.34
34,14,71.43
34,15,98.38
34,16,96.64
34,17,99.81
34,18,99.22
34,19,80.86
34,20,60.29
34,21,62.75
34,22,95.48
34,23,52.08
34,24,92.19
34,25,80.65
34,26,5.95
34,27,80.39
34,28,89.95
34,29,100.0
34,30,45.73
34,31,45.01
34,32,79.1
34,33,62.15
34,34,87.0
34,35,99.98
34,36,78.19
34,37,12.34
34,38,50.74
34,39,96.38
34,40,71.81
34,41,83.25
34,42,83.22
34,43,81.63
34,44,81.63
34,45,2.64
34,46,91.27
34,47,62.07
34,48,83.62
34,49,92.03
34,50,98.49
34,51,38.78
34,52,45.85
34,53,89.71
34,54,84.64
34,55,78.6
34,56,6.18
34,57,9.88
34,58,43.84
34,59,100.0
34,60,78.93
34,61,89.76
34,62,91.11
34,63,87.59
34,64,50.75
34,65,69.2
34,66,84.62
34,67,84.67
34,68,83.85
34,69,46.33
34,70,80.69
34,71,86.46
34,72,77.01
34,73,67.21
34,74,91.06
34,75,63.88
34,76,53.46
34,77,72.89
34,78,84.48
34,79,76.63
34,80,43.12
34,81,89.17
34,82,84.49
34,83,78.6
34,84,6.23
34,85,91.19
34,86,52.77
34,87,55.4
34,88,14.68
34,89,19.28
34,90,20.72
34,91,88.41
34,92,66.03
34,93,73.33
34,94,58.4
34,95,89.14
34,96,35.61
34,97,22.08
34,98,81.48
34,99,52.56
34,100,30.17
35,1,0.0
35,2,44.16
35,3,21.34
35,4,11.0
35,5,0.0
35,6,43.05
35,7,6.26
35,8,13.85
35,9,25.77
35,10,10.77
35,11,29.85
35,12,38.44
35,13,26.52
35,14,49.57
35,15,26.39
35,16,36.18
35,17,18.89
35,18,29.39
35,19,43.9
35,20,17.56
35,21,58.48
35,22,71.43
35,23,69.03
35,24,80.86
35,25,23.8
35,26,78.6
35,27,77.01
35,28,76.66
35,29,19.99
35,30,99.98
35,31,0.0
35,32,19.64
35,33,50.74
35,34,99.22
35,35,71.81
35,36,43.22
35,37,98.38
35,38,99.81
35,39,62.33
35,40,91.19
35,41,84.67
35,42,83.22
35,43,100.0
35,44,80.65
35,45,60.29
35,46,48.86
35,47,84.49
35,48,98.49
35,49,96.38
35,50,92.19
35,51,48.34
35,52,83.25
35,53,100.0
35,54,69.2
35,55,80.69
35,56,76.24
35,57,70.8
35,58,91.11
35,59,84.03
35,60,87.0
35,61,76.59
35,62,80.39
35,63,6.23
35,64,89.76
35,65,43.84
35,66,32.21
35,67,0.0
35,68,53.52
35,69,22.88
35,70,52.47
35,71,24.8
35,72,48.91
35,73,61.67
35,74,43.12
35,75,0.0
35,76,88.89
35,77,84.48
35,78,0.89
35,79,87.59
35,80,65.32
35,81,68.71
35,82,89.17
35,83,8.52
35,84,84.62
35,85,0.97
35,86,45.85
35,87,77.58
35,88,88.41
35,89,66.03
35,90,79.76
35,91,61.0
35,92,18.38
35,93,33.95
35,94,62.04
35,95,85.21
35,96,78.44
35,97,14.53
35,98,89.14
35,99,78.6
35,100,20.72
36,1,0.0
36,2,0.0
36,3,2.48
36,4,16.77
36,5,0.0
36,6,1.68
36,7,12.98
36,8,0.0
36,9,14.72
36,10,36.46
36,11,8.82
36,12,21.15
36,13,45.37
36,14,99.98
36,15,39.2
36,16,57.85
36,17,99.22
36,18,80.86
36,19,80.65
36,20,71.81
36,21,43.84
36,22,96.38
36,23,99.81
36,24,62.33
36,25,91.19
36,26,89.95
36,27,50.74
36,28,98.49
36,29,98.38
36,30,44.47
36,31,89.76
36,32,83.22
36,33,87.59
36,34,52.23
36,35,92.19
36,36,80.39
36,37,87.0
36,38,100.0
36,39,80.69
36,40,78.93
36,41,79.1
36,42,84.49
36,43,100.0
36,44,57.68
36,45,74.3
36,46,66.27
36,47,84.62
36,48,19.64
36,49,70.8
36,50,91.11
36,51,63.61
36,52,89.17
36,53,48.86
36,54,40.06
36,55,81.66
36,56,72.89
36,57,54.41
36,58,88.41
36,59,7.02
36,60,44.25
36,61,62.07
36,62,82.21
36,63,77.01
36,64,83.25
36,65,81.63
36,66,0.81
36,67,66.03
36,68,71.11
36,69,34.53
36,70,52.08
36,71,84.48
36,72,0.0
36,73,24.11
36,74,22.3
36,75,2.79
36,76,79.33
36,77,32.68
36,78,83.62
36,79,53.52
36,80,53.02
36,81,71.43
36,82,62.32
36,83,83.85
36,84,64.12
36,85,31.53
36,86,89.71
36,87,0.0
36,88,51.83
36,89,58.4
36,90,31.58
36,91,61.71
36,92,91.27
36,93,6.18
36,94,78.19
36,95,78.6
36,96,39.32
36,97,76.63
36,98,37.37
36,99,50.75
36,100,30.17
37,1,3.8
37,2,19.55
37,3,2.04
37,4,17.98
37,5,20.21
37,6,0.0
37,7,45.87
37,8,0.0
37,9,9.14
37,10,61.09
37,11,89.95
37,12,28.9
37,13,84.03
37,14,52.23
37,15,45.73
37,16,65.32
37,17,92.03
37,18,92.03
37,19,11.26
37,20,12.23
37,21,83.85
37,22,100.0
37,23,92.19
37,24,92.19
37,25,92.19
37,26,9.96
37,27,48.34
37,28,99.81
37,29,99.22
37,30,71.81
37,31,81.63
37,32,81.63
37,33,100.0
37,34,98.38
37,35,99.98
37,36,96.64
37,37,77.52
37,38,98.49
37,39,96.38
37,40,80.86
37,41,89.76
37,42,91.11
37,43,83.22
37,44,67.85
37,45,76.66
37,46,0.0
37,47,87.59
37,48,3.38
37,49,52.08
37,50,80.65
37,51,58.4
37,52,78.6
37,53,31.58
37,54,53.52
37,55,13.12
37,56,84.67
37,57,12.34
37,58,77.01
37,59,76.24
37,60,0.0
37,61,77.58
37,62,84.48
37,63,73.33
37,64,6.23
37,65,61.67
37,66,0.0
37,67,25.35
37,68,48.86
37,69,80.39
37,70,43.84
37,71,84.49
37,72,71.43
37,73,88.82
37,74,69.2
37,75,68.17
37,76,82.28
37,77,87.0
37,78,74.3
37,79,53.11
37,80,52.47
37,81,45.28
37,82,83.25
37,83,83.62
37,84,55.96
37,85,50.75
37,86,61.0
37,87,88.41
37,88,78.19
37,89,5.4
37,90,78.93
37,91,91.27
37,92,66.27
37,93,4.86
37,94,64.12
37,95,25.45
37,96,63.61
37,97,89.71
37,98,12.19
37,99,9.79
37,100,79.1
38,1,26.29
38,2,15.73
38,3,36.29
38,4,0.0
38,5,91.19
38,6,28.4
38,7,12.23
38,8,28.9
38,9,20.67
38,10,62.33
38,11,43.9
38,12,22.08
38,13,11.83
38,14,99.98
38,15,10.77
38,16,77.01
38,17,63.2
38,18,96.38
38,19,99.22
38,20,36.46
38,21,0.0
38,22,84.49
38,23,71.43
38,24,88.82
38,25,80.86
38,26,84.67
38,27,70.8
38,28,81.63
38,29,100.0
38,30,99.81
38,31,0.0
38,32,76.24
38,33,98.49
38,34,80.65
38,35,44.47
38,36,62.07
38,37,18.61
38,38,48.34
38,39,100.0
38,40,98.38
38,41,43.22
38,42,89.76
38,43,53.52
38,44,52.08
38,45,92.19
38,46,5.95
38,47,6.23
38,48,91.11
38,49,2.78
38,50,30.17
38,51,96.64
38,52,32.43
38,53,8.2
38,54,52.47
38,55,60.29
38,56,76.59
38,57,61.67
38,58,83.22
38,59,87.59
38,60,84.03
38,61,37.38
38,62,45.01
38,63,0.0
38,64,83.25
38,65,13.12
38,66,0.0
38,67,7.65
38,68,61.09
38,69,23.23
38,70,14.06
38,71,88.41
38,72,48.86
38,73,32.21
38,74,85.21
38,75,68.17
38,76,87.62
38,77,89.14
38,78,43.12
38,79,20.72
38,80,6.48
38,81,45.85
38,82,77.58
38,83,40.47
38,84,78.6
38,85,36.97
38,86,84.64
38,87,83.62
38,88,81.48
38,89,50.75
38,90,74.3
38,91,59.68
38,92,89.71
38,93,79.1
38,94,58.4
38,95,9.36
38,96,53.46
38,97,88.89
38,98,91.27
38,99,78.19
38,100,22.07
39,1,29.31
39,2,55.4
39,3,0.0
39,4,26.28
39,5,89.76
39,6,82.13
39,7,95.48
39,8,77.52
39,9,46.42
39,10,84.03
39,11,72.24
39,12,7.25
39,13,59.82
39,14,43.84
39,15,27.41
39,16,0.0
39,17,96.64
39,18,89.95
39,19,92.03
39,20,92.03
39,21,45.85
39,22,83.85
39,23,30.41
39,24,22.07
39,25,50.74
39,26,91.06
39,27,89.14
39,28,2.15
39,29,12.23
39,30,98.38
39,31,52.08
39,32,7.5
39,33,14.06
39,34,39.57
39,35,99.22
39,36,71.43
39,37,83.22
39,38,43.22
39,39,5.16
39,40,2.9
39,41,62.07
39,42,84.49
39,43,61.67
39,44,81.63
39,45,99.81
39,46,72.21
39,47,48.34
39,48,6.23
39,49,87.59
39,50,100.0
39,51,78.6
39,52,15.64
39,53,91.11
39,54,21.88
39,55,60.29
39,56,84.67
39,57,0.51
39,58,98.49
39,59,68.17
39,60,13.12
39,61,28.53
39,62,33.95
39,63,83.62
39,64,31.66
39,65,92.19
39,66,87.62
39,67,78.6
39,68,9.88
39,69,22.65
39,70,53.11
39,71,2.72
39,72,90.39
39,73,69.2
39,74,85.21
39,75,80.86
39,76,18.38
39,77,8.52
39,78,1.39
39,79,61.09
39,80,64.46
39,81,3.6
39,82,84.48
39,83,78.19
39,84,63.88
39,85,50.75
39,86,88.41
39,87,31.85
39,88,58.4
39,89,11.83
39,90,70.8
39,91,26.97
39,92,66.03
39,93,79.1
39,94,13.52
39,95,78.93
39,96,27.79
39,97,28.36
39,98,84.62
39,99,12.25
39,100,0.0
40,1,0.0
40,2,3.1
40,3,47.33
40,4,22.08
40,5,49.48
40,6,15.73
40,7,22.3
40,8,52.08
40,9,53.11
40,10,80.65
40,11,51.32
40,12,99.81
40,13,80.86
40,14,71.81
40,15,44.47
40,16,61.09
40,17,98.38
40,18,61.33
40,19,99.22
40,20,92.19
40,21,0.89
40,22,80.39
40,23,96.64
40,24,89.95
40,25,95.48
40,26,86.14
40,27,45.01
40,28,78.6
40,29,48.91
40,30,100.0
40,31,30.21
40,32,48.86
40,33,84.49
40,34,83.25
40,35,87.0
40,36,0.51
40,37,78.19
40,38,77.01
40,39,81.63
40,40,0.0
40,41,0.0
40,42,15.64
40,43,83.22
40,44,99.98
40,45,62.33
40,46,0.0
40,47,71.43
40,48,88.82
40,49,96.38
40,50,36.46
40,51,12.44
40,52,67.85
40,53,14.72
40,54,98.49
40,55,50.75
40,56,70.8
40,57,89.76
40,58,87.59
40,59,87.59
40,60,100.0
40,61,45.85
40,62,84.67
40,63,91.11
40,64,83.85
40,65,80.69
40,66,43.84
40,67,44.22
40,68,52.56
40,69,50.69
40,70,43.12
40,71,88.41
40,72,60.68
40,73,66.27
40,74,53.52
40,75,53.02
40,76,90.39
40,77,50.74
40,78,5.16
40,79,38.63
40,80,91.19
40,81,84.81
40,82,72.21
40,83,82.33
40,84,67.21
40,85,78.6
40,86,77.58
40,87,45.62
40,88,48.34
40,89,83.62
40,90,12.14
40,91,79.33
40,92,84.48
40,93,64.12
40,94,50.7
40,95,78.93
40,96,46.46
40,97,62.07
40,98,58.4
40,99,5.02
40,100,91.06
41,1,0.0
41,2,1.27
41,3,1.68
41,4,0.0
41,5,45.21
41,6,14.53
41,7,21.65
41,8,15.92
41,9,78.93
41,10,53.61
41,11,83.62
41,12,68.17
41,13,53.11
41,14,31.43
41,15,23.8
41,16,76.02
41,17,62.04
41,18,28.06
41,19,82.13
41,20,89.95
41,21,81.48
41,22,92.03
41,23,77.52
41,24,99.81
41,25,20.51
41,26,98.49
41,27,98.38
41,28,99.22
41,29,26.69
41,30,44.47
41,31,36.97
41,32,87.0
41,33,100.0
41,34,100.0
41,35,92.19
41,36,80.39
41,37,81.63
41,38,91.39
41,39,84.03
41,40,96.38
41,41,84.49
41,42,63.2
41,43,53.52
41,44,80.86
41,45,99.98
41,46,45.01
41,47,77.01
41,48,88.82
41,49,50.74
41,50,5.65
41,51,62.07
41,52,89.76
41,53,89.76
41,54,91.11
41,55,87.59
41,56,78.19
41,57,7.12
41,58,67.21
41,59,91.06
41,60,80.65
41,61,84.67
41,62,18.61
41,63,19.64
41,64,83.25
41,65,2.79
41,66,86.14
41,67,79.1
41,68,48.34
41,69,6.23
41,70,89.14
41,71,91.27
41,72,60.68
41,73,48.86
41,74,58.4
41,75,43.84
41,76,63.61
41,77,45.85
41,78,0.0
41,79,5.16
41,80,69.2
41,81,27.79
41,82,71.43
41,83,83.22
41,84,83.85
41,85,85.21
41,86,44.22
41,87,50.75
41,88,74.3
41,89,39.57
41,90,49.48
41,91,8.52
41,92,84.48
41,93,78.6
41,94,65.32
41,95,14.06
41,96,79.33
41,97,88.41
41,98,31.85
41,99,61.67
41,100,71.81
42,1,27.79
42,2,1.39
42,3,0.0
42,4,71.97
42,5,22.65
42,6,89.14
42,7,11.26
42,8,2.45
42,9,2.9
42,10,6.77
42,11,3.14
42,12,88.89
42,13,72.24
42,14,62.04
42,15,85.21
42,16,66.84
42,17,14.24
42,18,8.52
42,19,37.38
42,20,96.64
42,21,45.85
42,22,77.58
42,23,30.41
42,24,95.48
42,25,98.38
42,26,18.38
42,27,4.3
42,28,12.01
42,29,3.33
42,30,99.22
42,31,84.49
42,32,18.38
42,33,87.62
42,34,14.06
42,35,99.81
42,36,80.39
42,37,89.95
42,38,98.49
42,39,92.19
42,40,91.19
42,41,8.61
42,42,70.8
42,43,99.98
42,44,60.29
42,45,44.47
42,46,71.43
42,47,50.74
42,48,96.38
42,49,78.93
42,50,62.33
42,51,77.01
42,52,83.22
42,53,81.63
42,54,30.17
42,55,71.81
42,56,84.67
42,57,87.59
42,58,87.59
42,59,92.03
42,60,80.69
42,61,76.59
42,62,79.1
42,63,76.24
42,64,100.0
42,65,68.17
42,66,38.48
42,67,78.6
42,68,59.05
42,69,91.11
42,70,100.0
42,71,58.4
42,72,75.12
42,73,84.03
42,74,87.0
42,75,52.08
42,76,0.0
42,77,15.64
42,78,83.62
42,79,61.09
42,80,63.2
42,81,38.79
42,82,83.25
42,83,83.85
42,84,91.06
42,85,80.86
42,86,7.02
42,87,45.62
42,88,89.76
42,89,14.81
42,90,53.52
42,91,68.71
42,92,78.19
42,93,82.13
42,94,50.7
42,95,39.57
42,96,82.09
42,97,51.83
42,98,1.89
42,99,22.07
42,100,0.0
43,1,0.0
43,2,0.0
43,3,7.74
43,4,0.0
43,5,45.37
43,6,28.17
43,7,36.29
43,8,20.95
43,9,18.19
43,10,17.56
43,11,29.51
43,12,0.89
43,13,83.62
43,14,99.81
43,15,26.48
43,16,62.75
43,17,92.03
43,18,98.38
43,19,80.65
43,20,45.73
43,21,96.64
43,22,89.95
43,23,74.3
43,24,99.22
43,25,53.11
43,26,79.1
43,27,81.63
43,28,21.65
43,29,92.19
43,30,99.98
43,31,19.64
43,32,50.74
43,33,96.38
43,34,80.86
43,35,71.81
43,36,83.22
43,37,87.0
43,38,100.0
43,39,52.08
43,40,91.19
43,41,91.27
43,42,80.39
43,43,43.84
43,44,44.22
43,45,60.29
43,46,63.61
43,47,62.07
43,48,87.59
43,49,98.49
43,50,100.0
43,51,89.76
43,52,91.11
43,53,91.11
43,54,30.15
43,55,69.2
43,56,45.85
43,57,84.64
43,58,84.49
43,59,67.21
43,60,78.6
43,61,40.06
43,62,84.67
43,63,48.34
43,64,70.8
43,65,50.7
43,66,2.44
43,67,78.6
43,68,6.23
43,69,83.85
43,70,19.28
43,71,48.86
43,72,58.4
43,73,71.43
43,74,77.01
43,75,53.02
43,76,88.41
43,77,83.25
43,78,20.2
43,79,14.81
43,80,39.57
43,81,77.58
43,82,72.21
43,83,7.12
43,84,25.45
43,85,50.75
43,86,0.0
43,87,61.67
43,88,90.39
43,89,78.93
43,90,2.79
43,91,84.62
43,92,91.06
43,93,64.46
43,94,13.79
43,95,62.33
43,96,89.17
43,97,89.71
43,98,33.95
43,99,66.03
43,100,84.03
44,1,45.01
44,2,7.54
44,3,13.89
44,4,23.5
44,5,30.41
44,6,5.85
44,7,0.66
44,8,38.79
44,9,80.39
44,10,36.29
44,11,52.77
44,12,84.67
44,13,48.34
44,14,48.91
44,15,62.15
44,16,77.58
44,17,48.86
44,18,4.3
44,19,84.49
44,20,78.6
44,21,88.41
44,22,72.21
44,23,71.43
44,24,70.8
44,25,99.81
44,26,89.95
44,27,98.38
44,28,99.22
44,29,80.65
44,30,44.47
44,31,83.22
44,32,81.63
44,33,98.49
44,34,92.19
44,35,99.98
44,36,100.0
44,37,96.38
44,38,80.86
44,39,71.81
44,40,62.33
44,41,11.83
44,42,91.11
44,43,84.03
44,44,36.73
44,45,100.0
44,46,62.07
44,47,88.82
44,48,87.0
44,49,0.0
44,50,36.46
44,51,12.44
44,52,89.76
44,53,87.59
44,54,2.77
44,55,80.69
44,56,45.62
44,57,61.09
44,58,31.66
44,59,23.23
44,60,31.58
44,61,84.62
44,62,83.25
44,63,82.33
44,64,1.36
44,65,69.2
44,66,33.95
44,67,66.03
44,68,77.01
44,69,92.03
44,70,91.19
44,71,72.9
44,72,89.17
44,73,81.66
44,74,91.06
44,75,26.69
44,76,61.71
44,77,7.02
44,78,86.14
44,79,43.84
44,80,34.6
44,81,79.33
44,82,46.57
44,83,84.48
44,84,76.63
44,85,4.16
44,86,66.84
44,87,25.35
44,88,0.81
44,89,82.21
44,90,0.0
44,91,88.89
44,92,1.68
44,93,22.08
44,94,18.38
44,95,21.09
44,96,68.71
44,97,8.52
44,98,6.22
44,99,76.59
44,100,14.06
45,1,0.0
45,2,26.12
45,3,0.0
45,4,0.0
45,5,26.39
45,6,43.05
45,7,17.63
45,8,31.14
45,9,8.9
45,10,13.02
45,11,0.0
45,12,8.69
45,13,26.52
45,14,38.45
45,15,4.02
45,16,38.68
45,17,66.9
45,18,18.22
45,19,0.0
45,20,9.88
45,21,43.18
45,22,61.94
45,23,50.55
45,24,33.65
45,25,36.18
45,26,0.05
45,27,48.88
45,28,0.0
45,29,96.64
45,30,11.77
45,31,30.41
45,32,67.21
45,33,89.95
45,34,95.48
45,35,28.9
45,36,83.22
45,37,83.22
45,38,81.63
45,39,92.03
45,40,99.22
45,41,38.48
45,42,83.85
45,43,78.6
45,44,99.81
45,45,92.19
45,46,87.32
45,47,87.59
45,48,87.59
45,49,18.38
45,50,78.93
45,51,45.85
45,52,84.64
45,53,79.1
45,54,0.51
45,55,2.33
45,56,45.28
45,57,78.19
45,58,98.49
45,59,52.08
45,60,68.17
45,61,89.76
45,62,90.39
45,63,90.39
45,64,100.0
45,65,100.0
45,66,83.25
45,67,83.25
45,68,83.25
45,69,91.11
45,70,91.11
45,71,91.27
45,72,91.06
45,73,83.62
45,74,61.09
45,75,98.38
45,76,2.72
45,77,89.71
45,78,11.19
45,79,60.68
45,80,84.67
45,81,3.4
45,82,77.58
45,83,48.86
45,84,84.48
45,85,76.24
45,86,41.69
45,87,43.22
45,88,82.28
45,89,6.23
45,90,61.67
45,91,89.17
45,92,40.06
45,93,4.86
45,94,64.46
45,95,13.12
45,96,63.61
45,97,62.07
45,98,88.41
45,99,84.49
45,100,84.03
46,1,6.38
46,2,2.53
46,3,28.02
46,4,14.24
46,5,17.0
46,6,29.57
46,7,22.92
46,8,8.69
46,9,23.51
46,10,49.09
46,11,28.17
46,12,20.95
46,13,58.13
46,14,34.4
46,15,16.44
46,16,42.63
46,17,27.88
46,18,64.48
46,19,3.69
46,20,39.2
46,21,0.0
46,22,6.2
46,23,56.45
46,24,31.53
46,25,77.52
46,26,76.85
46,27,50.74
46,28,75.46
46,29,33.69
46,30,80.65
46,31,70.51
46,32,43.22
46,33,69.2
46,34,80.86
46,35,71.81
46,36,9.46
46,37,67.57
46,38,76.66
46,39,76.66
46,40,50.75
46,41,27.8
46,42,71.57
46,43,96.64
46,44,82.13
46,45,16.07
46,46,83.22
46,47,89.14
46,48,89.95
46,49,92.03
46,50,98.38
46,51,72.24
46,52,81.48
46,53,99.81
46,54,99.22
46,55,5.65
46,56,81.63
46,57,95.48
46,58,98.49
46,59,100.0
46,60,92.19
46,61,87.59
46,62,28.9
46,63,61.09
46,64,43.84
46,65,84.03
46,66,91.06
46,67,91.06
46,68,100.0
46,69,100.0
46,70,100.0
46,71,0.89
46,72,89.76
46,73,54.07
46,74,5.16
46,75,63.88
46,76,83.25
46,77,91.11
46,78,21.65
46,79,5.9
46,80,52.08
46,81,51.83
46,82,84.67
46,83,83.85
46,84,90.39
46,85,13.12
46,86,55.4
46,87,18.38
46,88,62.07
46,89,84.49
46,90,48.34
46,91,31.85
46,92,27.79
46,93,76.24
46,94,18.93
46,95,85.21
46,96,1.27
46,97,25.35
46,98,6.23
46,99,59.05
46,100,61.67
47,1,0.0
47,2,0.0
47,3,0.24
47,4,0.51
47,5,9.55
47,6,28.06
47,7,0.0
47,8,3.02
47,9,1.36
47,10,0.0
47,11,62.07
47,12,83.62
47,13,2.15
47,14,0.0
47,15,2.29
47,16,26.56
47,17,62.04
47,18,50.7
47,19,31.53
47,20,78.93
47,21,0.0
47,22,55.96
47,23,76.02
47,24,82.13
47,25,89.95
47,26,90.39
47,27,96.64
47,28,33.69
47,29,85.21
47,30,99.81
47,31,72.24
47,32,87.0
47,33,98.38
47,34,99.22
47,35,92.19
47,36,81.48
47,37,95.48
47,38,100.0
47,39,5.65
47,40,20.72
47,41,83.25
47,42,81.63
47,43,43.84
47,44,84.03
47,45,71.81
47,46,83.22
47,47,91.06
47,48,100.0
47,49,100.0
47,50,19.28
47,51,91.11
47,52,87.59
47,53,11.68
47,54,98.49
47,55,80.86
47,56,89.14
47,57,89.14
47,58,89.14
47,59,89.14
47,60,89.14
47,61,79.1
47,62,5.16
47,63,36.73
47,64,69.2
47,65,99.98
47,66,45.85
47,67,58.4
47,68,15.64
47,69,50.74
47,70,80.65
47,71,84.67
47,72,75.12
47,73,92.03
47,74,96.38
47,75,62.33
47,76,84.48
47,77,51.83
47,78,80.39
47,79,77.01
47,80,67.21
47,81,40.06
47,82,32.21
47,83,84.49
47,84,8.82
47,85,40.26
47,86,77.58
47,87,84.62
47,88,76.24
47,89,87.62
47,90,74.3
47,91,65.37
47,92,83.83
47,93,75.39
47,94,81.66
47,95,76.63
47,96,7.02
47,97,0.0
47,98,71.11
47,99,73.33
47,100,30.17
48,1,37.38
48,2,1.06
48,3,21.51
48,4,19.32
48,5,80.65
48,6,53.81
48,7,75.46
48,8,45.37
48,9,20.51
48,10,99.98
48,11,77.01
48,12,50.74
48,13,63.2
48,14,80.86
48,15,91.19
48,16,0.0
48,17,68.31
48,18,99.22
48,19,71.81
48,20,19.13
48,21,31.51
48,22,84.49
48,23,71.43
48,24,98.38
48,25,62.33
48,26,7.43
48,27,6.23
48,28,61.67
48,29,100.0
48,30,99.81
48,31,81.63
48,32,87.0
48,33,98.49
48,34,54.83
48,35,44.47
48,36,60.68
48,37,84.67
48,38,48.34
48,39,87.59
48,40,92.19
48,41,75.28
48,42,83.85
48,43,61.09
48,44,60.29
48,45,11.49
48,46,77.58
48,47,32.5
48,48,9.96
48,49,100.0
48,50,80.69
48,51,24.11
48,52,79.1
48,53,62.15
48,54,91.11
48,55,96.38
48,56,45.28
48,57,78.19
48,58,12.34
48,59,11.83
48,60,74.3
48,61,91.27
48,62,29.23
48,63,62.04
48,64,24.55
48,65,68.17
48,66,63.61
48,67,89.71
48,68,84.64
48,69,25.67
48,70,78.93
48,71,87.83
48,72,45.85
48,73,65.69
48,74,0.99
48,75,83.62
48,76,61.0
48,77,88.41
48,78,76.63
48,79,23.81
48,80,10.59
48,81,54.52
48,82,23.57
48,83,44.28
48,84,78.6
48,85,0.0
48,86,79.33
48,87,3.68
48,88,48.86
48,89,84.48
48,90,30.03
48,91,53.43
48,92,72.89
48,93,78.6
48,94,83.25
48,95,83.22
48,96,53.46
48,97,9.46
48,98,89.76
48,99,72.24
48,100,52.47
49,1,5.62
49,2,6.26
49,3,20.73
49,4,0.0
49,5,0.0
49,6,31.18
49,7,9.96
49,8,0.0
49,9,39.57
49,10,99.22
49,11,30.41
49,12,38.8
49,13,50.74
49,14,92.19
49,15,62.33
49,16,95.48
49,17,98.38
49,18,99.81
49,19,74.3
49,20,19.13
49,21,79.1
49,22,96.64
49,23,89.95
49,24,64.46
49,25,13.12
49,26,38.79
49,27,0.0
49,28,24.11
49,29,80.39
49,30,78.19
49,31,45.85
49,32,40.06
49,33,84.49
49,34,15.64
49,35,83.22
49,36,84.67
49,37,81.63
49,38,81.63
49,39,81.63
49,40,81.63
49,41,6.23
49,42,87.59
49,43,87.59
49,44,92.03
49,45,98.49
49,46,58.4
49,47,89.76
49,48,87.0
49,49,100.0
49,50,78.93
49,51,91.11
49,52,91.11
49,53,62.04
49,54,31.58
49,55,100.0
49,56,38.48
49,57,66.27
49,58,83.25
49,59,83.25
49,60,90.39
49,61,91.06
49,62,33.69
49,63,84.03
49,64,68.17
49,65,80.65
49,66,51.83
49,67,78.6
49,68,53.52
49,69,80.86
49,70,53.11
49,71,43.22
49,72,48.86
49,73,71.43
49,74,77.01
49,75,9.96
49,76,76.02
49,77,26.56
49,78,7.12
49,79,21.88
49,80,99.98
49,81,18.16
49,82,16.77
49,83,25.45
49,84,61.09
49,85,71.81
49,86,63.61
49,87,69.03
49,88,29.45
49,89,96.38
49,90,52.08
49,91,0.89
49,92,50.7
49,93,2.79
49,94,36.46
49,95,0.0
49,96,88.41
49,97,54.26
49,98,84.62
49,99,1.89
49,100,63.2
