ligand,base,solvent,concentration,temperature,yield
BrettPhos,KOAc,DMAc,0.1,105,5.47
PPhtBu2,KOAc,DMAc,0.1,105,0.0
tBPh-CPhos,KOAc,DMAc,0.1,105,78.95
PCy3 HBF4,KOAc,DMAc,0.1,105,7.26
PPh3,KOAc,DMAc,0.1,105,28.15
X-Phos,KOAc,DMAc,0.1,105,65.37
BrettPhos,KOPiv,DMAc,0.1,105,0.07
PPhtBu2,KOPiv,DMAc,0.1,105,0.0
tBPh-CPhos,KOPiv,DMAc,0.1,105,28.64
PCy3 HBF4,KOPiv,DMAc,0.1,105,10.44
PPh3,KOPiv,DMAc,0.1,105,63.13
X-Phos,KOPiv,DMAc,0.1,105,77.41
BrettPhos,CsOAc,DMAc,0.1,105,4.74
PPhtBu2,CsOAc,DMAc,0.1,105,0.0
tBPh-CPhos,CsOAc,DMAc,0.1,105,29.31
PCy3 HBF4,CsOAc,DMAc,0.1,105,12.83
PPh3,CsOAc,DMAc,0.1,105,62.82
X-Phos,CsOAc,DMAc,0.1,105,87.83
BrettPhos,CsOPiv,DMAc,0.1,105,0.0
PPhtBu2,CsOPiv,DMAc,0.1,105,0.0
tBPh-CPhos,CsOPiv,DMAc,0.1,105,7.62
PCy3 HBF4,CsOPiv,DMAc,0.1,105,8.85
PPh3,CsOPiv,DMAc,0.1,105,52.05
X-Phos,CsOPiv,DMAc,0.1,105,29.16
BrettPhos,KOAc,BuCN,0.1,105,18.44
PPhtBu2,KOAc,BuCN,0.1,105,0.0
tBPh-CPhos,KOAc,BuCN,0.1,105,6.17
PCy3 HBF4,KOAc,BuCN,0.1,105,0.0
PPh3,KOAc,BuCN,0.1,105,6.24
X-Phos,KOAc,BuCN,0.1,105,47.3
BrettPhos,KOPiv,BuCN,0.1,105,56.05
PPhtBu2,KOPiv,BuCN,0.1,105,0.0
tBPh-CPhos,KOPiv,BuCN,0.1,105,6.39
PCy3 HBF4,KOPiv,BuCN,0.1,105,0.35
PPh3,KOPiv,BuCN,0.1,105,4.28
X-Phos,KOPiv,BuCN,0.1,105,56.14
BrettPhos,CsOAc,BuCN,0.1,105,64.48
PPhtBu2,CsOAc,BuCN,0.1,105,0.0
tBPh-CPhos,CsOAc,BuCN,0.1,105,5.88
PCy3 HBF4,CsOAc,BuCN,0.1,105,0.57
PPh3,CsOAc,BuCN,0.1,105,3.21
X-Phos,CsOAc,BuCN,0.1,105,83.83
BrettPhos,CsOPiv,BuCN,0.1,105,55.41
PPhtBu2,CsOPiv,BuCN,0.1,105,0.0
tBPh-CPhos,CsOPiv,BuCN,0.1,105,5.41
PCy3 HBF4,CsOPiv,BuCN,0.1,105,0.33
PPh3,CsOPiv,BuCN,0.1,105,3.44
X-Phos,CsOPiv,BuCN,0.1,105,68.53
BrettPhos,KOAc,BuOAc,0.1,105,17.09
PPhtBu2,KOAc,BuOAc,0.1,105,0.0
tBPh-CPhos,KOAc,BuOAc,0.1,105,0.0
PCy3 HBF4,KOAc,BuOAc,0.1,105,0.0
PPh3,KOAc,BuOAc,0.1,105,3.41
X-Phos,KOAc,BuOAc,0.1,105,64.62
BrettPhos,KOPiv,BuOAc,0.1,105,49.22
PPhtBu2,KOPiv,BuOAc,0.1,105,0.0
tBPh-CPhos,KOPiv,BuOAc,0.1,105,22.75
PCy3 HBF4,KOPiv,BuOAc,0.1,105,0.0
PPh3,KOPiv,BuOAc,0.1,105,1.92
X-Phos,KOPiv,BuOAc,0.1,105,48.25
BrettPhos,CsOAc,BuOAc,0.1,105,26.64
PPhtBu2,CsOAc,BuOAc,0.1,105,0.0
tBPh-CPhos,CsOAc,BuOAc,0.1,105,0.0
PCy3 HBF4,CsOAc,BuOAc,0.1,105,0.0
PPh3,CsOAc,BuOAc,0.1,105,4.22
X-Phos,CsOAc,BuOAc,0.1,105,86.43
BrettPhos,CsOPiv,BuOAc,0.1,105,27.48
PPhtBu2,CsOPiv,BuOAc,0.1,105,0.0
tBPh-CPhos,CsOPiv,BuOAc,0.1,105,15.16
PCy3 HBF4,CsOPiv,BuOAc,0.1,105,0.0
PPh3,CsOPiv,BuOAc,0.1,105,0.91
X-Phos,CsOPiv,BuOAc,0.1,105,59.92
BrettPhos,KOAc,p-Xylene,0.1,105,16.44
PPhtBu2,KOAc,p-Xylene,0.1,105,0.0
tBPh-CPhos,KOAc,p-Xylene,0.1,105,6.39
PCy3 HBF4,KOAc,p-Xylene,0.1,105,0.0
PPh3,KOAc,p-Xylene,0.1,105,2.06
X-Phos,KOAc,p-Xylene,0.1,105,43.76
BrettPhos,KOPiv,p-Xylene,0.1,105,29.17
PPhtBu2,KOPiv,p-Xylene,0.1,105,0.0
tBPh-CPhos,KOPiv,p-Xylene,0.1,105,14.92
PCy3 HBF4,KOPiv,p-Xylene,0.1,105,0.0
PPh3,KOPiv,p-Xylene,0.1,105,1.41
X-Phos,KOPiv,p-Xylene,0.1,105,35.07
BrettPhos,CsOAc,p-Xylene,0.1,105,40.03
PPhtBu2,CsOAc,p-Xylene,0.1,105,0.0
tBPh-CPhos,CsOAc,p-Xylene,0.1,105,19.51
PCy3 HBF4,CsOAc,p-Xylene,0.1,105,0.55
PPh3,CsOAc,p-Xylene,0.1,105,10.5
X-Phos,CsOAc,p-Xylene,0.1,105,67.17
BrettPhos,CsOPiv,p-Xylene,0.1,105,21.54
PPhtBu2,CsOPiv,p-Xylene,0.1,105,0.0
tBPh-CPhos,CsOPiv,p-Xylene,0.1,105,28.65
PCy3 HBF4,CsOPiv,p-Xylene,0.1,105,0.0
PPh3,CsOPiv,p-Xylene,0.1,105,0.66
X-Phos,CsOPiv,p-Xylene,0.1,105,53.63
BrettPhos,KOAc,DMAc,0.1,90,5.22
PPhtBu2,KOAc,DMAc,0.1,90,0.0
tBPh-CPhos,KOAc,DMAc,0.1,90,47.03
PCy3 HBF4,KOAc,DMAc,0.1,90,1.71
PPh3,KOAc,DMAc,0.1,90,14.29
X-Phos,KOAc,DMAc,0.1,90,38.03
BrettPhos,KOPiv,DMAc,0.1,90,0.0
PPhtBu2,KOPiv,DMAc,0.1,90,0.0
tBPh-CPhos,KOPiv,DMAc,0.1,90,10.12
PCy3 HBF4,KOPiv,DMAc,0.1,90,3.01
PPh3,KOPiv,DMAc,0.1,90,38.78
X-Phos,KOPiv,DMAc,0.1,90,55.17
BrettPhos,CsOAc,DMAc,0.1,90,4.23
PPhtBu2,CsOAc,DMAc,0.1,90,0.0
tBPh-CPhos,CsOAc,DMAc,0.1,90,17.74
PCy3 HBF4,CsOAc,DMAc,0.1,90,4.02
PPh3,CsOAc,DMAc,0.1,90,32.36
X-Phos,CsOAc,DMAc,0.1,90,84.17
BrettPhos,CsOPiv,DMAc,0.1,90,0.0
PPhtBu2,CsOPiv,DMAc,0.1,90,0.0
tBPh-CPhos,CsOPiv,DMAc,0.1,90,4.77
PCy3 HBF4,CsOPiv,DMAc,0.1,90,3.69
PPh3,CsOPiv,DMAc,0.1,90,33.59
X-Phos,CsOPiv,DMAc,0.1,90,22.94
BrettPhos,KOAc,BuCN,0.1,90,9.66
PPhtBu2,KOAc,BuCN,0.1,90,0.0
tBPh-CPhos,KOAc,BuCN,0.1,90,4.61
PCy3 HBF4,KOAc,BuCN,0.1,90,0.0
PPh3,KOAc,BuCN,0.1,90,2.83
X-Phos,KOAc,BuCN,0.1,90,26.5
BrettPhos,KOPiv,BuCN,0.1,90,39.5
PPhtBu2,KOPiv,BuCN,0.1,90,0.95
tBPh-CPhos,KOPiv,BuCN,0.1,90,6.69
PCy3 HBF4,KOPiv,BuCN,0.1,90,0.0
PPh3,KOPiv,BuCN,0.1,90,2.48
X-Phos,KOPiv,BuCN,0.1,90,45.95
BrettPhos,CsOAc,BuCN,0.1,90,48.21
PPhtBu2,CsOAc,BuCN,0.1,90,0.0
tBPh-CPhos,CsOAc,BuCN,0.1,90,6.27
PCy3 HBF4,CsOAc,BuCN,0.1,90,0.0
PPh3,CsOAc,BuCN,0.1,90,5.8
X-Phos,CsOAc,BuCN,0.1,90,86.37
BrettPhos,CsOPiv,BuCN,0.1,90,48.64
PPhtBu2,CsOPiv,BuCN,0.1,90,0.0
tBPh-CPhos,CsOPiv,BuCN,0.1,90,5.29
PCy3 HBF4,CsOPiv,BuCN,0.1,90,0.0
PPh3,CsOPiv,BuCN,0.1,90,1.9
X-Phos,CsOPiv,BuCN,0.1,90,69.11
BrettPhos,KOAc,BuOAc,0.1,90,20.73
PPhtBu2,KOAc,BuOAc,0.1,90,0.0
tBPh-CPhos,KOAc,BuOAc,0.1,90,0.0
PCy3 HBF4,KOAc,BuOAc,0.1,90,0.0
PPh3,KOAc,BuOAc,0.1,90,1.19
X-Phos,KOAc,BuOAc,0.1,90,28.11
BrettPhos,KOPiv,BuOAc,0.1,90,30.95
PPhtBu2,KOPiv,BuOAc,0.1,90,0.0
tBPh-CPhos,KOPiv,BuOAc,0.1,90,0.0
PCy3 HBF4,KOPiv,BuOAc,0.1,90,0.0
PPh3,KOPiv,BuOAc,0.1,90,0.65
X-Phos,KOPiv,BuOAc,0.1,90,42.3
BrettPhos,CsOAc,BuOAc,0.1,90,29.21
PPhtBu2,CsOAc,BuOAc,0.1,90,0.0
tBPh-CPhos,CsOAc,BuOAc,0.1,90,0.0
PCy3 HBF4,CsOAc,BuOAc,0.1,90,0.0
PPh3,CsOAc,BuOAc,0.1,90,1.9
X-Phos,CsOAc,BuOAc,0.1,90,85.24
BrettPhos,CsOPiv,BuOAc,0.1,90,23.75
PPhtBu2,CsOPiv,BuOAc,0.1,90,0.0
tBPh-CPhos,CsOPiv,BuOAc,0.1,90,0.0
PCy3 HBF4,CsOPiv,BuOAc,0.1,90,0.0
PPh3,CsOPiv,BuOAc,0.1,90,0.26
X-Phos,CsOPiv,BuOAc,0.1,90,3.0
BrettPhos,KOAc,p-Xylene,0.1,90,17.92
PPhtBu2,KOAc,p-Xylene,0.1,90,0.0
tBPh-CPhos,KOAc,p-Xylene,0.1,90,7.34
PCy3 HBF4,KOAc,p-Xylene,0.1,90,0.0
PPh3,KOAc,p-Xylene,0.1,90,0.55
X-Phos,KOAc,p-Xylene,0.1,90,25.5
BrettPhos,KOPiv,p-Xylene,0.1,90,38.12
PPhtBu2,KOPiv,p-Xylene,0.1,90,0.0
tBPh-CPhos,KOPiv,p-Xylene,0.1,90,23.22
PCy3 HBF4,KOPiv,p-Xylene,0.1,90,0.0
PPh3,KOPiv,p-Xylene,0.1,90,0.32
X-Phos,KOPiv,p-Xylene,0.1,90,26.33
BrettPhos,CsOAc,p-Xylene,0.1,90,42.45
PPhtBu2,CsOAc,p-Xylene,0.1,90,0.0
tBPh-CPhos,CsOAc,p-Xylene,0.1,90,20.04
PCy3 HBF4,CsOAc,p-Xylene,0.1,90,0.0
PPh3,CsOAc,p-Xylene,0.1,90,5.91
X-Phos,CsOAc,p-Xylene,0.1,90,59.27
BrettPhos,CsOPiv,p-Xylene,0.1,90,19.39
PPhtBu2,CsOPiv,p-Xylene,0.1,90,0.0
tBPh-CPhos,CsOPiv,p-Xylene,0.1,90,31.97
PCy3 HBF4,CsOPiv,p-Xylene,0.1,90,0.0
PPh3,CsOPiv,p-Xylene,0.1,90,0.0
X-Phos,CsOPiv,p-Xylene,0.1,90,36.98
BrettPhos,KOAc,DMAc,0.1,120,5.03
PPhtBu2,KOAc,DMAc,0.1,120,7.71
tBPh-CPhos,KOAc,DMAc,0.1,120,82.09
PCy3 HBF4,KOAc,DMAc,0.1,120,24.56
PPh3,KOAc,DMAc,0.1,120,74.04
X-Phos,KOAc,DMAc,0.1,120,88.41
BrettPhos,KOPiv,DMAc,0.1,120,0.26
PPhtBu2,KOPiv,DMAc,0.1,120,28.53
tBPh-CPhos,KOPiv,DMAc,0.1,120,68.33
PCy3 HBF4,KOPiv,DMAc,0.1,120,47.58
PPh3,KOPiv,DMAc,0.1,120,86.46
X-Phos,KOPiv,DMAc,0.1,120,80.61
BrettPhos,CsOAc,DMAc,0.1,120,4.08
PPhtBu2,CsOAc,DMAc,0.1,120,12.35
tBPh-CPhos,CsOAc,DMAc,0.1,120,62.6
PCy3 HBF4,CsOAc,DMAc,0.1,120,44.53
PPh3,CsOAc,DMAc,0.1,120,87.32
X-Phos,CsOAc,DMAc,0.1,120,84.81
BrettPhos,CsOPiv,DMAc,0.1,120,0.0
PPhtBu2,CsOPiv,DMAc,0.1,120,1.31
tBPh-CPhos,CsOPiv,DMAc,0.1,120,17.43
PCy3 HBF4,CsOPiv,DMAc,0.1,120,27.93
PPh3,CsOPiv,DMAc,0.1,120,76.33
X-Phos,CsOPiv,DMAc,0.1,120,48.15
BrettPhos,KOAc,BuCN,0.1,120,29.25
PPhtBu2,KOAc,BuCN,0.1,120,0.0
tBPh-CPhos,KOAc,BuCN,0.1,120,8.4
PCy3 HBF4,KOAc,BuCN,0.1,120,1.96
PPh3,KOAc,BuCN,0.1,120,12.65
X-Phos,KOAc,BuCN,0.1,120,56.57
BrettPhos,KOPiv,BuCN,0.1,120,50.79
PPhtBu2,KOPiv,BuCN,0.1,120,0.0
tBPh-CPhos,KOPiv,BuCN,0.1,120,6.44
PCy3 HBF4,KOPiv,BuCN,0.1,120,3.28
PPh3,KOPiv,BuCN,0.1,120,9.59
X-Phos,KOPiv,BuCN,0.1,120,50.93
BrettPhos,CsOAc,BuCN,0.1,120,69.13
PPhtBu2,CsOAc,BuCN,0.1,120,0.0
tBPh-CPhos,CsOAc,BuCN,0.1,120,7.69
PCy3 HBF4,CsOAc,BuCN,0.1,120,3.8
PPh3,CsOAc,BuCN,0.1,120,13.09
X-Phos,CsOAc,BuCN,0.1,120,84.17
BrettPhos,CsOPiv,BuCN,0.1,120,46.53
PPhtBu2,CsOPiv,BuCN,0.1,120,0.0
tBPh-CPhos,CsOPiv,BuCN,0.1,120,5.3
PCy3 HBF4,CsOPiv,BuCN,0.1,120,3.1
PPh3,CsOPiv,BuCN,0.1,120,7.36
X-Phos,CsOPiv,BuCN,0.1,120,59.81
BrettPhos,KOAc,BuOAc,0.1,120,25.86
PPhtBu2,KOAc,BuOAc,0.1,120,0.0
tBPh-CPhos,KOAc,BuOAc,0.1,120,0.0
PCy3 HBF4,KOAc,BuOAc,0.1,120,0.0
PPh3,KOAc,BuOAc,0.1,120,7.89
X-Phos,KOAc,BuOAc,0.1,120,73.71
BrettPhos,KOPiv,BuOAc,0.1,120,43.18
PPhtBu2,KOPiv,BuOAc,0.1,120,0.0
tBPh-CPhos,KOPiv,BuOAc,0.1,120,0.0
PCy3 HBF4,KOPiv,BuOAc,0.1,120,0.0
PPh3,KOPiv,BuOAc,0.1,120,4.23
X-Phos,KOPiv,BuOAc,0.1,120,66.49
BrettPhos,CsOAc,BuOAc,0.1,120,35.91
PPhtBu2,CsOAc,BuOAc,0.1,120,0.0
tBPh-CPhos,CsOAc,BuOAc,0.1,120,0.0
PCy3 HBF4,CsOAc,BuOAc,0.1,120,0.03
PPh3,CsOAc,BuOAc,0.1,120,4.94
X-Phos,CsOAc,BuOAc,0.1,120,2.79
BrettPhos,CsOPiv,BuOAc,0.1,120,51.99
PPhtBu2,CsOPiv,BuOAc,0.1,120,0.0
tBPh-CPhos,CsOPiv,BuOAc,0.1,120,19.42
PCy3 HBF4,CsOPiv,BuOAc,0.1,120,1.37
PPh3,CsOPiv,BuOAc,0.1,120,2.49
X-Phos,CsOPiv,BuOAc,0.1,120,52.22
BrettPhos,KOAc,p-Xylene,0.1,120,18.55
PPhtBu2,KOAc,p-Xylene,0.1,120,0.0
tBPh-CPhos,KOAc,p-Xylene,0.1,120,5.69
PCy3 HBF4,KOAc,p-Xylene,0.1,120,0.0
PPh3,KOAc,p-Xylene,0.1,120,5.94
X-Phos,KOAc,p-Xylene,0.1,120,67.04
BrettPhos,KOPiv,p-Xylene,0.1,120,37.36
PPhtBu2,KOPiv,p-Xylene,0.1,120,0.0
tBPh-CPhos,KOPiv,p-Xylene,0.1,120,20.87
PCy3 HBF4,KOPiv,p-Xylene,0.1,120,0.0
PPh3,KOPiv,p-Xylene,0.1,120,4.48
X-Phos,KOPiv,p-Xylene,0.1,120,44.74
BrettPhos,CsOAc,p-Xylene,0.1,120,28.93
PPhtBu2,CsOAc,p-Xylene,0.1,120,0.0
tBPh-CPhos,CsOAc,p-Xylene,0.1,120,16.09
PCy3 HBF4,CsOAc,p-Xylene,0.1,120,2.98
PPh3,CsOAc,p-Xylene,0.1,120,16.64
X-Phos,CsOAc,p-Xylene,0.1,120,67.17
BrettPhos,CsOPiv,p-Xylene,0.1,120,25.35
PPhtBu2,CsOPiv,p-Xylene,0.1,120,0.0
tBPh-CPhos,CsOPiv,p-Xylene,0.1,120,23.77
PCy3 HBF4,CsOPiv,p-Xylene,0.1,120,0.69
PPh3,CsOPiv,p-Xylene,0.1,120,2.69
X-Phos,CsOPiv,p-Xylene,0.1,120,55.8
BrettPhos,KOAc,DMAc,0.057,90,3.6
PPhtBu2,KOAc,DMAc,0.057,90,0.0
tBPh-CPhos,KOAc,DMAc,0.057,90,57.27
PCy3 HBF4,KOAc,DMAc,0.057,90,3.4
PPh3,KOAc,DMAc,0.057,90,19.55
X-Phos,KOAc,DMAc,0.057,90,43.2
BrettPhos,KOPiv,DMAc,0.057,90,0.0
PPhtBu2,KOPiv,DMAc,0.057,90,0.0
tBPh-CPhos,KOPiv,DMAc,0.057,90,12.23
PCy3 HBF4,KOPiv,DMAc,0.057,90,5.85
PPh3,KOPiv,DMAc,0.057,90,46.46
X-Phos,KOPiv,DMAc,0.057,90,52.77
BrettPhos,CsOAc,DMAc,0.057,90,1.96
PPhtBu2,CsOAc,DMAc,0.057,90,0.0
tBPh-CPhos,CsOAc,DMAc,0.057,90,31.18
PCy3 HBF4,CsOAc,DMAc,0.057,90,8.04
PPh3,CsOAc,DMAc,0.057,90,36.96
X-Phos,CsOAc,DMAc,0.057,90,79.33
BrettPhos,CsOPiv,DMAc,0.057,90,0.0
PPhtBu2,CsOPiv,DMAc,0.057,90,0.0
tBPh-CPhos,CsOPiv,DMAc,0.057,90,5.29
PCy3 HBF4,CsOPiv,DMAc,0.057,90,6.38
PPh3,CsOPiv,DMAc,0.057,90,44.96
X-Phos,CsOPiv,DMAc,0.057,90,23.71
BrettPhos,KOAc,BuCN,0.057,90,6.26
PPhtBu2,KOAc,BuCN,0.057,90,0.0
tBPh-CPhos,KOAc,BuCN,0.057,90,5.62
PCy3 HBF4,KOAc,BuCN,0.057,90,0.0
PPh3,KOAc,BuCN,0.057,90,4.3
X-Phos,KOAc,BuCN,0.057,90,18.72
BrettPhos,KOPiv,BuCN,0.057,90,29.57
PPhtBu2,KOPiv,BuCN,0.057,90,0.0
tBPh-CPhos,KOPiv,BuCN,0.057,90,5.62
PCy3 HBF4,KOPiv,BuCN,0.057,90,0.14
PPh3,KOPiv,BuCN,0.057,90,5.92
X-Phos,KOPiv,BuCN,0.057,90,30.83
BrettPhos,CsOAc,BuCN,0.057,90,36.72
PPhtBu2,CsOAc,BuCN,0.057,90,0.0
tBPh-CPhos,CsOAc,BuCN,0.057,90,6.57
PCy3 HBF4,CsOAc,BuCN,0.057,90,0.28
PPh3,CsOAc,BuCN,0.057,90,6.56
X-Phos,CsOAc,BuCN,0.057,90,72.9
BrettPhos,CsOPiv,BuCN,0.057,90,37.58
PPhtBu2,CsOPiv,BuCN,0.057,90,0.0
tBPh-CPhos,CsOPiv,BuCN,0.057,90,4.89
PCy3 HBF4,CsOPiv,BuCN,0.057,90,0.86
PPh3,CsOPiv,BuCN,0.057,90,5.19
X-Phos,CsOPiv,BuCN,0.057,90,40.02
BrettPhos,KOAc,BuOAc,0.057,90,17.54
PPhtBu2,KOAc,BuOAc,0.057,90,0.0
tBPh-CPhos,KOAc,BuOAc,0.057,90,2.72
PCy3 HBF4,KOAc,BuOAc,0.057,90,0.0
PPh3,KOAc,BuOAc,0.057,90,1.27
X-Phos,KOAc,BuOAc,0.057,90,32.71
BrettPhos,KOPiv,BuOAc,0.057,90,61.94
PPhtBu2,KOPiv,BuOAc,0.057,90,0.0
tBPh-CPhos,KOPiv,BuOAc,0.057,90,17.9
PCy3 HBF4,KOPiv,BuOAc,0.057,90,0.0
PPh3,KOPiv,BuOAc,0.057,90,0.05
X-Phos,KOPiv,BuOAc,0.057,90,68.86
BrettPhos,CsOAc,BuOAc,0.057,90,22.92
PPhtBu2,CsOAc,BuOAc,0.057,90,0.0
tBPh-CPhos,CsOAc,BuOAc,0.057,90,7.84
PCy3 HBF4,CsOAc,BuOAc,0.057,90,0.0
PPh3,CsOAc,BuOAc,0.057,90,1.03
X-Phos,CsOAc,BuOAc,0.057,90,61.71
BrettPhos,CsOPiv,BuOAc,0.057,90,28.74
PPhtBu2,CsOPiv,BuOAc,0.057,90,0.0
tBPh-CPhos,CsOPiv,BuOAc,0.057,90,16.51
PCy3 HBF4,CsOPiv,BuOAc,0.057,90,0.0
PPh3,CsOPiv,BuOAc,0.057,90,0.43
X-Phos,CsOPiv,BuOAc,0.057,90,62.34
BrettPhos,KOAc,p-Xylene,0.057,90,12.39
PPhtBu2,KOAc,p-Xylene,0.057,90,0.0
tBPh-CPhos,KOAc,p-Xylene,0.057,90,6.98
PCy3 HBF4,KOAc,p-Xylene,0.057,90,0.0
PPh3,KOAc,p-Xylene,0.057,90,0.24
X-Phos,KOAc,p-Xylene,0.057,90,22.31
BrettPhos,KOPiv,p-Xylene,0.057,90,38.68
PPhtBu2,KOPiv,p-Xylene,0.057,90,0.0
tBPh-CPhos,KOPiv,p-Xylene,0.057,90,19.77
PCy3 HBF4,KOPiv,p-Xylene,0.057,90,0.0
PPh3,KOPiv,p-Xylene,0.057,90,0.04
X-Phos,KOPiv,p-Xylene,0.057,90,23.45
BrettPhos,CsOAc,p-Xylene,0.057,90,25.62
PPhtBu2,CsOAc,p-Xylene,0.057,90,0.0
tBPh-CPhos,CsOAc,p-Xylene,0.057,90,16.76
PCy3 HBF4,CsOAc,p-Xylene,0.057,90,0.0
PPh3,CsOAc,p-Xylene,0.057,90,2.04
X-Phos,CsOAc,p-Xylene,0.057,90,53.43
BrettPhos,CsOPiv,p-Xylene,0.057,90,21.8
PPhtBu2,CsOPiv,p-Xylene,0.057,90,0.0
tBPh-CPhos,CsOPiv,p-Xylene,0.057,90,25.31
PCy3 HBF4,CsOPiv,p-Xylene,0.057,90,0.0
PPh3,CsOPiv,p-Xylene,0.057,90,0.01
X-Phos,CsOPiv,p-Xylene,0.057,90,34.98
BrettPhos,KOAc,DMAc,0.057,105,2.41
PPhtBu2,KOAc,DMAc,0.057,105,0.12
tBPh-CPhos,KOAc,DMAc,0.057,105,68.71
PCy3 HBF4,KOAc,DMAc,0.057,105,6.22
PPh3,KOAc,DMAc,0.057,105,27.82
X-Phos,KOAc,DMAc,0.057,105,55.4
BrettPhos,KOPiv,DMAc,0.057,105,0.0
PPhtBu2,KOPiv,DMAc,0.057,105,0.0
tBPh-CPhos,KOPiv,DMAc,0.057,105,18.42
PCy3 HBF4,KOPiv,DMAc,0.057,105,10.98
PPh3,KOPiv,DMAc,0.057,105,63.61
X-Phos,KOPiv,DMAc,0.057,105,61.0
BrettPhos,CsOAc,DMAc,0.057,105,1.85
PPhtBu2,CsOAc,DMAc,0.057,105,0.0
tBPh-CPhos,CsOAc,DMAc,0.057,105,42.43
PCy3 HBF4,CsOAc,DMAc,0.057,105,15.26
PPh3,CsOAc,DMAc,0.057,105,53.46
X-Phos,CsOAc,DMAc,0.057,105,89.17
BrettPhos,CsOPiv,DMAc,0.057,105,0.0
PPhtBu2,CsOPiv,DMAc,0.057,105,0.0
tBPh-CPhos,CsOPiv,DMAc,0.057,105,7.33
PCy3 HBF4,CsOPiv,DMAc,0.057,105,11.52
PPh3,CsOPiv,DMAc,0.057,105,59.68
X-Phos,CsOPiv,DMAc,0.057,105,30.21
BrettPhos,KOAc,BuCN,0.057,105,6.0
PPhtBu2,KOAc,BuCN,0.057,105,0.0
tBPh-CPhos,KOAc,BuCN,0.057,105,6.57
PCy3 HBF4,KOAc,BuCN,0.057,105,0.0
PPh3,KOAc,BuCN,0.057,105,6.77
X-Phos,KOAc,BuCN,0.057,105,12.54
BrettPhos,KOPiv,BuCN,0.057,105,29.14
PPhtBu2,KOPiv,BuCN,0.057,105,0.0
tBPh-CPhos,KOPiv,BuCN,0.057,105,5.77
PCy3 HBF4,KOPiv,BuCN,0.057,105,0.85
PPh3,KOPiv,BuCN,0.057,105,6.78
X-Phos,KOPiv,BuCN,0.057,105,31.13
BrettPhos,CsOAc,BuCN,0.057,105,45.11
PPhtBu2,CsOAc,BuCN,0.057,105,0.0
tBPh-CPhos,CsOAc,BuCN,0.057,105,5.6
PCy3 HBF4,CsOAc,BuCN,0.057,105,1.13
PPh3,CsOAc,BuCN,0.057,105,9.16
X-Phos,CsOAc,BuCN,0.057,105,72.89
BrettPhos,CsOPiv,BuCN,0.057,105,39.86
PPhtBu2,CsOPiv,BuCN,0.057,105,0.0
tBPh-CPhos,CsOPiv,BuCN,0.057,105,5.06
PCy3 HBF4,CsOPiv,BuCN,0.057,105,1.95
PPh3,CsOPiv,BuCN,0.057,105,6.51
X-Phos,CsOPiv,BuCN,0.057,105,36.65
BrettPhos,KOAc,BuOAc,0.057,105,16.39
PPhtBu2,KOAc,BuOAc,0.057,105,0.0
tBPh-CPhos,KOAc,BuOAc,0.057,105,2.85
PCy3 HBF4,KOAc,BuOAc,0.057,105,0.0
PPh3,KOAc,BuOAc,0.057,105,1.94
X-Phos,KOAc,BuOAc,0.057,105,41.69
BrettPhos,KOPiv,BuOAc,0.057,105,48.88
PPhtBu2,KOPiv,BuOAc,0.057,105,0.0
tBPh-CPhos,KOPiv,BuOAc,0.057,105,11.64
PCy3 HBF4,KOPiv,BuOAc,0.057,105,0.0
PPh3,KOPiv,BuOAc,0.057,105,0.98
X-Phos,KOPiv,BuOAc,0.057,105,69.26
BrettPhos,CsOAc,BuOAc,0.057,105,27.71
PPhtBu2,CsOAc,BuOAc,0.057,105,0.0
tBPh-CPhos,CsOAc,BuOAc,0.057,105,10.39
PCy3 HBF4,CsOAc,BuOAc,0.057,105,0.0
PPh3,CsOAc,BuOAc,0.057,105,2.72
X-Phos,CsOAc,BuOAc,0.057,105,80.77
BrettPhos,CsOPiv,BuOAc,0.057,105,49.23
PPhtBu2,CsOPiv,BuOAc,0.057,105,0.0
tBPh-CPhos,CsOPiv,BuOAc,0.057,105,11.3
PCy3 HBF4,CsOPiv,BuOAc,0.057,105,0.0
PPh3,CsOPiv,BuOAc,0.057,105,0.58
X-Phos,CsOPiv,BuOAc,0.057,105,5.4
BrettPhos,KOAc,p-Xylene,0.057,105,13.19
PPhtBu2,KOAc,p-Xylene,0.057,105,0.0
tBPh-CPhos,KOAc,p-Xylene,0.057,105,6.45
PCy3 HBF4,KOAc,p-Xylene,0.057,105,0.0
PPh3,KOAc,p-Xylene,0.057,105,1.16
X-Phos,KOAc,p-Xylene,0.057,105,13.41
BrettPhos,KOPiv,p-Xylene,0.057,105,29.85
PPhtBu2,KOPiv,p-Xylene,0.057,105,0.0
tBPh-CPhos,KOPiv,p-Xylene,0.057,105,21.43
PCy3 HBF4,KOPiv,p-Xylene,0.057,105,0.0
PPh3,KOPiv,p-Xylene,0.057,105,0.48
X-Phos,KOPiv,p-Xylene,0.057,105,26.12
BrettPhos,CsOAc,p-Xylene,0.057,105,36.14
PPhtBu2,CsOAc,p-Xylene,0.057,105,0.0
tBPh-CPhos,CsOAc,p-Xylene,0.057,105,14.43
PCy3 HBF4,CsOAc,p-Xylene,0.057,105,0.0
PPh3,CsOAc,p-Xylene,0.057,105,3.18
X-Phos,CsOAc,p-Xylene,0.057,105,54.41
BrettPhos,CsOPiv,p-Xylene,0.057,105,23.53
PPhtBu2,CsOPiv,p-Xylene,0.057,105,0.0
tBPh-CPhos,CsOPiv,p-Xylene,0.057,105,23.1
PCy3 HBF4,CsOPiv,p-Xylene,0.057,105,0.0
PPh3,CsOPiv,p-Xylene,0.057,105,0.44
X-Phos,CsOPiv,p-Xylene,0.057,105,39.81
BrettPhos,KOAc,DMAc,0.057,120,3.14
PPhtBu2,KOAc,DMAc,0.057,120,2.13
tBPh-CPhos,KOAc,DMAc,0.057,120,88.89
PCy3 HBF4,KOAc,DMAc,0.057,120,18.38
PPh3,KOAc,DMAc,0.057,120,45.85
X-Phos,KOAc,DMAc,0.057,120,77.58
BrettPhos,KOPiv,DMAc,0.057,120,0.0
PPhtBu2,KOPiv,DMAc,0.057,120,2.82
tBPh-CPhos,KOPiv,DMAc,0.057,120,55.96
PCy3 HBF4,KOPiv,DMAc,0.057,120,29.51
PPh3,KOPiv,DMAc,0.057,120,91.27
X-Phos,KOPiv,DMAc,0.057,120,62.07
BrettPhos,CsOAc,DMAc,0.057,120,1.68
PPhtBu2,CsOAc,DMAc,0.057,120,1.62
tBPh-CPhos,CsOAc,DMAc,0.057,120,66.84
PCy3 HBF4,CsOAc,DMAc,0.057,120,35.61
PPh3,CsOAc,DMAc,0.057,120,89.71
X-Phos,CsOAc,DMAc,0.057,120,88.41
BrettPhos,CsOPiv,DMAc,0.057,120,0.0
PPhtBu2,CsOPiv,DMAc,0.057,120,0.0
tBPh-CPhos,CsOPiv,DMAc,0.057,120,14.24
PCy3 HBF4,CsOPiv,DMAc,0.057,120,26.22
PPh3,CsOPiv,DMAc,0.057,120,84.64
X-Phos,CsOPiv,DMAc,0.057,120,38.48
BrettPhos,KOAc,BuCN,0.057,120,17.0
PPhtBu2,KOAc,BuCN,0.057,120,0.0
tBPh-CPhos,KOAc,BuCN,0.057,120,8.52
PCy3 HBF4,KOAc,BuCN,0.057,120,0.89
PPh3,KOAc,BuCN,0.057,120,11.5
X-Phos,KOAc,BuCN,0.057,120,43.22
BrettPhos,KOPiv,BuCN,0.057,120,50.55
PPhtBu2,KOPiv,BuCN,0.057,120,0.0
tBPh-CPhos,KOPiv,BuCN,0.057,120,6.2
PCy3 HBF4,KOPiv,BuCN,0.057,120,3.25
PPh3,KOPiv,BuCN,0.057,120,12.19
X-Phos,KOPiv,BuCN,0.057,120,27.8
BrettPhos,CsOAc,BuCN,0.057,120,54.26
PPhtBu2,CsOAc,BuCN,0.057,120,0.0
tBPh-CPhos,CsOAc,BuCN,0.057,120,7.42
PCy3 HBF4,CsOAc,BuCN,0.057,120,3.04
PPh3,CsOAc,BuCN,0.057,120,11.19
X-Phos,CsOAc,BuCN,0.057,120,72.21
BrettPhos,CsOPiv,BuCN,0.057,120,42.63
PPhtBu2,CsOPiv,BuCN,0.057,120,0.0
tBPh-CPhos,CsOPiv,BuCN,0.057,120,5.24
PCy3 HBF4,CsOPiv,BuCN,0.057,120,4.78
PPh3,CsOPiv,BuCN,0.057,120,9.46
X-Phos,CsOPiv,BuCN,0.057,120,31.51
BrettPhos,KOAc,BuOAc,0.057,120,27.16
PPhtBu2,KOAc,BuOAc,0.057,120,0.0
tBPh-CPhos,KOAc,BuOAc,0.057,120,6.22
PCy3 HBF4,KOAc,BuOAc,0.057,120,0.0
PPh3,KOAc,BuOAc,0.057,120,5.67
X-Phos,KOAc,BuOAc,0.057,120,61.86
BrettPhos,KOPiv,BuOAc,0.057,120,66.9
PPhtBu2,KOPiv,BuOAc,0.057,120,0.0
tBPh-CPhos,KOPiv,BuOAc,0.057,120,3.88
PCy3 HBF4,KOPiv,BuOAc,0.057,120,0.0
PPh3,KOPiv,BuOAc,0.057,120,3.07
X-Phos,KOPiv,BuOAc,0.057,120,21.74
BrettPhos,CsOAc,BuOAc,0.057,120,30.02
PPhtBu2,CsOAc,BuOAc,0.057,120,0.0
tBPh-CPhos,CsOAc,BuOAc,0.057,120,4.85
PCy3 HBF4,CsOAc,BuOAc,0.057,120,0.0
PPh3,CsOAc,BuOAc,0.057,120,3.51
X-Phos,CsOAc,BuOAc,0.057,120,7.02
BrettPhos,CsOPiv,BuOAc,0.057,120,33.65
PPhtBu2,CsOPiv,BuOAc,0.057,120,0.0
tBPh-CPhos,CsOPiv,BuOAc,0.057,120,8.24
PCy3 HBF4,CsOPiv,BuOAc,0.057,120,0.0
PPh3,CsOPiv,BuOAc,0.057,120,2.35
X-Phos,CsOPiv,BuOAc,0.057,120,22.87
BrettPhos,KOAc,p-Xylene,0.057,120,8.69
PPhtBu2,KOAc,p-Xylene,0.057,120,0.0
tBPh-CPhos,KOAc,p-Xylene,0.057,120,0.15
PCy3 HBF4,KOAc,p-Xylene,0.057,120,0.0
PPh3,KOAc,p-Xylene,0.057,120,2.59
X-Phos,KOAc,p-Xylene,0.057,120,45.62
BrettPhos,KOPiv,p-Xylene,0.057,120,43.05
PPhtBu2,KOPiv,p-Xylene,0.057,120,0.0
tBPh-CPhos,KOPiv,p-Xylene,0.057,120,18.22
PCy3 HBF4,KOPiv,p-Xylene,0.057,120,0.0
PPh3,KOPiv,p-Xylene,0.057,120,2.44
X-Phos,KOPiv,p-Xylene,0.057,120,26.97
BrettPhos,CsOAc,p-Xylene,0.057,120,38.44
PPhtBu2,CsOAc,p-Xylene,0.057,120,0.0
tBPh-CPhos,CsOAc,p-Xylene,0.057,120,15.98
PCy3 HBF4,CsOAc,p-Xylene,0.057,120,0.0
PPh3,CsOAc,p-Xylene,0.057,120,6.18
X-Phos,CsOAc,p-Xylene,0.057,120,54.52
BrettPhos,CsOPiv,p-Xylene,0.057,120,26.52
PPhtBu2,CsOPiv,p-Xylene,0.057,120,0.0
tBPh-CPhos,CsOPiv,p-Xylene,0.057,120,20.07
PCy3 HBF4,CsOPiv,p-Xylene,0.057,120,0.0
PPh3,CsOPiv,p-Xylene,0.057,120,1.76
X-Phos,CsOPiv,p-Xylene,0.057,120,39.32
BrettPhos,KOAc,DMAc,0.153,90,5.75
PPhtBu2,KOAc,DMAc,0.153,90,0.0
tBPh-CPhos,KOAc,DMAc,0.153,90,37.38
PCy3 HBF4,KOAc,DMAc,0.153,90,0.41
PPh3,KOAc,DMAc,0.153,90,11.68
X-Phos,KOAc,DMAc,0.153,90,38.79
BrettPhos,KOPiv,DMAc,0.153,90,0.66
PPhtBu2,KOPiv,DMAc,0.153,90,0.0
tBPh-CPhos,KOPiv,DMAc,0.153,90,8.5
PCy3 HBF4,KOPiv,DMAc,0.153,90,2.52
PPh3,KOPiv,DMAc,0.153,90,38.79
X-Phos,KOPiv,DMAc,0.153,90,60.68
BrettPhos,CsOAc,DMAc,0.153,90,6.26
PPhtBu2,CsOAc,DMAc,0.153,90,0.0
tBPh-CPhos,CsOAc,DMAc,0.153,90,12.44
PCy3 HBF4,CsOAc,DMAc,0.153,90,2.53
PPh3,CsOAc,DMAc,0.153,90,31.85
X-Phos,CsOAc,DMAc,0.153,90,86.14
BrettPhos,CsOPiv,DMAc,0.153,90,0.0
PPhtBu2,CsOPiv,DMAc,0.153,90,0.0
tBPh-CPhos,CsOPiv,DMAc,0.153,90,3.55
PCy3 HBF4,CsOPiv,DMAc,0.153,90,2.53
PPh3,CsOPiv,DMAc,0.153,90,28.53
X-Phos,CsOPiv,DMAc,0.153,90,27.79
BrettPhos,KOAc,BuCN,0.153,90,12.07
PPhtBu2,KOAc,BuCN,0.153,90,0.0
tBPh-CPhos,KOAc,BuCN,0.153,90,4.97
PCy3 HBF4,KOAc,BuCN,0.153,90,0.0
PPh3,KOAc,BuCN,0.153,90,2.66
X-Phos,KOAc,BuCN,0.153,90,32.5
BrettPhos,KOPiv,BuCN,0.153,90,13.31
PPhtBu2,KOPiv,BuCN,0.153,90,0.0
tBPh-CPhos,KOPiv,BuCN,0.153,90,5.65
PCy3 HBF4,KOPiv,BuCN,0.153,90,0.0
PPh3,KOPiv,BuCN,0.153,90,0.85
X-Phos,KOPiv,BuCN,0.153,90,33.95
BrettPhos,CsOAc,BuCN,0.153,90,28.02
PPhtBu2,CsOAc,BuCN,0.153,90,0.0
tBPh-CPhos,CsOAc,BuCN,0.153,90,0.0
PCy3 HBF4,CsOAc,BuCN,0.153,90,0.0
PPh3,CsOAc,BuCN,0.153,90,0.0
X-Phos,CsOAc,BuCN,0.153,90,0.0
BrettPhos,CsOPiv,BuCN,0.153,90,54.55
PPhtBu2,CsOPiv,BuCN,0.153,90,0.0
tBPh-CPhos,CsOPiv,BuCN,0.153,90,8.95
PCy3 HBF4,CsOPiv,BuCN,0.153,90,0.0
PPh3,CsOPiv,BuCN,0.153,90,2.53
X-Phos,CsOPiv,BuCN,0.153,90,75.4
BrettPhos,KOAc,BuOAc,0.153,90,15.36
PPhtBu2,KOAc,BuOAc,0.153,90,0.0
tBPh-CPhos,KOAc,BuOAc,0.153,90,3.68
PCy3 HBF4,KOAc,BuOAc,0.153,90,0.0
PPh3,KOAc,BuOAc,0.153,90,1.39
X-Phos,KOAc,BuOAc,0.153,90,25.35
BrettPhos,KOPiv,BuOAc,0.153,90,42.48
PPhtBu2,KOPiv,BuOAc,0.153,90,0.0
tBPh-CPhos,KOPiv,BuOAc,0.153,90,11.24
PCy3 HBF4,KOPiv,BuOAc,0.153,90,0.0
PPh3,KOPiv,BuOAc,0.153,90,2.58
X-Phos,KOPiv,BuOAc,0.153,90,32.68
BrettPhos,CsOAc,BuOAc,0.153,90,17.16
PPhtBu2,CsOAc,BuOAc,0.153,90,0.0
tBPh-CPhos,CsOAc,BuOAc,0.153,90,7.74
PCy3 HBF4,CsOAc,BuOAc,0.153,90,0.0
PPh3,CsOAc,BuOAc,0.153,90,0.81
X-Phos,CsOAc,BuOAc,0.153,90,82.21
BrettPhos,CsOPiv,BuOAc,0.153,90,21.5
PPhtBu2,CsOPiv,BuOAc,0.153,90,0.0
tBPh-CPhos,CsOPiv,BuOAc,0.153,90,8.72
PCy3 HBF4,CsOPiv,BuOAc,0.153,90,0.0
PPh3,CsOPiv,BuOAc,0.153,90,0.6
X-Phos,CsOPiv,BuOAc,0.153,90,46.57
BrettPhos,KOAc,p-Xylene,0.153,90,13.85
PPhtBu2,KOAc,p-Xylene,0.153,90,0.0
tBPh-CPhos,KOAc,p-Xylene,0.153,90,9.79
PCy3 HBF4,KOAc,p-Xylene,0.153,90,0.0
PPh3,KOAc,p-Xylene,0.153,90,0.78
X-Phos,KOAc,p-Xylene,0.153,90,28.36
BrettPhos,KOPiv,p-Xylene,0.153,90,38.45
PPhtBu2,KOPiv,p-Xylene,0.153,90,0.0
tBPh-CPhos,KOPiv,p-Xylene,0.153,90,24.02
PCy3 HBF4,KOPiv,p-Xylene,0.153,90,0.0
PPh3,KOPiv,p-Xylene,0.153,90,1.58
X-Phos,KOPiv,p-Xylene,0.153,90,31.55
BrettPhos,CsOAc,p-Xylene,0.153,90,41.03
PPhtBu2,CsOAc,p-Xylene,0.153,90,0.0
tBPh-CPhos,CsOAc,p-Xylene,0.153,90,17.53
PCy3 HBF4,CsOAc,p-Xylene,0.153,90,0.0
PPh3,CsOAc,p-Xylene,0.153,90,5.38
X-Phos,CsOAc,p-Xylene,0.153,90,66.03
BrettPhos,CsOPiv,p-Xylene,0.153,90,23.57
PPhtBu2,CsOPiv,p-Xylene,0.153,90,0.0
tBPh-CPhos,CsOPiv,p-Xylene,0.153,90,25.67
PCy3 HBF4,CsOPiv,p-Xylene,0.153,90,0.0
PPh3,CsOPiv,p-Xylene,0.153,90,0.25
X-Phos,CsOPiv,p-Xylene,0.153,90,44.28
BrettPhos,KOAc,DMAc,0.153,105,5.49
PPhtBu2,KOAc,DMAc,0.153,105,0.0
tBPh-CPhos,KOAc,DMAc,0.153,105,57.33
PCy3 HBF4,KOAc,DMAc,0.153,105,5.25
PPh3,KOAc,DMAc,0.153,105,30.44
X-Phos,KOAc,DMAc,0.153,105,48.86
BrettPhos,KOPiv,DMAc,0.153,105,0.74
PPhtBu2,KOPiv,DMAc,0.153,105,0.0
tBPh-CPhos,KOPiv,DMAc,0.153,105,24.8
PCy3 HBF4,KOPiv,DMAc,0.153,105,12.78
PPh3,KOPiv,DMAc,0.153,105,71.11
X-Phos,KOPiv,DMAc,0.153,105,82.28
BrettPhos,CsOAc,DMAc,0.153,105,7.34
PPhtBu2,CsOAc,DMAc,0.153,105,0.0
tBPh-CPhos,CsOAc,DMAc,0.153,105,20.73
PCy3 HBF4,CsOAc,DMAc,0.153,105,10.25
PPh3,CsOAc,DMAc,0.153,105,66.27
X-Phos,CsOAc,DMAc,0.153,105,84.48
BrettPhos,CsOPiv,DMAc,0.153,105,0.0
PPhtBu2,CsOPiv,DMAc,0.153,105,0.0
tBPh-CPhos,CsOPiv,DMAc,0.153,105,6.54
PCy3 HBF4,CsOPiv,DMAc,0.153,105,9.07
PPh3,CsOPiv,DMAc,0.153,105,45.28
X-Phos,CsOPiv,DMAc,0.153,105,40.06
BrettPhos,KOAc,BuCN,0.153,105,22.3
PPhtBu2,KOAc,BuCN,0.153,105,0.0
tBPh-CPhos,KOAc,BuCN,0.153,105,6.88
PCy3 HBF4,KOAc,BuCN,0.153,105,0.0
PPh3,KOAc,BuCN,0.153,105,6.67
X-Phos,KOAc,BuCN,0.153,105,75.39
BrettPhos,KOPiv,BuCN,0.153,105,58.95
PPhtBu2,KOPiv,BuCN,0.153,105,0.0
tBPh-CPhos,KOPiv,BuCN,0.153,105,10.05
PCy3 HBF4,KOPiv,BuCN,0.153,105,1.37
PPh3,KOPiv,BuCN,0.153,105,7.88
X-Phos,KOPiv,BuCN,0.153,105,73.33
BrettPhos,CsOAc,BuCN,0.153,105,73.08
PPhtBu2,CsOAc,BuCN,0.153,105,0.0
tBPh-CPhos,CsOAc,BuCN,0.153,105,6.4
PCy3 HBF4,CsOAc,BuCN,0.153,105,2.15
PPh3,CsOAc,BuCN,0.153,105,5.55
X-Phos,CsOAc,BuCN,0.153,105,84.62
BrettPhos,CsOPiv,BuCN,0.153,105,56.5
PPhtBu2,CsOPiv,BuCN,0.153,105,0.0
tBPh-CPhos,CsOPiv,BuCN,0.153,105,8.84
PCy3 HBF4,CsOPiv,BuCN,0.153,105,2.01
PPh3,CsOPiv,BuCN,0.153,105,4.1
X-Phos,CsOPiv,BuCN,0.153,105,79.76
BrettPhos,KOAc,BuOAc,0.153,105,17.26
PPhtBu2,KOAc,BuOAc,0.153,105,0.0
tBPh-CPhos,KOAc,BuOAc,0.153,105,0.0
PCy3 HBF4,KOAc,BuOAc,0.153,105,0.0
PPh3,KOAc,BuOAc,0.153,105,4.51
X-Phos,KOAc,BuOAc,0.153,105,53.49
BrettPhos,KOPiv,BuOAc,0.153,105,33.97
PPhtBu2,KOPiv,BuOAc,0.153,105,0.0
tBPh-CPhos,KOPiv,BuOAc,0.153,105,0.0
PCy3 HBF4,KOPiv,BuOAc,0.153,105,0.0
PPh3,KOPiv,BuOAc,0.153,105,2.95
X-Phos,KOPiv,BuOAc,0.153,105,44.48
BrettPhos,CsOAc,BuOAc,0.153,105,20.35
PPhtBu2,CsOAc,BuOAc,0.153,105,0.0
tBPh-CPhos,CsOAc,BuOAc,0.153,105,0.0
PCy3 HBF4,CsOAc,BuOAc,0.153,105,0.0
PPh3,CsOAc,BuOAc,0.153,105,4.2
X-Phos,CsOAc,BuOAc,0.153,105,81.66
BrettPhos,CsOPiv,BuOAc,0.153,105,24.56
PPhtBu2,CsOPiv,BuOAc,0.153,105,0.0
tBPh-CPhos,CsOPiv,BuOAc,0.153,105,0.0
PCy3 HBF4,CsOPiv,BuOAc,0.153,105,0.0
PPh3,CsOPiv,BuOAc,0.153,105,1.94
X-Phos,CsOPiv,BuOAc,0.153,105,5.53
BrettPhos,KOAc,p-Xylene,0.153,105,16.87
PPhtBu2,KOAc,p-Xylene,0.153,105,0.0
tBPh-CPhos,KOAc,p-Xylene,0.153,105,8.3
PCy3 HBF4,KOAc,p-Xylene,0.153,105,0.0
PPh3,KOAc,p-Xylene,0.153,105,3.57
X-Phos,KOAc,p-Xylene,0.153,105,39.32
BrettPhos,KOPiv,p-Xylene,0.153,105,40.76
PPhtBu2,KOPiv,p-Xylene,0.153,105,0.0
tBPh-CPhos,KOPiv,p-Xylene,0.153,105,47.33
PCy3 HBF4,KOPiv,p-Xylene,0.153,105,0.0
PPh3,KOPiv,p-Xylene,0.153,105,6.42
X-Phos,KOPiv,p-Xylene,0.153,105,34.45
BrettPhos,CsOAc,p-Xylene,0.153,105,44.16
PPhtBu2,CsOAc,p-Xylene,0.153,105,0.0
tBPh-CPhos,CsOAc,p-Xylene,0.153,105,20.31
PCy3 HBF4,CsOAc,p-Xylene,0.153,105,0.28
PPh3,CsOAc,p-Xylene,0.153,105,13.71
X-Phos,CsOAc,p-Xylene,0.153,105,76.63
BrettPhos,CsOPiv,p-Xylene,0.153,105,24.76
PPhtBu2,CsOPiv,p-Xylene,0.153,105,0.0
tBPh-CPhos,CsOPiv,p-Xylene,0.153,105,29.56
PCy3 HBF4,CsOPiv,p-Xylene,0.153,105,0.0
PPh3,CsOPiv,p-Xylene,0.153,105,2.11
X-Phos,CsOPiv,p-Xylene,0.153,105,73.93
BrettPhos,KOAc,DMAc,0.153,120,5.95
PPhtBu2,KOAc,DMAc,0.153,120,4.3
tBPh-CPhos,KOAc,DMAc,0.153,120,76.59
PCy3 HBF4,KOAc,DMAc,0.153,120,11.91
PPh3,KOAc,DMAc,0.153,120,51.83
X-Phos,KOAc,DMAc,0.153,120,84.67
BrettPhos,KOPiv,DMAc,0.153,120,0.89
PPhtBu2,KOPiv,DMAc,0.153,120,0.0
tBPh-CPhos,KOPiv,DMAc,0.153,120,45.01
PCy3 HBF4,KOPiv,DMAc,0.153,120,24.11
PPh3,KOPiv,DMAc,0.153,120,79.1
X-Phos,KOPiv,DMAc,0.153,120,80.39
BrettPhos,CsOAc,DMAc,0.153,120,7.43
PPhtBu2,CsOAc,DMAc,0.153,120,0.51
tBPh-CPhos,CsOAc,DMAc,0.153,120,32.21
PCy3 HBF4,CsOAc,DMAc,0.153,120,18.61
PPh3,CsOAc,DMAc,0.153,120,78.19
X-Phos,CsOAc,DMAc,0.153,120,84.49
BrettPhos,CsOPiv,DMAc,0.153,120,0.0
PPhtBu2,CsOPiv,DMAc,0.153,120,0.0
tBPh-CPhos,CsOPiv,DMAc,0.153,120,9.96
PCy3 HBF4,CsOPiv,DMAc,0.153,120,13.88
PPh3,CsOPiv,DMAc,0.153,120,58.4
X-Phos,CsOPiv,DMAc,0.153,120,48.34
BrettPhos,KOAc,BuCN,0.153,120,25.77
PPhtBu2,KOAc,BuCN,0.153,120,0.0
tBPh-CPhos,KOAc,BuCN,0.153,120,7.65
PCy3 HBF4,KOAc,BuCN,0.153,120,0.74
PPh3,KOAc,BuCN,0.153,120,12.34
X-Phos,KOAc,BuCN,0.153,120,78.6
BrettPhos,KOPiv,BuCN,0.153,120,58.48
PPhtBu2,KOPiv,BuCN,0.153,120,0.0
tBPh-CPhos,KOPiv,BuCN,0.153,120,9.61
PCy3 HBF4,KOPiv,BuCN,0.153,120,2.77
PPh3,KOPiv,BuCN,0.153,120,15.64
X-Phos,KOPiv,BuCN,0.153,120,71.43
BrettPhos,CsOAc,BuCN,0.153,120,69.03
PPhtBu2,CsOAc,BuCN,0.153,120,0.0
tBPh-CPhos,CsOAc,BuCN,0.153,120,8.82
PCy3 HBF4,CsOAc,BuCN,0.153,120,1.89
PPh3,CsOAc,BuCN,0.153,120,19.64
X-Phos,CsOAc,BuCN,0.153,120,77.01
BrettPhos,CsOPiv,BuCN,0.153,120,53.81
PPhtBu2,CsOPiv,BuCN,0.153,120,0.0
tBPh-CPhos,CsOPiv,BuCN,0.153,120,7.54
PCy3 HBF4,CsOPiv,BuCN,0.153,120,3.33
PPh3,CsOPiv,BuCN,0.153,120,6.1
X-Phos,CsOPiv,BuCN,0.153,120,78.44
BrettPhos,KOAc,BuOAc,0.153,120,18.26
PPhtBu2,KOAc,BuOAc,0.153,120,0.0
tBPh-CPhos,KOAc,BuOAc,0.153,120,0.0
PCy3 HBF4,KOAc,BuOAc,0.153,120,0.0
PPh3,KOAc,BuOAc,0.153,120,4.86
X-Phos,KOAc,BuOAc,0.153,120,76.24
BrettPhos,KOPiv,BuOAc,0.153,120,36.18
PPhtBu2,KOPiv,BuOAc,0.153,120,0.0
tBPh-CPhos,KOPiv,BuOAc,0.153,120,14.01
PCy3 HBF4,KOPiv,BuOAc,0.153,120,0.0
PPh3,KOPiv,BuOAc,0.153,120,4.33
X-Phos,KOPiv,BuOAc,0.153,120,48.91
BrettPhos,CsOAc,BuOAc,0.153,120,20.6
PPhtBu2,CsOAc,BuOAc,0.153,120,0.0
tBPh-CPhos,CsOAc,BuOAc,0.153,120,0.0
PCy3 HBF4,CsOAc,BuOAc,0.153,120,0.0
PPh3,CsOAc,BuOAc,0.153,120,14.26
X-Phos,CsOAc,BuOAc,0.153,120,6.23
BrettPhos,CsOPiv,BuOAc,0.153,120,25.67
PPhtBu2,CsOPiv,BuOAc,0.153,120,0.0
tBPh-CPhos,CsOPiv,BuOAc,0.153,120,0.0
PCy3 HBF4,CsOPiv,BuOAc,0.153,120,0.0
PPh3,CsOPiv,BuOAc,0.153,120,2.81
X-Phos,CsOPiv,BuOAc,0.153,120,59.05
BrettPhos,KOAc,p-Xylene,0.153,120,18.89
PPhtBu2,KOAc,p-Xylene,0.153,120,0.0
tBPh-CPhos,KOAc,p-Xylene,0.153,120,8.61
PCy3 HBF4,KOAc,p-Xylene,0.153,120,0.0
PPh3,KOAc,p-Xylene,0.153,120,5.22
X-Phos,KOAc,p-Xylene,0.153,120,61.67
BrettPhos,KOPiv,p-Xylene,0.153,120,49.57
PPhtBu2,KOPiv,p-Xylene,0.153,120,0.0
tBPh-CPhos,KOPiv,p-Xylene,0.153,120,29.39
PCy3 HBF4,KOPiv,p-Xylene,0.153,120,0.0
PPh3,KOPiv,p-Xylene,0.153,120,7.54
X-Phos,KOPiv,p-Xylene,0.153,120,62.15
BrettPhos,CsOAc,p-Xylene,0.153,120,43.9
PPhtBu2,CsOAc,p-Xylene,0.153,120,0.0
tBPh-CPhos,CsOAc,p-Xylene,0.153,120,22.08
PCy3 HBF4,CsOAc,p-Xylene,0.153,120,1.12
PPh3,CsOAc,p-Xylene,0.153,120,11.83
X-Phos,CsOAc,p-Xylene,0.153,120,70.8
BrettPhos,CsOPiv,p-Xylene,0.153,120,26.29
PPhtBu2,CsOPiv,p-Xylene,0.153,120,0.0
tBPh-CPhos,CsOPiv,p-Xylene,0.153,120,29.96
PCy3 HBF4,CsOPiv,p-Xylene,0.153,120,0.83
PPh3,CsOPiv,p-Xylene,0.153,120,4.26
X-Phos,CsOPiv,p-Xylene,0.153,120,68.31
P(fur)3,KOAc,DMAc,0.1,90,9.59
PPh2Me,KOAc,DMAc,0.1,90,1.06
GorlosPhos HBF4,KOAc,DMAc,0.1,90,4.85
JackiePhos,KOAc,DMAc,0.1,90,45.87
CgMe-PPh,KOAc,DMAc,0.1,90,13.19
PPhMe2,KOAc,DMAc,0.1,90,0.0
P(fur)3,KOPiv,DMAc,0.1,90,26.29
PPh2Me,KOPiv,DMAc,0.1,90,0.0
GorlosPhos HBF4,KOPiv,DMAc,0.1,90,10.34
JackiePhos,KOPiv,DMAc,0.1,90,3.51
CgMe-PPh,KOPiv,DMAc,0.1,90,55.7
PPhMe2,KOPiv,DMAc,0.1,90,0.0
P(fur)3,CsOAc,DMAc,0.1,90,17.98
PPh2Me,CsOAc,DMAc,0.1,90,0.0
GorlosPhos HBF4,CsOAc,DMAc,0.1,90,6.93
JackiePhos,CsOAc,DMAc,0.1,90,16.92
CgMe-PPh,CsOAc,DMAc,0.1,90,39.55
PPhMe2,CsOAc,DMAc,0.1,90,0.0
P(fur)3,CsOPiv,DMAc,0.1,90,21.46
PPh2Me,CsOPiv,DMAc,0.1,90,0.0
GorlosPhos HBF4,CsOPiv,DMAc,0.1,90,13.78
JackiePhos,CsOPiv,DMAc,0.1,90,1.26
CgMe-PPh,CsOPiv,DMAc,0.1,90,75.28
PPhMe2,CsOPiv,DMAc,0.1,90,0.0
P(fur)3,KOAc,BuCN,0.1,90,2.55
PPh2Me,KOAc,BuCN,0.1,90,0.0
GorlosPhos HBF4,KOAc,BuCN,0.1,90,3.89
JackiePhos,KOAc,BuCN,0.1,90,19.97
CgMe-PPh,KOAc,BuCN,0.1,90,16.04
PPhMe2,KOAc,BuCN,0.1,90,0.0
P(fur)3,KOPiv,BuCN,0.1,90,26.88
PPh2Me,KOPiv,BuCN,0.1,90,0.0
GorlosPhos HBF4,KOPiv,BuCN,0.1,90,0.0
JackiePhos,KOPiv,BuCN,0.1,90,0.0
CgMe-PPh,KOPiv,BuCN,0.1,90,57.18
PPhMe2,KOPiv,BuCN,0.1,90,0.0
P(fur)3,CsOAc,BuCN,0.1,90,26.28
PPh2Me,CsOAc,BuCN,0.1,90,0.0
GorlosPhos HBF4,CsOAc,BuCN,0.1,90,18.59
JackiePhos,CsOAc,BuCN,0.1,90,32.14
CgMe-PPh,CsOAc,BuCN,0.1,90,57.95
PPhMe2,CsOAc,BuCN,0.1,90,0.0
P(fur)3,CsOPiv,BuCN,0.1,90,31.38
PPh2Me,CsOPiv,BuCN,0.1,90,0.0
GorlosPhos HBF4,CsOPiv,BuCN,0.1,90,24.25
JackiePhos,CsOPiv,BuCN,0.1,90,13.01
CgMe-PPh,CsOPiv,BuCN,0.1,90,37.4
PPhMe2,CsOPiv,BuCN,0.1,90,0.0
P(fur)3,KOAc,BuOAc,0.1,90,5.5
PPh2Me,KOAc,BuOAc,0.1,90,0.0
GorlosPhos HBF4,KOAc,BuOAc,0.1,90,0.79
JackiePhos,KOAc,BuOAc,0.1,90,4.43
CgMe-PPh,KOAc,BuOAc,0.1,90,14.83
PPhMe2,KOAc,BuOAc,0.1,90,0.0
P(fur)3,KOPiv,BuOAc,0.1,90,25.0
PPh2Me,KOPiv,BuOAc,0.1,90,0.0
GorlosPhos HBF4,KOPiv,BuOAc,0.1,90,8.16
JackiePhos,KOPiv,BuOAc,0.1,90,0.0
CgMe-PPh,KOPiv,BuOAc,0.1,90,21.51
PPhMe2,KOPiv,BuOAc,0.1,90,0.0
P(fur)3,CsOAc,BuOAc,0.1,90,16.28
PPh2Me,CsOAc,BuOAc,0.1,90,0.0
GorlosPhos HBF4,CsOAc,BuOAc,0.1,90,2.67
JackiePhos,CsOAc,BuOAc,0.1,90,2.69
CgMe-PPh,CsOAc,BuOAc,0.1,90,24.59
PPhMe2,CsOAc,BuOAc,0.1,90,0.0
P(fur)3,CsOPiv,BuOAc,0.1,90,14.58
PPh2Me,CsOPiv,BuOAc,0.1,90,0.0
GorlosPhos HBF4,CsOPiv,BuOAc,0.1,90,8.88
JackiePhos,CsOPiv,BuOAc,0.1,90,2.21
CgMe-PPh,CsOPiv,BuOAc,0.1,90,17.93
PPhMe2,CsOPiv,BuOAc,0.1,90,0.0
P(fur)3,KOAc,p-Xylene,0.1,90,3.63
PPh2Me,KOAc,p-Xylene,0.1,90,0.0
GorlosPhos HBF4,KOAc,p-Xylene,0.1,90,0.7
JackiePhos,KOAc,p-Xylene,0.1,90,4.95
CgMe-PPh,KOAc,p-Xylene,0.1,90,11.95
PPhMe2,KOAc,p-Xylene,0.1,90,0.0
P(fur)3,KOPiv,p-Xylene,0.1,90,20.46
PPh2Me,KOPiv,p-Xylene,0.1,90,0.0
GorlosPhos HBF4,KOPiv,p-Xylene,0.1,90,4.73
JackiePhos,KOPiv,p-Xylene,0.1,90,8.98
CgMe-PPh,KOPiv,p-Xylene,0.1,90,18.9
PPhMe2,KOPiv,p-Xylene,0.1,90,0.0
P(fur)3,CsOAc,p-Xylene,0.1,90,20.22
PPh2Me,CsOAc,p-Xylene,0.1,90,0.0
GorlosPhos HBF4,CsOAc,p-Xylene,0.1,90,3.17
JackiePhos,CsOAc,p-Xylene,0.1,90,5.5
CgMe-PPh,CsOAc,p-Xylene,0.1,90,23.05
PPhMe2,CsOAc,p-Xylene,0.1,90,0.0
P(fur)3,CsOPiv,p-Xylene,0.1,90,9.6
PPh2Me,CsOPiv,p-Xylene,0.1,90,0.0
GorlosPhos HBF4,CsOPiv,p-Xylene,0.1,90,2.99
JackiePhos,CsOPiv,p-Xylene,0.1,90,7.8
CgMe-PPh,CsOPiv,p-Xylene,0.1,90,8.21
PPhMe2,CsOPiv,p-Xylene,0.1,90,0.0
P(fur)3,KOAc,DMAc,0.1,105,41.9
PPh2Me,KOAc,DMAc,0.1,105,8.23
GorlosPhos HBF4,KOAc,DMAc,0.1,105,13.11
JackiePhos,KOAc,DMAc,0.1,105,75.22
CgMe-PPh,KOAc,DMAc,0.1,105,80.38
PPhMe2,KOAc,DMAc,0.1,105,0.0
P(fur)3,KOPiv,DMAc,0.1,105,73.59
PPh2Me,KOPiv,DMAc,0.1,105,8.85
GorlosPhos HBF4,KOPiv,DMAc,0.1,105,38.15
JackiePhos,KOPiv,DMAc,0.1,105,50.54
CgMe-PPh,KOPiv,DMAc,0.1,105,89.76
PPhMe2,KOPiv,DMAc,0.1,105,0.0
P(fur)3,CsOAc,DMAc,0.1,105,45.21
PPh2Me,CsOAc,DMAc,0.1,105,9.55
GorlosPhos HBF4,CsOAc,DMAc,0.1,105,19.97
JackiePhos,CsOAc,DMAc,0.1,105,41.0
CgMe-PPh,CsOAc,DMAc,0.1,105,83.25
PPhMe2,CsOAc,DMAc,0.1,105,0.0
P(fur)3,CsOPiv,DMAc,0.1,105,49.4
PPh2Me,CsOPiv,DMAc,0.1,105,4.3
GorlosPhos HBF4,CsOPiv,DMAc,0.1,105,40.43
JackiePhos,CsOPiv,DMAc,0.1,105,0.0
CgMe-PPh,CsOPiv,DMAc,0.1,105,91.11
PPhMe2,CsOPiv,DMAc,0.1,105,0.0
P(fur)3,KOAc,BuCN,0.1,105,9.1
PPh2Me,KOAc,BuCN,0.1,105,0.0
GorlosPhos HBF4,KOAc,BuCN,0.1,105,14.36
JackiePhos,KOAc,BuCN,0.1,105,19.82
CgMe-PPh,KOAc,BuCN,0.1,105,54.67
PPhMe2,KOAc,BuCN,0.1,105,0.0
P(fur)3,KOPiv,BuCN,0.1,105,46.99
PPh2Me,KOPiv,BuCN,0.1,105,0.0
GorlosPhos HBF4,KOPiv,BuCN,0.1,105,43.52
JackiePhos,KOPiv,BuCN,0.1,105,16.82
CgMe-PPh,KOPiv,BuCN,0.1,105,76.68
PPhMe2,KOPiv,BuCN,0.1,105,0.0
P(fur)3,CsOAc,BuCN,0.1,105,16.19
PPh2Me,CsOAc,BuCN,0.1,105,0.0
GorlosPhos HBF4,CsOAc,BuCN,0.1,105,33.34
JackiePhos,CsOAc,BuCN,0.1,105,26.69
CgMe-PPh,CsOAc,BuCN,0.1,105,82.33
PPhMe2,CsOAc,BuCN,0.1,105,0.0
P(fur)3,CsOPiv,BuCN,0.1,105,25.08
PPh2Me,CsOPiv,BuCN,0.1,105,0.0
GorlosPhos HBF4,CsOPiv,BuCN,0.1,105,39.42
JackiePhos,CsOPiv,BuCN,0.1,105,11.95
CgMe-PPh,CsOPiv,BuCN,0.1,105,65.69
PPhMe2,CsOPiv,BuCN,0.1,105,0.0
P(fur)3,KOAc,BuOAc,0.1,105,9.87
PPh2Me,KOAc,BuOAc,0.1,105,0.0
GorlosPhos HBF4,KOAc,BuOAc,0.1,105,2.85
JackiePhos,KOAc,BuOAc,0.1,105,7.74
CgMe-PPh,KOAc,BuOAc,0.1,105,41.35
PPhMe2,KOAc,BuOAc,0.1,105,0.0
P(fur)3,KOPiv,BuOAc,0.1,105,18.21
PPh2Me,KOPiv,BuOAc,0.1,105,0.0
GorlosPhos HBF4,KOPiv,BuOAc,0.1,105,20.21
JackiePhos,KOPiv,BuOAc,0.1,105,5.98
CgMe-PPh,KOPiv,BuOAc,0.1,105,36.23
PPhMe2,KOPiv,BuOAc,0.1,105,0.0
P(fur)3,CsOAc,BuOAc,0.1,105,15.72
PPh2Me,CsOAc,BuOAc,0.1,105,0.0
GorlosPhos HBF4,CsOAc,BuOAc,0.1,105,8.11
JackiePhos,CsOAc,BuOAc,0.1,105,3.08
CgMe-PPh,CsOAc,BuOAc,0.1,105,45.01
PPhMe2,CsOAc,BuOAc,0.1,105,0.0
P(fur)3,CsOPiv,BuOAc,0.1,105,14.51
PPh2Me,CsOPiv,BuOAc,0.1,105,0.0
GorlosPhos HBF4,CsOPiv,BuOAc,0.1,105,20.63
JackiePhos,CsOPiv,BuOAc,0.1,105,2.41
CgMe-PPh,CsOPiv,BuOAc,0.1,105,24.0
PPhMe2,CsOPiv,BuOAc,0.1,105,0.0
P(fur)3,KOAc,p-Xylene,0.1,105,8.45
PPh2Me,KOAc,p-Xylene,0.1,105,0.0
GorlosPhos HBF4,KOAc,p-Xylene,0.1,105,0.83
JackiePhos,KOAc,p-Xylene,0.1,105,5.36
CgMe-PPh,KOAc,p-Xylene,0.1,105,35.6
PPhMe2,KOAc,p-Xylene,0.1,105,0.0
P(fur)3,KOPiv,p-Xylene,0.1,105,19.32
PPh2Me,KOPiv,p-Xylene,0.1,105,0.0
GorlosPhos HBF4,KOPiv,p-Xylene,0.1,105,10.98
JackiePhos,KOPiv,p-Xylene,0.1,105,9.9
CgMe-PPh,KOPiv,p-Xylene,0.1,105,32.37
PPhMe2,KOPiv,p-Xylene,0.1,105,0.0
P(fur)3,CsOAc,p-Xylene,0.1,105,30.29
PPh2Me,CsOAc,p-Xylene,0.1,105,0.0
GorlosPhos HBF4,CsOAc,p-Xylene,0.1,105,14.97
JackiePhos,CsOAc,p-Xylene,0.1,105,7.15
CgMe-PPh,CsOAc,p-Xylene,0.1,105,68.35
PPhMe2,CsOAc,p-Xylene,0.1,105,0.0
P(fur)3,CsOPiv,p-Xylene,0.1,105,10.05
PPh2Me,CsOPiv,p-Xylene,0.1,105,0.0
GorlosPhos HBF4,CsOPiv,p-Xylene,0.1,105,9.89
JackiePhos,CsOPiv,p-Xylene,0.1,105,8.06
CgMe-PPh,CsOPiv,p-Xylene,0.1,105,16.46
PPhMe2,CsOPiv,p-Xylene,0.1,105,0.0
P(fur)3,KOAc,DMAc,0.1,120,60.48
PPh2Me,KOAc,DMAc,0.1,120,10.51
GorlosPhos HBF4,KOAc,DMAc,0.1,120,15.42
JackiePhos,KOAc,DMAc,0.1,120,75.12
CgMe-PPh,KOAc,DMAc,0.1,120,83.22
PPhMe2,KOAc,DMAc,0.1,120,3.59
P(fur)3,KOPiv,DMAc,0.1,120,76.02
PPh2Me,KOPiv,DMAc,0.1,120,30.15
GorlosPhos HBF4,KOPiv,DMAc,0.1,120,49.17
JackiePhos,KOPiv,DMAc,0.1,120,70.26
CgMe-PPh,KOPiv,DMAc,0.1,120,87.59
PPhMe2,KOPiv,DMAc,0.1,120,3.35
P(fur)3,CsOAc,DMAc,0.1,120,29.06
PPh2Me,CsOAc,DMAc,0.1,120,4.61
GorlosPhos HBF4,CsOAc,DMAc,0.1,120,26.78
JackiePhos,CsOAc,DMAc,0.1,120,67.63
CgMe-PPh,CsOAc,DMAc,0.1,120,81.63
PPhMe2,CsOAc,DMAc,0.1,120,19.02
P(fur)3,CsOPiv,DMAc,0.1,120,62.32
PPh2Me,CsOPiv,DMAc,0.1,120,3.7
GorlosPhos HBF4,CsOPiv,DMAc,0.1,120,45.17
JackiePhos,CsOPiv,DMAc,0.1,120,13.46
CgMe-PPh,CsOPiv,DMAc,0.1,120,83.85
PPhMe2,CsOPiv,DMAc,0.1,120,0.0
P(fur)3,KOAc,BuCN,0.1,120,13.89
PPh2Me,KOAc,BuCN,0.1,120,0.0
GorlosPhos HBF4,KOAc,BuCN,0.1,120,22.06
JackiePhos,KOAc,BuCN,0.1,120,20.08
CgMe-PPh,KOAc,BuCN,0.1,120,67.57
PPhMe2,KOAc,BuCN,0.1,120,0.0
P(fur)3,KOPiv,BuCN,0.1,120,40.02
PPh2Me,KOPiv,BuCN,0.1,120,0.0
GorlosPhos HBF4,KOPiv,BuCN,0.1,120,56.45
JackiePhos,KOPiv,BuCN,0.1,120,16.47
CgMe-PPh,KOPiv,BuCN,0.1,120,70.51
PPhMe2,KOPiv,BuCN,0.1,120,0.0
P(fur)3,CsOAc,BuCN,0.1,120,13.75
PPh2Me,CsOAc,BuCN,0.1,120,0.0
GorlosPhos HBF4,CsOAc,BuCN,0.1,120,40.61
JackiePhos,CsOAc,BuCN,0.1,120,23.5
CgMe-PPh,CsOAc,BuCN,0.1,120,88.82
PPhMe2,CsOAc,BuCN,0.1,120,0.0
P(fur)3,CsOPiv,BuCN,0.1,120,37.73
PPh2Me,CsOPiv,BuCN,0.1,120,0.0
GorlosPhos HBF4,CsOPiv,BuCN,0.1,120,48.15
JackiePhos,CsOPiv,BuCN,0.1,120,12.12
CgMe-PPh,CsOPiv,BuCN,0.1,120,71.57
PPhMe2,CsOPiv,BuCN,0.1,120,0.0
P(fur)3,KOAc,BuOAc,0.1,120,21.34
PPh2Me,KOAc,BuOAc,0.1,120,0.0
GorlosPhos HBF4,KOAc,BuOAc,0.1,120,11.31
JackiePhos,KOAc,BuOAc,0.1,120,7.82
CgMe-PPh,KOAc,BuOAc,0.1,120,51.37
PPhMe2,KOAc,BuOAc,0.1,120,0.0
P(fur)3,KOPiv,BuOAc,0.1,120,21.0
PPh2Me,KOPiv,BuOAc,0.1,120,0.31
GorlosPhos HBF4,KOPiv,BuOAc,0.1,120,35.43
JackiePhos,KOPiv,BuOAc,0.1,120,6.73
CgMe-PPh,KOPiv,BuOAc,0.1,120,42.62
PPhMe2,KOPiv,BuOAc,0.1,120,0.0
P(fur)3,CsOAc,BuOAc,0.1,120,14.73
PPh2Me,CsOAc,BuOAc,0.1,120,0.0
GorlosPhos HBF4,CsOAc,BuOAc,0.1,120,29.75
JackiePhos,CsOAc,BuOAc,0.1,120,4.06
CgMe-PPh,CsOAc,BuOAc,0.1,120,57.84
PPhMe2,CsOAc,BuOAc,0.1,120,0.0
P(fur)3,CsOPiv,BuOAc,0.1,120,15.21
PPh2Me,CsOPiv,BuOAc,0.1,120,0.0
GorlosPhos HBF4,CsOPiv,BuOAc,0.1,120,42.04
JackiePhos,CsOPiv,BuOAc,0.1,120,2.48
CgMe-PPh,CsOPiv,BuOAc,0.1,120,26.74
PPhMe2,CsOPiv,BuOAc,0.1,120,0.0
P(fur)3,KOAc,p-Xylene,0.1,120,9.72
PPh2Me,KOAc,p-Xylene,0.1,120,0.0
GorlosPhos HBF4,KOAc,p-Xylene,0.1,120,7.43
JackiePhos,KOAc,p-Xylene,0.1,120,7.03
CgMe-PPh,KOAc,p-Xylene,0.1,120,46.75
PPhMe2,KOAc,p-Xylene,0.1,120,0.0
P(fur)3,KOPiv,p-Xylene,0.1,120,16.71
PPh2Me,KOPiv,p-Xylene,0.1,120,0.0
GorlosPhos HBF4,KOPiv,p-Xylene,0.1,120,21.25
JackiePhos,KOPiv,p-Xylene,0.1,120,11.69
CgMe-PPh,KOPiv,p-Xylene,0.1,120,40.85
PPhMe2,KOPiv,p-Xylene,0.1,120,0.0
P(fur)3,CsOAc,p-Xylene,0.1,120,19.04
PPh2Me,CsOAc,p-Xylene,0.1,120,0.0
GorlosPhos HBF4,CsOAc,p-Xylene,0.1,120,21.42
JackiePhos,CsOAc,p-Xylene,0.1,120,8.31
CgMe-PPh,CsOAc,p-Xylene,0.1,120,62.73
PPhMe2,CsOAc,p-Xylene,0.1,120,0.0
P(fur)3,CsOPiv,p-Xylene,0.1,120,14.75
PPh2Me,CsOPiv,p-Xylene,0.1,120,0.0
GorlosPhos HBF4,CsOPiv,p-Xylene,0.1,120,9.03
JackiePhos,CsOPiv,p-Xylene,0.1,120,8.89
CgMe-PPh,CsOPiv,p-Xylene,0.1,120,20.03
PPhMe2,CsOPiv,p-Xylene,0.1,120,0.0
P(fur)3,KOAc,DMAc,0.057,90,14.53
PPh2Me,KOAc,DMAc,0.057,90,7.3
GorlosPhos HBF4,KOAc,DMAc,0.057,90,3.06
JackiePhos,KOAc,DMAc,0.057,90,72.24
CgMe-PPh,KOAc,DMAc,0.057,90,30.41
PPhMe2,KOAc,DMAc,0.057,90,0.0
P(fur)3,KOPiv,DMAc,0.057,90,26.56
PPh2Me,KOPiv,DMAc,0.057,90,5.02
GorlosPhos HBF4,KOPiv,DMAc,0.057,90,12.98
JackiePhos,KOPiv,DMAc,0.057,90,7.12
CgMe-PPh,KOPiv,DMAc,0.057,90,62.75
PPhMe2,KOPiv,DMAc,0.057,90,0.0
P(fur)3,CsOAc,DMAc,0.057,90,18.38
PPh2Me,CsOAc,DMAc,0.057,90,7.32
GorlosPhos HBF4,CsOAc,DMAc,0.057,90,5.38
JackiePhos,CsOAc,DMAc,0.057,90,40.47
CgMe-PPh,CsOAc,DMAc,0.057,90,38.8
PPhMe2,CsOAc,DMAc,0.057,90,0.0
P(fur)3,CsOPiv,DMAc,0.057,90,21.65
PPh2Me,CsOPiv,DMAc,0.057,90,3.43
GorlosPhos HBF4,CsOPiv,DMAc,0.057,90,11.07
JackiePhos,CsOPiv,DMAc,0.057,90,2.72
CgMe-PPh,CsOPiv,DMAc,0.057,90,65.32
PPhMe2,CsOPiv,DMAc,0.057,90,0.0
P(fur)3,KOAc,BuCN,0.057,90,2.62
PPh2Me,KOAc,BuCN,0.057,90,0.0
GorlosPhos HBF4,KOAc,BuCN,0.057,90,4.98
JackiePhos,KOAc,BuCN,0.057,90,20.5
CgMe-PPh,KOAc,BuCN,0.057,90,17.45
PPhMe2,KOAc,BuCN,0.057,90,0.0
P(fur)3,KOPiv,BuCN,0.057,90,37.93
PPh2Me,KOPiv,BuCN,0.057,90,0.0
GorlosPhos HBF4,KOPiv,BuCN,0.057,90,28.17
JackiePhos,KOPiv,BuCN,0.057,90,16.57
CgMe-PPh,KOPiv,BuCN,0.057,90,51.32
PPhMe2,KOPiv,BuCN,0.057,90,0.0
P(fur)3,CsOAc,BuCN,0.057,90,12.91
PPh2Me,CsOAc,BuCN,0.057,90,0.0
GorlosPhos HBF4,CsOAc,BuCN,0.057,90,21.15
JackiePhos,CsOAc,BuCN,0.057,90,23.51
CgMe-PPh,CsOAc,BuCN,0.057,90,57.85
PPhMe2,CsOAc,BuCN,0.057,90,0.0
P(fur)3,CsOPiv,BuCN,0.057,90,26.3
PPh2Me,CsOPiv,BuCN,0.057,90,0.0
GorlosPhos HBF4,CsOPiv,BuCN,0.057,90,29.23
JackiePhos,CsOPiv,BuCN,0.057,90,11.65
CgMe-PPh,CsOPiv,BuCN,0.057,90,43.22
PPhMe2,CsOPiv,BuCN,0.057,90,0.0
P(fur)3,KOAc,BuOAc,0.057,90,3.78
PPh2Me,KOAc,BuOAc,0.057,90,0.0
GorlosPhos HBF4,KOAc,BuOAc,0.057,90,3.14
JackiePhos,KOAc,BuOAc,0.057,90,3.77
CgMe-PPh,KOAc,BuOAc,0.057,90,12.61
PPhMe2,KOAc,BuOAc,0.057,90,0.0
P(fur)3,KOPiv,BuOAc,0.057,90,15.73
PPh2Me,KOPiv,BuOAc,0.057,90,0.0
GorlosPhos HBF4,KOPiv,BuOAc,0.057,90,3.04
JackiePhos,KOPiv,BuOAc,0.057,90,3.67
CgMe-PPh,KOPiv,BuOAc,0.057,90,17.63
PPhMe2,KOPiv,BuOAc,0.057,90,0.0
P(fur)3,CsOAc,BuOAc,0.057,90,13.72
PPh2Me,CsOAc,BuOAc,0.057,90,0.0
GorlosPhos HBF4,CsOAc,BuOAc,0.057,90,8.14
JackiePhos,CsOAc,BuOAc,0.057,90,1.79
CgMe-PPh,CsOAc,BuOAc,0.057,90,20.2
PPhMe2,CsOAc,BuOAc,0.057,90,0.0
P(fur)3,CsOPiv,BuOAc,0.057,90,13.13
PPh2Me,CsOPiv,BuOAc,0.057,90,0.0
GorlosPhos HBF4,CsOPiv,BuOAc,0.057,90,11.0
JackiePhos,CsOPiv,BuOAc,0.057,90,0.99
CgMe-PPh,CsOPiv,BuOAc,0.057,90,14.68
PPhMe2,CsOPiv,BuOAc,0.057,90,0.0
P(fur)3,KOAc,p-Xylene,0.057,90,2.65
PPh2Me,KOAc,p-Xylene,0.057,90,0.0
GorlosPhos HBF4,KOAc,p-Xylene,0.057,90,0.0
JackiePhos,KOAc,p-Xylene,0.057,90,3.79
CgMe-PPh,KOAc,p-Xylene,0.057,90,8.45
PPhMe2,KOAc,p-Xylene,0.057,90,0.0
P(fur)3,KOPiv,p-Xylene,0.057,90,15.86
PPh2Me,KOPiv,p-Xylene,0.057,90,0.0
GorlosPhos HBF4,KOPiv,p-Xylene,0.057,90,0.0
JackiePhos,KOPiv,p-Xylene,0.057,90,7.25
CgMe-PPh,KOPiv,p-Xylene,0.057,90,16.15
PPhMe2,KOPiv,p-Xylene,0.057,90,0.0
P(fur)3,CsOAc,p-Xylene,0.057,90,15.92
PPh2Me,CsOAc,p-Xylene,0.057,90,0.0
GorlosPhos HBF4,CsOAc,p-Xylene,0.057,90,1.12
JackiePhos,CsOAc,p-Xylene,0.057,90,5.48
CgMe-PPh,CsOAc,p-Xylene,0.057,90,28.4
PPhMe2,CsOAc,p-Xylene,0.057,90,0.0
P(fur)3,CsOPiv,p-Xylene,0.057,90,7.59
PPh2Me,CsOPiv,p-Xylene,0.057,90,0.0
GorlosPhos HBF4,CsOPiv,p-Xylene,0.057,90,0.76
JackiePhos,CsOPiv,p-Xylene,0.057,90,0.0
CgMe-PPh,CsOPiv,p-Xylene,0.057,90,0.4
PPhMe2,CsOPiv,p-Xylene,0.057,90,0.0
P(fur)3,KOAc,DMAc,0.057,105,39.39
PPh2Me,KOAc,DMAc,0.057,105,14.36
GorlosPhos HBF4,KOAc,DMAc,0.057,105,10.03
JackiePhos,KOAc,DMAc,0.057,105,87.62
CgMe-PPh,KOAc,DMAc,0.057,105,67.21
PPhMe2,KOAc,DMAc,0.057,105,0.0
P(fur)3,KOPiv,DMAc,0.057,105,64.12
PPh2Me,KOPiv,DMAc,0.057,105,22.92
GorlosPhos HBF4,KOPiv,DMAc,0.057,105,27.93
JackiePhos,KOPiv,DMAc,0.057,105,54.07
CgMe-PPh,KOPiv,DMAc,0.057,105,90.39
PPhMe2,KOPiv,DMAc,0.057,105,0.0
P(fur)3,CsOAc,DMAc,0.057,105,44.25
PPh2Me,CsOAc,DMAc,0.057,105,20.41
GorlosPhos HBF4,CsOAc,DMAc,0.057,105,12.61
JackiePhos,CsOAc,DMAc,0.057,105,71.97
CgMe-PPh,CsOAc,DMAc,0.057,105,91.39
PPhMe2,CsOAc,DMAc,0.057,105,0.0
P(fur)3,CsOPiv,DMAc,0.057,105,46.33
PPh2Me,CsOPiv,DMAc,0.057,105,14.24
GorlosPhos HBF4,CsOPiv,DMAc,0.057,105,24.03
JackiePhos,CsOPiv,DMAc,0.057,105,9.52
CgMe-PPh,CsOPiv,DMAc,0.057,105,91.06
PPhMe2,CsOPiv,DMAc,0.057,105,0.0
P(fur)3,KOAc,BuCN,0.057,105,8.17
PPh2Me,KOAc,BuCN,0.057,105,0.0
GorlosPhos HBF4,KOAc,BuCN,0.057,105,13.79
JackiePhos,KOAc,BuCN,0.057,105,24.09
CgMe-PPh,KOAc,BuCN,0.057,105,36.66
PPhMe2,KOAc,BuCN,0.057,105,0.0
P(fur)3,KOPiv,BuCN,0.057,105,43.79
PPh2Me,KOPiv,BuCN,0.057,105,1.52
GorlosPhos HBF4,KOPiv,BuCN,0.057,105,49.19
JackiePhos,KOPiv,BuCN,0.057,105,15.64
CgMe-PPh,KOPiv,BuCN,0.057,105,76.85
PPhMe2,KOPiv,BuCN,0.057,105,0.0
P(fur)3,CsOAc,BuCN,0.057,105,20.05
PPh2Me,CsOAc,BuCN,0.057,105,0.04
GorlosPhos HBF4,CsOAc,BuCN,0.057,105,36.9
JackiePhos,CsOAc,BuCN,0.057,105,23.83
CgMe-PPh,CsOAc,BuCN,0.057,105,67.85
PPhMe2,CsOAc,BuCN,0.057,105,0.0
P(fur)3,CsOPiv,BuCN,0.057,105,34.47
PPh2Me,CsOPiv,BuCN,0.057,105,0.53
GorlosPhos HBF4,CsOPiv,BuCN,0.057,105,46.17
JackiePhos,CsOPiv,BuCN,0.057,105,10.68
CgMe-PPh,CsOPiv,BuCN,0.057,105,11.18
PPhMe2,CsOPiv,BuCN,0.057,105,0.0
P(fur)3,KOAc,BuOAc,0.057,105,8.43
PPh2Me,KOAc,BuOAc,0.057,105,0.0
GorlosPhos HBF4,KOAc,BuOAc,0.057,105,2.21
JackiePhos,KOAc,BuOAc,0.057,105,5.59
CgMe-PPh,KOAc,BuOAc,0.057,105,35.64
PPhMe2,KOAc,BuOAc,0.057,105,0.0
P(fur)3,KOPiv,BuOAc,0.057,105,16.31
PPh2Me,KOPiv,BuOAc,0.057,105,0.0
GorlosPhos HBF4,KOPiv,BuOAc,0.057,105,10.68
JackiePhos,KOPiv,BuOAc,0.057,105,4.15
CgMe-PPh,KOPiv,BuOAc,0.057,105,30.75
PPhMe2,KOPiv,BuOAc,0.057,105,0.0
P(fur)3,CsOAc,BuOAc,0.057,105,14.5
PPh2Me,CsOAc,BuOAc,0.057,105,0.0
GorlosPhos HBF4,CsOAc,BuOAc,0.057,105,22.02
JackiePhos,CsOAc,BuOAc,0.057,105,3.37
CgMe-PPh,CsOAc,BuOAc,0.057,105,38.53
PPhMe2,CsOAc,BuOAc,0.057,105,0.0
P(fur)3,CsOPiv,BuOAc,0.057,105,14.84
PPh2Me,CsOPiv,BuOAc,0.057,105,0.0
GorlosPhos HBF4,CsOPiv,BuOAc,0.057,105,33.41
JackiePhos,CsOPiv,BuOAc,0.057,105,1.3
CgMe-PPh,CsOPiv,BuOAc,0.057,105,19.84
PPhMe2,CsOPiv,BuOAc,0.057,105,0.0
P(fur)3,KOAc,p-Xylene,0.057,105,4.99
PPh2Me,KOAc,p-Xylene,0.057,105,0.0
GorlosPhos HBF4,KOAc,p-Xylene,0.057,105,1.47
JackiePhos,KOAc,p-Xylene,0.057,105,5.45
CgMe-PPh,KOAc,p-Xylene,0.057,105,25.69
PPhMe2,KOAc,p-Xylene,0.057,105,0.0
P(fur)3,KOPiv,p-Xylene,0.057,105,14.68
PPh2Me,KOPiv,p-Xylene,0.057,105,0.0
GorlosPhos HBF4,KOPiv,p-Xylene,0.057,105,24.06
JackiePhos,KOPiv,p-Xylene,0.057,105,8.93
CgMe-PPh,KOPiv,p-Xylene,0.057,105,17.0
PPhMe2,KOPiv,p-Xylene,0.057,105,0.0
P(fur)3,CsOAc,p-Xylene,0.057,105,16.85
PPh2Me,CsOAc,p-Xylene,0.057,105,0.0
GorlosPhos HBF4,CsOAc,p-Xylene,0.057,105,0.0
JackiePhos,CsOAc,p-Xylene,0.057,105,6.15
CgMe-PPh,CsOAc,p-Xylene,0.057,105,41.1
PPhMe2,CsOAc,p-Xylene,0.057,105,0.0
P(fur)3,CsOPiv,p-Xylene,0.057,105,7.12
PPh2Me,CsOPiv,p-Xylene,0.057,105,0.0
GorlosPhos HBF4,CsOPiv,p-Xylene,0.057,105,12.53
JackiePhos,CsOPiv,p-Xylene,0.057,105,6.96
CgMe-PPh,CsOPiv,p-Xylene,0.057,105,11.91
PPhMe2,CsOPiv,p-Xylene,0.057,105,0.0
P(fur)3,KOAc,DMAc,0.057,120,62.04
PPh2Me,KOAc,DMAc,0.057,120,12.01
GorlosPhos HBF4,KOAc,DMAc,0.057,120,13.87
JackiePhos,KOAc,DMAc,0.057,120,89.14
CgMe-PPh,KOAc,DMAc,0.057,120,96.64
PPhMe2,KOAc,DMAc,0.057,120,3.33
P(fur)3,KOPiv,DMAc,0.057,120,83.62
PPh2Me,KOPiv,DMAc,0.057,120,28.06
GorlosPhos HBF4,KOPiv,DMAc,0.057,120,36.29
JackiePhos,KOPiv,DMAc,0.057,120,82.13
CgMe-PPh,KOPiv,DMAc,0.057,120,89.95
PPhMe2,KOPiv,DMAc,0.057,120,2.15
P(fur)3,CsOAc,DMAc,0.057,120,78.6
PPh2Me,CsOAc,DMAc,0.057,120,18.16
GorlosPhos HBF4,CsOAc,DMAc,0.057,120,16.77
JackiePhos,CsOAc,DMAc,0.057,120,81.48
CgMe-PPh,CsOAc,DMAc,0.057,120,95.48
PPhMe2,CsOAc,DMAc,0.057,120,5.9
P(fur)3,CsOPiv,DMAc,0.057,120,50.7
PPh2Me,CsOPiv,DMAc,0.057,120,9.36
GorlosPhos HBF4,CsOPiv,DMAc,0.057,120,27.88
JackiePhos,CsOPiv,DMAc,0.057,120,22.07
CgMe-PPh,CsOPiv,DMAc,0.057,120,92.03
PPhMe2,CsOPiv,DMAc,0.057,120,0.0
P(fur)3,KOAc,BuCN,0.057,120,12.25
PPh2Me,KOAc,BuCN,0.057,120,0.0
GorlosPhos HBF4,KOAc,BuCN,0.057,120,20.95
JackiePhos,KOAc,BuCN,0.057,120,21.88
CgMe-PPh,KOAc,BuCN,0.057,120,76.66
PPhMe2,KOAc,BuCN,0.057,120,0.0
P(fur)3,KOPiv,BuCN,0.057,120,31.53
PPh2Me,KOPiv,BuCN,0.057,120,0.0
GorlosPhos HBF4,KOPiv,BuCN,0.057,120,64.48
JackiePhos,KOPiv,BuCN,0.057,120,16.07
CgMe-PPh,KOPiv,BuCN,0.057,120,77.52
PPhMe2,KOPiv,BuCN,0.057,120,0.0
P(fur)3,CsOAc,BuCN,0.057,120,25.45
PPh2Me,CsOAc,BuCN,0.057,120,0.0
GorlosPhos HBF4,CsOAc,BuCN,0.057,120,49.09
JackiePhos,CsOAc,BuCN,0.057,120,23.23
CgMe-PPh,CsOAc,BuCN,0.057,120,50.74
PPhMe2,CsOAc,BuCN,0.057,120,0.0
P(fur)3,CsOPiv,BuCN,0.057,120,23.81
PPh2Me,CsOPiv,BuCN,0.057,120,0.0
GorlosPhos HBF4,CsOPiv,BuCN,0.057,120,58.13
JackiePhos,CsOPiv,BuCN,0.057,120,11.26
CgMe-PPh,CsOPiv,BuCN,0.057,120,75.46
PPhMe2,CsOPiv,BuCN,0.057,120,0.0
P(fur)3,KOAc,BuOAc,0.057,120,9.35
PPh2Me,KOAc,BuOAc,0.057,120,0.0
GorlosPhos HBF4,KOAc,BuOAc,0.057,120,0.0
JackiePhos,KOAc,BuOAc,0.057,120,5.16
CgMe-PPh,KOAc,BuOAc,0.057,120,46.42
PPhMe2,KOAc,BuOAc,0.057,120,0.0
P(fur)3,KOPiv,BuOAc,0.057,120,14.81
PPh2Me,KOPiv,BuOAc,0.057,120,0.0
GorlosPhos HBF4,KOPiv,BuOAc,0.057,120,38.63
JackiePhos,KOPiv,BuOAc,0.057,120,3.96
CgMe-PPh,KOPiv,BuOAc,0.057,120,33.69
PPhMe2,KOPiv,BuOAc,0.057,120,0.0
P(fur)3,CsOAc,BuOAc,0.057,120,12.14
PPh2Me,CsOAc,BuOAc,0.057,120,0.0
GorlosPhos HBF4,CsOAc,BuOAc,0.057,120,34.4
JackiePhos,CsOAc,BuOAc,0.057,120,2.45
CgMe-PPh,CsOAc,BuOAc,0.057,120,38.65
PPhMe2,CsOAc,BuOAc,0.057,120,0.0
P(fur)3,CsOPiv,BuOAc,0.057,120,10.59
PPh2Me,CsOPiv,BuOAc,0.057,120,0.0
GorlosPhos HBF4,CsOPiv,BuOAc,0.057,120,13.52
JackiePhos,CsOPiv,BuOAc,0.057,120,1.23
CgMe-PPh,CsOPiv,BuOAc,0.057,120,19.71
PPhMe2,CsOPiv,BuOAc,0.057,120,0.0
P(fur)3,KOAc,p-Xylene,0.057,120,4.66
PPh2Me,KOAc,p-Xylene,0.057,120,0.0
GorlosPhos HBF4,KOAc,p-Xylene,0.057,120,0.0
JackiePhos,KOAc,p-Xylene,0.057,120,5.4
CgMe-PPh,KOAc,p-Xylene,0.057,120,31.14
PPhMe2,KOAc,p-Xylene,0.057,120,0.0
P(fur)3,KOPiv,p-Xylene,0.057,120,9.88
PPh2Me,KOPiv,p-Xylene,0.057,120,0.0
GorlosPhos HBF4,KOPiv,p-Xylene,0.057,120,4.02
JackiePhos,KOPiv,p-Xylene,0.057,120,8.9
CgMe-PPh,KOPiv,p-Xylene,0.057,120,26.39
PPhMe2,KOPiv,p-Xylene,0.057,120,0.0
P(fur)3,CsOAc,p-Xylene,0.057,120,11.72
PPh2Me,CsOAc,p-Xylene,0.057,120,0.0
GorlosPhos HBF4,CsOAc,p-Xylene,0.057,120,21.94
JackiePhos,CsOAc,p-Xylene,0.057,120,6.44
CgMe-PPh,CsOAc,p-Xylene,0.057,120,59.82
PPhMe2,CsOAc,p-Xylene,0.057,120,0.0
P(fur)3,CsOPiv,p-Xylene,0.057,120,5.15
PPh2Me,CsOPiv,p-Xylene,0.057,120,0.0
GorlosPhos HBF4,CsOPiv,p-Xylene,0.057,120,3.69
JackiePhos,CsOPiv,p-Xylene,0.057,120,7.03
CgMe-PPh,CsOPiv,p-Xylene,0.057,120,12.23
PPhMe2,CsOPiv,p-Xylene,0.057,120,0.0
P(fur)3,KOAc,DMAc,0.153,90,10.13
PPh2Me,KOAc,DMAc,0.153,90,3.02
GorlosPhos HBF4,KOAc,DMAc,0.153,90,9.14
JackiePhos,KOAc,DMAc,0.153,90,36.97
CgMe-PPh,KOAc,DMAc,0.153,90,28.9
PPhMe2,KOAc,DMAc,0.153,90,0.0
P(fur)3,KOPiv,DMAc,0.153,90,37.37
PPh2Me,KOPiv,DMAc,0.153,90,2.29
GorlosPhos HBF4,KOPiv,DMAc,0.153,90,30.03
JackiePhos,KOPiv,DMAc,0.153,90,2.9
CgMe-PPh,KOPiv,DMAc,0.153,90,61.09
PPhMe2,KOPiv,DMAc,0.153,90,0.0
P(fur)3,CsOAc,DMAc,0.153,90,24.55
PPh2Me,CsOAc,DMAc,0.153,90,3.61
GorlosPhos HBF4,CsOAc,DMAc,0.153,90,14.72
JackiePhos,CsOAc,DMAc,0.153,90,11.77
CgMe-PPh,CsOAc,DMAc,0.153,90,43.84
PPhMe2,CsOAc,DMAc,0.153,90,0.0
P(fur)3,CsOPiv,DMAc,0.153,90,31.66
PPh2Me,CsOPiv,DMAc,0.153,90,1.36
GorlosPhos HBF4,CsOPiv,DMAc,0.153,90,23.23
JackiePhos,CsOPiv,DMAc,0.153,90,0.97
CgMe-PPh,CsOPiv,DMAc,0.153,90,84.03
PPhMe2,CsOPiv,DMAc,0.153,90,0.0
P(fur)3,KOAc,BuCN,0.153,90,5.7
PPh2Me,KOAc,BuCN,0.153,90,0.0
GorlosPhos HBF4,KOAc,BuCN,0.153,90,5.26
JackiePhos,KOAc,BuCN,0.153,90,24.05
CgMe-PPh,KOAc,BuCN,0.153,90,19.99
PPhMe2,KOAc,BuCN,0.153,90,0.0
P(fur)3,KOPiv,BuCN,0.153,90,52.2
PPh2Me,KOPiv,BuCN,0.153,90,0.0
GorlosPhos HBF4,KOPiv,BuCN,0.153,90,14.99
JackiePhos,KOPiv,BuCN,0.153,90,22.3
CgMe-PPh,KOPiv,BuCN,0.153,90,52.23
PPhMe2,KOPiv,BuCN,0.153,90,0.0
P(fur)3,CsOAc,BuCN,0.153,90,29.45
PPh2Me,CsOAc,BuCN,0.153,90,0.0
GorlosPhos HBF4,CsOAc,BuCN,0.153,90,16.44
JackiePhos,CsOAc,BuCN,0.153,90,36.32
CgMe-PPh,CsOAc,BuCN,0.153,90,63.2
PPhMe2,CsOAc,BuCN,0.153,90,0.0
P(fur)3,CsOPiv,BuCN,0.153,90,44.4
PPh2Me,CsOPiv,BuCN,0.153,90,0.0
GorlosPhos HBF4,CsOPiv,BuCN,0.153,90,18.19
JackiePhos,CsOPiv,BuCN,0.153,90,16.91
CgMe-PPh,CsOPiv,BuCN,0.153,90,36.73
PPhMe2,CsOPiv,BuCN,0.153,90,0.0
P(fur)3,KOAc,BuOAc,0.153,90,10.04
PPh2Me,KOAc,BuOAc,0.153,90,0.0
GorlosPhos HBF4,KOAc,BuOAc,0.153,90,0.0
JackiePhos,KOAc,BuOAc,0.153,90,4.39
CgMe-PPh,KOAc,BuOAc,0.153,90,16.83
PPhMe2,KOAc,BuOAc,0.153,90,0.0
P(fur)3,KOPiv,BuOAc,0.153,90,33.6
PPh2Me,KOPiv,BuOAc,0.153,90,0.0
GorlosPhos HBF4,KOPiv,BuOAc,0.153,90,5.65
JackiePhos,KOPiv,BuOAc,0.153,90,5.68
CgMe-PPh,KOPiv,BuOAc,0.153,90,22.65
PPhMe2,KOPiv,BuOAc,0.153,90,0.0
P(fur)3,CsOAc,BuOAc,0.153,90,34.6
PPh2Me,CsOAc,BuOAc,0.153,90,0.0
GorlosPhos HBF4,CsOAc,BuOAc,0.153,90,4.16
JackiePhos,CsOAc,BuOAc,0.153,90,3.38
CgMe-PPh,CsOAc,BuOAc,0.153,90,31.58
PPhMe2,CsOAc,BuOAc,0.153,90,0.0
P(fur)3,CsOPiv,BuOAc,0.153,90,25.64
PPh2Me,CsOPiv,BuOAc,0.153,90,0.0
GorlosPhos HBF4,CsOPiv,BuOAc,0.153,90,9.39
JackiePhos,CsOPiv,BuOAc,0.153,90,2.77
CgMe-PPh,CsOPiv,BuOAc,0.153,90,18.93
PPhMe2,CsOPiv,BuOAc,0.153,90,0.0
P(fur)3,KOAc,p-Xylene,0.153,90,10.66
PPh2Me,KOAc,p-Xylene,0.153,90,0.0
GorlosPhos HBF4,KOAc,p-Xylene,0.153,90,0.18
JackiePhos,KOAc,p-Xylene,0.153,90,6.73
CgMe-PPh,KOAc,p-Xylene,0.153,90,16.95
PPhMe2,KOAc,p-Xylene,0.153,90,0.0
P(fur)3,KOPiv,p-Xylene,0.153,90,37.3
PPh2Me,KOPiv,p-Xylene,0.153,90,0.0
GorlosPhos HBF4,KOPiv,p-Xylene,0.153,90,2.49
JackiePhos,KOPiv,p-Xylene,0.153,90,9.96
CgMe-PPh,KOPiv,p-Xylene,0.153,90,20.67
PPhMe2,KOPiv,p-Xylene,0.153,90,0.0
P(fur)3,CsOAc,p-Xylene,0.153,90,40.04
PPh2Me,CsOAc,p-Xylene,0.153,90,0.0
GorlosPhos HBF4,CsOAc,p-Xylene,0.153,90,1.65
JackiePhos,CsOAc,p-Xylene,0.153,90,6.77
CgMe-PPh,CsOAc,p-Xylene,0.153,90,44.22
PPhMe2,CsOAc,p-Xylene,0.153,90,0.0
P(fur)3,CsOPiv,p-Xylene,0.153,90,18.95
PPh2Me,CsOPiv,p-Xylene,0.153,90,0.0
GorlosPhos HBF4,CsOPiv,p-Xylene,0.153,90,0.93
JackiePhos,CsOPiv,p-Xylene,0.153,90,9.32
CgMe-PPh,CsOPiv,p-Xylene,0.153,90,13.02
PPhMe2,CsOPiv,p-Xylene,0.153,90,0.0
P(fur)3,KOAc,DMAc,0.153,105,32.04
PPh2Me,KOAc,DMAc,0.153,105,3.79
GorlosPhos HBF4,KOAc,DMAc,0.153,105,21.77
JackiePhos,KOAc,DMAc,0.153,105,63.88
CgMe-PPh,KOAc,DMAc,0.153,105,87.0
PPhMe2,KOAc,DMAc,0.153,105,0.0
P(fur)3,KOPiv,DMAc,0.153,105,64.46
PPh2Me,KOPiv,DMAc,0.153,105,2.77
GorlosPhos HBF4,KOPiv,DMAc,0.153,105,72.45
JackiePhos,KOPiv,DMAc,0.153,105,11.68
CgMe-PPh,KOPiv,DMAc,0.153,105,98.49
PPhMe2,KOPiv,DMAc,0.153,105,0.0
P(fur)3,CsOAc,DMAc,0.153,105,52.56
PPh2Me,CsOAc,DMAc,0.153,105,3.24
GorlosPhos HBF4,CsOAc,DMAc,0.153,105,59.83
JackiePhos,CsOAc,DMAc,0.153,105,22.3
CgMe-PPh,CsOAc,DMAc,0.153,105,100.0
PPhMe2,CsOAc,DMAc,0.153,105,0.0
P(fur)3,CsOPiv,DMAc,0.153,105,55.96
PPh2Me,CsOPiv,DMAc,0.153,105,0.0
GorlosPhos HBF4,CsOPiv,DMAc,0.153,105,76.34
JackiePhos,CsOPiv,DMAc,0.153,105,2.84
CgMe-PPh,CsOPiv,DMAc,0.153,105,100.0
PPhMe2,CsOPiv,DMAc,0.153,105,0.0
P(fur)3,KOAc,BuCN,0.153,105,11.61
PPh2Me,KOAc,BuCN,0.153,105,0.0
GorlosPhos HBF4,KOAc,BuCN,0.153,105,11.6
JackiePhos,KOAc,BuCN,0.153,105,21.86
CgMe-PPh,KOAc,BuCN,0.153,105,50.75
PPhMe2,KOAc,BuCN,0.153,105,0.0
P(fur)3,KOPiv,BuCN,0.153,105,57.68
PPh2Me,KOPiv,BuCN,0.153,105,0.0
GorlosPhos HBF4,KOPiv,BuCN,0.153,105,30.77
JackiePhos,KOPiv,BuCN,0.153,105,23.1
CgMe-PPh,KOPiv,BuCN,0.153,105,69.2
PPhMe2,KOPiv,BuCN,0.153,105,0.0
P(fur)3,CsOAc,BuCN,0.153,105,31.29
PPh2Me,CsOAc,BuCN,0.153,105,0.0
GorlosPhos HBF4,CsOAc,BuCN,0.153,105,28.37
JackiePhos,CsOAc,BuCN,0.153,105,32.74
CgMe-PPh,CsOAc,BuCN,0.153,105,96.38
PPhMe2,CsOAc,BuCN,0.153,105,0.0
P(fur)3,CsOPiv,BuCN,0.153,105,52.69
PPh2Me,CsOPiv,BuCN,0.153,105,0.0
GorlosPhos HBF4,CsOPiv,BuCN,0.153,105,29.82
JackiePhos,CsOPiv,BuCN,0.153,105,13.99
CgMe-PPh,CsOPiv,BuCN,0.153,105,53.52
PPhMe2,CsOPiv,BuCN,0.153,105,0.0
P(fur)3,KOAc,BuOAc,0.153,105,14.19
PPh2Me,KOAc,BuOAc,0.153,105,0.0
GorlosPhos HBF4,KOAc,BuOAc,0.153,105,1.31
JackiePhos,KOAc,BuOAc,0.153,105,6.18
CgMe-PPh,KOAc,BuOAc,0.153,105,38.53
PPhMe2,KOAc,BuOAc,0.153,105,0.0
P(fur)3,KOPiv,BuOAc,0.153,105,36.7
PPh2Me,KOPiv,BuOAc,0.153,105,0.0
GorlosPhos HBF4,KOPiv,BuOAc,0.153,105,13.22
JackiePhos,KOPiv,BuOAc,0.153,105,6.7
CgMe-PPh,KOPiv,BuOAc,0.153,105,32.43
PPhMe2,KOPiv,BuOAc,0.153,105,0.0
P(fur)3,CsOAc,BuOAc,0.153,105,34.53
PPh2Me,CsOAc,BuOAc,0.153,105,0.0
GorlosPhos HBF4,CsOAc,BuOAc,0.153,105,5.13
JackiePhos,CsOAc,BuOAc,0.153,105,4.09
CgMe-PPh,CsOAc,BuOAc,0.153,105,50.69
PPhMe2,CsOAc,BuOAc,0.153,105,0.0
P(fur)3,CsOPiv,BuOAc,0.153,105,27.05
PPh2Me,CsOPiv,BuOAc,0.153,105,0.0
GorlosPhos HBF4,CsOPiv,BuOAc,0.153,105,9.03
JackiePhos,CsOPiv,BuOAc,0.153,105,3.13
CgMe-PPh,CsOPiv,BuOAc,0.153,105,22.88
PPhMe2,CsOPiv,BuOAc,0.153,105,0.0
P(fur)3,KOAc,p-Xylene,0.153,105,11.69
PPh2Me,KOAc,p-Xylene,0.153,105,0.0
GorlosPhos HBF4,KOAc,p-Xylene,0.153,105,0.83
JackiePhos,KOAc,p-Xylene,0.153,105,7.61
CgMe-PPh,KOAc,p-Xylene,0.153,105,41.64
PPhMe2,KOAc,p-Xylene,0.153,105,0.0
P(fur)3,KOPiv,p-Xylene,0.153,105,37.71
PPh2Me,KOPiv,p-Xylene,0.153,105,0.22
GorlosPhos HBF4,KOPiv,p-Xylene,0.153,105,4.92
JackiePhos,KOPiv,p-Xylene,0.153,105,12.77
CgMe-PPh,KOPiv,p-Xylene,0.153,105,31.32
PPhMe2,KOPiv,p-Xylene,0.153,105,0.0
P(fur)3,CsOAc,p-Xylene,0.153,105,53.25
PPh2Me,CsOAc,p-Xylene,0.153,105,0.0
GorlosPhos HBF4,CsOAc,p-Xylene,0.153,105,6.96
JackiePhos,CsOAc,p-Xylene,0.153,105,10.93
CgMe-PPh,CsOAc,p-Xylene,0.153,105,80.69
PPhMe2,CsOAc,p-Xylene,0.153,105,0.0
P(fur)3,CsOPiv,p-Xylene,0.153,105,15.44
PPh2Me,CsOPiv,p-Xylene,0.153,105,0.0
GorlosPhos HBF4,CsOPiv,p-Xylene,0.153,105,4.53
JackiePhos,CsOPiv,p-Xylene,0.153,105,10.46
CgMe-PPh,CsOPiv,p-Xylene,0.153,105,19.28
PPhMe2,CsOPiv,p-Xylene,0.153,105,0.0
P(fur)3,KOAc,DMAc,0.153,120,52.08
PPh2Me,KOAc,DMAc,0.153,120,7.5
GorlosPhos HBF4,KOAc,DMAc,0.153,120,14.06
JackiePhos,KOAc,DMAc,0.153,120,85.21
CgMe-PPh,KOAc,DMAc,0.153,120,98.38
PPhMe2,KOAc,DMAc,0.153,120,2.78
P(fur)3,KOPiv,DMAc,0.153,120,78.93
PPh2Me,KOPiv,DMAc,0.153,120,2.64
GorlosPhos HBF4,KOPiv,DMAc,0.153,120,61.33
JackiePhos,KOPiv,DMAc,0.153,120,43.12
CgMe-PPh,KOPiv,DMAc,0.153,120,99.81
PPhMe2,KOPiv,DMAc,0.153,120,0.0
P(fur)3,CsOAc,DMAc,0.153,120,74.3
PPh2Me,CsOAc,DMAc,0.153,120,2.33
GorlosPhos HBF4,CsOAc,DMAc,0.153,120,40.26
JackiePhos,CsOAc,DMAc,0.153,120,39.57
CgMe-PPh,CsOAc,DMAc,0.153,120,99.22
PPhMe2,CsOAc,DMAc,0.153,120,2.79
P(fur)3,CsOPiv,DMAc,0.153,120,68.17
PPh2Me,CsOPiv,DMAc,0.153,120,10.49
GorlosPhos HBF4,CsOPiv,DMAc,0.153,120,54.83
JackiePhos,CsOPiv,DMAc,0.153,120,5.65
CgMe-PPh,CsOPiv,DMAc,0.153,120,92.19
PPhMe2,CsOPiv,DMAc,0.153,120,0.0
P(fur)3,KOAc,BuCN,0.153,120,3.04
PPh2Me,KOAc,BuCN,0.153,120,0.0
GorlosPhos HBF4,KOAc,BuCN,0.153,120,19.95
JackiePhos,KOAc,BuCN,0.153,120,20.72
CgMe-PPh,KOAc,BuCN,0.153,120,80.86
PPhMe2,KOAc,BuCN,0.153,120,0.0
P(fur)3,KOPiv,BuCN,0.153,120,53.11
PPh2Me,KOPiv,BuCN,0.153,120,0.0
GorlosPhos HBF4,KOPiv,BuCN,0.153,120,45.37
JackiePhos,KOPiv,BuCN,0.153,120,20.51
CgMe-PPh,KOPiv,BuCN,0.153,120,80.65
PPhMe2,KOPiv,BuCN,0.153,120,0.0
P(fur)3,CsOAc,BuCN,0.153,120,30.17
PPh2Me,CsOAc,BuCN,0.153,120,0.0
GorlosPhos HBF4,CsOAc,BuCN,0.153,120,36.46
JackiePhos,CsOAc,BuCN,0.153,120,27.41
CgMe-PPh,CsOAc,BuCN,0.153,120,99.98
PPhMe2,CsOAc,BuCN,0.153,120,0.0
P(fur)3,CsOPiv,BuCN,0.153,120,49.48
PPh2Me,CsOPiv,BuCN,0.153,120,0.0
GorlosPhos HBF4,CsOPiv,BuCN,0.153,120,39.2
JackiePhos,CsOPiv,BuCN,0.153,120,13.79
CgMe-PPh,CsOPiv,BuCN,0.153,120,71.81
PPhMe2,CsOPiv,BuCN,0.153,120,0.0
P(fur)3,KOAc,BuOAc,0.153,120,13.12
PPh2Me,KOAc,BuOAc,0.153,120,0.0
GorlosPhos HBF4,KOAc,BuOAc,0.153,120,8.2
JackiePhos,KOAc,BuOAc,0.153,120,6.48
CgMe-PPh,KOAc,BuOAc,0.153,120,52.47
PPhMe2,KOAc,BuOAc,0.153,120,0.0
P(fur)3,KOPiv,BuOAc,0.153,120,31.43
PPh2Me,KOPiv,BuOAc,0.153,120,0.0
GorlosPhos HBF4,KOPiv,BuOAc,0.153,120,26.48
JackiePhos,KOPiv,BuOAc,0.153,120,6.87
CgMe-PPh,KOPiv,BuOAc,0.153,120,45.73
PPhMe2,KOPiv,BuOAc,0.153,120,0.0
P(fur)3,CsOAc,BuOAc,0.153,120,53.61
PPh2Me,CsOAc,BuOAc,0.153,120,0.0
GorlosPhos HBF4,CsOAc,BuOAc,0.153,120,23.3
JackiePhos,CsOAc,BuOAc,0.153,120,4.87
CgMe-PPh,CsOAc,BuOAc,0.153,120,62.33
PPhMe2,CsOAc,BuOAc,0.153,120,1.8
P(fur)3,CsOPiv,BuOAc,0.153,120,21.09
PPh2Me,CsOPiv,BuOAc,0.153,120,0.0
GorlosPhos HBF4,CsOPiv,BuOAc,0.153,120,22.22
JackiePhos,CsOPiv,BuOAc,0.153,120,3.18
CgMe-PPh,CsOPiv,BuOAc,0.153,120,26.69
PPhMe2,CsOPiv,BuOAc,0.153,120,0.0
P(fur)3,KOAc,p-Xylene,0.153,120,11.99
PPh2Me,KOAc,p-Xylene,0.153,120,0.0
GorlosPhos HBF4,KOAc,p-Xylene,0.153,120,4.87
JackiePhos,KOAc,p-Xylene,0.153,120,7.88
CgMe-PPh,KOAc,p-Xylene,0.153,120,60.29
PPhMe2,KOAc,p-Xylene,0.153,120,0.0
P(fur)3,KOPiv,p-Xylene,0.153,120,23.8
PPh2Me,KOPiv,p-Xylene,0.153,120,0.0
GorlosPhos HBF4,KOPiv,p-Xylene,0.153,120,17.56
JackiePhos,KOPiv,p-Xylene,0.153,120,13.33
CgMe-PPh,KOPiv,p-Xylene,0.153,120,44.47
PPhMe2,KOPiv,p-Xylene,0.153,120,0.0
P(fur)3,CsOAc,p-Xylene,0.153,120,53.02
PPh2Me,CsOAc,p-Xylene,0.153,120,0.0
GorlosPhos HBF4,CsOAc,p-Xylene,0.153,120,11.49
JackiePhos,CsOAc,p-Xylene,0.153,120,10.77
CgMe-PPh,CsOAc,p-Xylene,0.153,120,91.19
PPhMe2,CsOAc,p-Xylene,0.153,120,0.0
P(fur)3,CsOPiv,p-Xylene,0.153,120,14.29
PPh2Me,CsOPiv,p-Xylene,0.153,120,1.6
GorlosPhos HBF4,CsOPiv,p-Xylene,0.153,120,8.39
JackiePhos,CsOPiv,p-Xylene,0.153,120,13.34
CgMe-PPh,CsOPiv,p-Xylene,0.153,120,19.13
PPhMe2,CsOPiv,p-Xylene,0.153,120,0.0
