ligand,ligand_number_of_atoms_Boltz,ligand_charge_Boltz,ligand_multiplicity_Boltz,ligand_dipole_Boltz,ligand_molar_mass_Boltz,ligand_molar_volume_Boltz,ligand_electronic_spatial_extent_Boltz,ligand_homo_energy_Boltz,ligand_lumo_energy_Boltz,ligand_electronegativity_Boltz,ligand_hardness_Boltz,ligand_electrophilicity_Boltz,ligand_E_scf_Boltz,ligand_zero_point_correction_Boltz,ligand_E_thermal_correction_Boltz,ligand_H_thermal_correction_Boltz,ligand_G_thermal_correction_Boltz,ligand_E_zpe_Boltz,ligand_E_Boltz,ligand_H_Boltz,ligand_G_Boltz,ligand_ES_root_dipole_Boltz,ligand_ES_root_molar_volume_Boltz,ligand_ES_root_electronic_spatial_extent_Boltz,ligand_ES1_transition_Boltz,ligand_ES1_osc_strength_Boltz,ligand_ES1_<S**2>_Boltz,ligand_ES2_transition_Boltz,ligand_ES2_osc_strength_Boltz,ligand_ES2_<S**2>_Boltz,ligand_ES3_transition_Boltz,ligand_ES3_osc_strength_Boltz,ligand_ES3_<S**2>_Boltz,ligand_ES4_transition_Boltz,ligand_ES4_osc_strength_Boltz,ligand_ES4_<S**2>_Boltz,ligand_ES5_transition_Boltz,ligand_ES5_osc_strength_Boltz,ligand_ES5_<S**2>_Boltz,ligand_ES6_transition_Boltz,ligand_ES6_osc_strength_Boltz,ligand_ES6_<S**2>_Boltz,ligand_ES7_transition_Boltz,ligand_ES7_osc_strength_Boltz,ligand_ES7_<S**2>_Boltz,ligand_ES8_transition_Boltz,ligand_ES8_osc_strength_Boltz,ligand_ES8_<S**2>_Boltz,ligand_ES9_transition_Boltz,ligand_ES9_osc_strength_Boltz,ligand_ES9_<S**2>_Boltz,ligand_ES10_transition_Boltz,ligand_ES10_osc_strength_Boltz,ligand_ES10_<S**2>_Boltz,ligand_atom1_Mulliken_charge_Boltz,ligand_atom1_APT_charge_Boltz,ligand_atom1_NPA_charge_Boltz,ligand_atom1_NPA_core_Boltz,ligand_atom1_NPA_valence_Boltz,ligand_atom1_NPA_Rydberg_Boltz,ligand_atom1_NPA_total_Boltz,ligand_atom1_NMR_shift_Boltz,ligand_atom1_NMR_anisotropy_Boltz,ligand_atom1_ES_root_Mulliken_charge_Boltz,ligand_atom1_ES_root_NPA_charge_Boltz,ligand_atom1_ES_root_NPA_core_Boltz,ligand_atom1_ES_root_NPA_valence_Boltz,ligand_atom1_ES_root_NPA_Rydberg_Boltz,ligand_atom1_ES_root_NPA_total_Boltz,ligand_atom2_Mulliken_charge_Boltz,ligand_atom2_APT_charge_Boltz,ligand_atom2_NPA_charge_Boltz,ligand_atom2_NPA_core_Boltz,ligand_atom2_NPA_valence_Boltz,ligand_atom2_NPA_Rydberg_Boltz,ligand_atom2_NPA_total_Boltz,ligand_atom2_NMR_shift_Boltz,ligand_atom2_NMR_anisotropy_Boltz,ligand_atom2_ES_root_Mulliken_charge_Boltz,ligand_atom2_ES_root_NPA_charge_Boltz,ligand_atom2_ES_root_NPA_core_Boltz,ligand_atom2_ES_root_NPA_valence_Boltz,ligand_atom2_ES_root_NPA_Rydberg_Boltz,ligand_atom2_ES_root_NPA_total_Boltz,ligand_atom3_Mulliken_charge_Boltz,ligand_atom3_APT_charge_Boltz,ligand_atom3_NPA_charge_Boltz,ligand_atom3_NPA_core_Boltz,ligand_atom3_NPA_valence_Boltz,ligand_atom3_NPA_Rydberg_Boltz,ligand_atom3_NPA_total_Boltz,ligand_atom3_NMR_shift_Boltz,ligand_atom3_NMR_anisotropy_Boltz,ligand_atom3_ES_root_Mulliken_charge_Boltz,ligand_atom3_ES_root_NPA_charge_Boltz,ligand_atom3_ES_root_NPA_core_Boltz,ligand_atom3_ES_root_NPA_valence_Boltz,ligand_atom3_ES_root_NPA_Rydberg_Boltz,ligand_atom3_ES_root_NPA_total_Boltz,ligand_atom4_Mulliken_charge_Boltz,ligand_atom4_APT_charge_Boltz,ligand_atom4_NPA_charge_Boltz,ligand_atom4_NPA_core_Boltz,ligand_atom4_NPA_valence_Boltz,ligand_atom4_NPA_Rydberg_Boltz,ligand_atom4_NPA_total_Boltz,ligand_atom4_NMR_shift_Boltz,ligand_atom4_NMR_anisotropy_Boltz,ligand_atom4_ES_root_Mulliken_charge_Boltz,ligand_atom4_ES_root_NPA_charge_Boltz,ligand_atom4_ES_root_NPA_core_Boltz,ligand_atom4_ES_root_NPA_valence_Boltz,ligand_atom4_ES_root_NPA_Rydberg_Boltz,ligand_atom4_ES_root_NPA_total_Boltz,ligand_c_min_atom_number_Boltz,ligand_c_min_atom=O_Boltz,ligand_c_min_atom=C_Boltz,ligand_c_min_atom=N_Boltz,ligand_c_min_Mulliken_charge_Boltz,ligand_c_min_APT_charge_Boltz,ligand_c_min_NPA_charge_Boltz,ligand_c_min_NPA_core_Boltz,ligand_c_min_NPA_valence_Boltz,ligand_c_min_NPA_Rydberg_Boltz,ligand_c_min_NPA_total_Boltz,ligand_c_min_NMR_shift_Boltz,ligand_c_min_NMR_anisotropy_Boltz,ligand_c_min_ES_root_Mulliken_charge_Boltz,ligand_c_min_ES_root_NPA_charge_Boltz,ligand_c_min_ES_root_NPA_core_Boltz,ligand_c_min_ES_root_NPA_valence_Boltz,ligand_c_min_ES_root_NPA_Rydberg_Boltz,ligand_c_min_ES_root_NPA_total_Boltz,ligand_c_min+1_atom_number_Boltz,ligand_c_min+1_atom=O_Boltz,ligand_c_min+1_atom=C_Boltz,ligand_c_min+1_atom=N_Boltz,ligand_c_min+1_Mulliken_charge_Boltz,ligand_c_min+1_APT_charge_Boltz,ligand_c_min+1_NPA_charge_Boltz,ligand_c_min+1_NPA_core_Boltz,ligand_c_min+1_NPA_valence_Boltz,ligand_c_min+1_NPA_Rydberg_Boltz,ligand_c_min+1_NPA_total_Boltz,ligand_c_min+1_NMR_shift_Boltz,ligand_c_min+1_NMR_anisotropy_Boltz,ligand_c_min+1_ES_root_Mulliken_charge_Boltz,ligand_c_min+1_ES_root_NPA_charge_Boltz,ligand_c_min+1_ES_root_NPA_core_Boltz,ligand_c_min+1_ES_root_NPA_valence_Boltz,ligand_c_min+1_ES_root_NPA_Rydberg_Boltz,ligand_c_min+1_ES_root_NPA_total_Boltz,ligand_c_max_atom_number_Boltz,ligand_c_max_atom=P_Boltz,ligand_c_max_atom=C_Boltz,ligand_c_max_Mulliken_charge_Boltz,ligand_c_max_APT_charge_Boltz,ligand_c_max_NPA_charge_Boltz,ligand_c_max_NPA_core_Boltz,ligand_c_max_NPA_valence_Boltz,ligand_c_max_NPA_Rydberg_Boltz,ligand_c_max_NPA_total_Boltz,ligand_c_max_NMR_shift_Boltz,ligand_c_max_NMR_anisotropy_Boltz,ligand_c_max_ES_root_Mulliken_charge_Boltz,ligand_c_max_ES_root_NPA_charge_Boltz,ligand_c_max_ES_root_NPA_core_Boltz,ligand_c_max_ES_root_NPA_valence_Boltz,ligand_c_max_ES_root_NPA_Rydberg_Boltz,ligand_c_max_ES_root_NPA_total_Boltz,ligand_c_max-1_atom_number_Boltz,ligand_c_max-1_atom=C_Boltz,ligand_c_max-1_atom=H_Boltz,ligand_c_max-1_Mulliken_charge_Boltz,ligand_c_max-1_APT_charge_Boltz,ligand_c_max-1_NPA_charge_Boltz,ligand_c_max-1_NPA_core_Boltz,ligand_c_max-1_NPA_valence_Boltz,ligand_c_max-1_NPA_Rydberg_Boltz,ligand_c_max-1_NPA_total_Boltz,ligand_c_max-1_NMR_shift_Boltz,ligand_c_max-1_NMR_anisotropy_Boltz,ligand_c_max-1_ES_root_Mulliken_charge_Boltz,ligand_c_max-1_ES_root_NPA_charge_Boltz,ligand_c_max-1_ES_root_NPA_core_Boltz,ligand_c_max-1_ES_root_NPA_valence_Boltz,ligand_c_max-1_ES_root_NPA_Rydberg_Boltz,ligand_c_max-1_ES_root_NPA_total_Boltz,ligand_vib_1_vibration_Boltz,ligand_vib_1_standard_vibration_Boltz,ligand_vib_1_correlation_Boltz,ligand_vib_1_frequency_Boltz,ligand_vib_1_reduced_mass_Boltz,ligand_vib_1_frc_const_Boltz,ligand_vib_1_IR_intensity_Boltz,ligand_vib_1_dip_strength_Boltz,ligand_vib_1_rot_strength_Boltz,ligand_vib_1_E-M_angle_Boltz,ligand_vib_1_standard_frequency_Boltz,ligand_vib_1_standard_reduced_mass_Boltz,ligand_vib_1_standard_frc_const_Boltz,ligand_vib_1_standard_IR_intensity_Boltz,ligand_vib_1_standard_dip_strength_Boltz,ligand_vib_1_standard_rot_strength_Boltz,ligand_vib_1_standard_E-M_angle_Boltz,ligand_vib_2_vibration_Boltz,ligand_vib_2_standard_vibration_Boltz,ligand_vib_2_correlation_Boltz,ligand_vib_2_frequency_Boltz,ligand_vib_2_reduced_mass_Boltz,ligand_vib_2_frc_const_Boltz,ligand_vib_2_IR_intensity_Boltz,ligand_vib_2_dip_strength_Boltz,ligand_vib_2_rot_strength_Boltz,ligand_vib_2_E-M_angle_Boltz,ligand_vib_2_standard_frequency_Boltz,ligand_vib_2_standard_reduced_mass_Boltz,ligand_vib_2_standard_frc_const_Boltz,ligand_vib_2_standard_IR_intensity_Boltz,ligand_vib_2_standard_dip_strength_Boltz,ligand_vib_2_standard_rot_strength_Boltz,ligand_vib_2_standard_E-M_angle_Boltz,ligand_vib_3_vibration_Boltz,ligand_vib_3_standard_vibration_Boltz,ligand_vib_3_correlation_Boltz,ligand_vib_3_frequency_Boltz,ligand_vib_3_reduced_mass_Boltz,ligand_vib_3_frc_const_Boltz,ligand_vib_3_IR_intensity_Boltz,ligand_vib_3_dip_strength_Boltz,ligand_vib_3_rot_strength_Boltz,ligand_vib_3_E-M_angle_Boltz,ligand_vib_3_standard_frequency_Boltz,ligand_vib_3_standard_reduced_mass_Boltz,ligand_vib_3_standard_frc_const_Boltz,ligand_vib_3_standard_IR_intensity_Boltz,ligand_vib_3_standard_dip_strength_Boltz,ligand_vib_3_standard_rot_strength_Boltz,ligand_vib_3_standard_E-M_angle_Boltz,ligand_vib_4_vibration_Boltz,ligand_vib_4_standard_vibration_Boltz,ligand_vib_4_correlation_Boltz,ligand_vib_4_frequency_Boltz,ligand_vib_4_reduced_mass_Boltz,ligand_vib_4_frc_const_Boltz,ligand_vib_4_IR_intensity_Boltz,ligand_vib_4_dip_strength_Boltz,ligand_vib_4_rot_strength_Boltz,ligand_vib_4_E-M_angle_Boltz,ligand_vib_4_standard_frequency_Boltz,ligand_vib_4_standard_reduced_mass_Boltz,ligand_vib_4_standard_frc_const_Boltz,ligand_vib_4_standard_IR_intensity_Boltz,ligand_vib_4_standard_dip_strength_Boltz,ligand_vib_4_standard_rot_strength_Boltz,ligand_vib_4_standard_E-M_angle_Boltz,ligand_vib_5_vibration_Boltz,ligand_vib_5_standard_vibration_Boltz,ligand_vib_5_correlation_Boltz,ligand_vib_5_frequency_Boltz,ligand_vib_5_reduced_mass_Boltz,ligand_vib_5_frc_const_Boltz,ligand_vib_5_IR_intensity_Boltz,ligand_vib_5_dip_strength_Boltz,ligand_vib_5_rot_strength_Boltz,ligand_vib_5_E-M_angle_Boltz,ligand_vib_5_standard_frequency_Boltz,ligand_vib_5_standard_reduced_mass_Boltz,ligand_vib_5_standard_frc_const_Boltz,ligand_vib_5_standard_IR_intensity_Boltz,ligand_vib_5_standard_dip_strength_Boltz,ligand_vib_5_standard_rot_strength_Boltz,ligand_vib_5_standard_E-M_angle_Boltz,ligand_vib_6_vibration_Boltz,ligand_vib_6_standard_vibration_Boltz,ligand_vib_6_correlation_Boltz,ligand_vib_6_frequency_Boltz,ligand_vib_6_reduced_mass_Boltz,ligand_vib_6_frc_const_Boltz,ligand_vib_6_IR_intensity_Boltz,ligand_vib_6_dip_strength_Boltz,ligand_vib_6_rot_strength_Boltz,ligand_vib_6_E-M_angle_Boltz,ligand_vib_6_standard_frequency_Boltz,ligand_vib_6_standard_reduced_mass_Boltz,ligand_vib_6_standard_frc_const_Boltz,ligand_vib_6_standard_IR_intensity_Boltz,ligand_vib_6_standard_dip_strength_Boltz,ligand_vib_6_standard_rot_strength_Boltz,ligand_vib_6_standard_E-M_angle_Boltz,ligand_vib_7_vibration_Boltz,ligand_vib_7_standard_vibration_Boltz,ligand_vib_7_correlation_Boltz,ligand_vib_7_frequency_Boltz,ligand_vib_7_reduced_mass_Boltz,ligand_vib_7_frc_const_Boltz,ligand_vib_7_IR_intensity_Boltz,ligand_vib_7_dip_strength_Boltz,ligand_vib_7_rot_strength_Boltz,ligand_vib_7_E-M_angle_Boltz,ligand_vib_7_standard_frequency_Boltz,ligand_vib_7_standard_reduced_mass_Boltz,ligand_vib_7_standard_frc_const_Boltz,ligand_vib_7_standard_IR_intensity_Boltz,ligand_vib_7_standard_dip_strength_Boltz,ligand_vib_7_standard_rot_strength_Boltz,ligand_vib_7_standard_E-M_angle_Boltz,ligand_vib_8_vibration_Boltz,ligand_vib_8_standard_vibration_Boltz,ligand_vib_8_correlation_Boltz,ligand_vib_8_frequency_Boltz,ligand_vib_8_reduced_mass_Boltz,ligand_vib_8_frc_const_Boltz,ligand_vib_8_IR_intensity_Boltz,ligand_vib_8_dip_strength_Boltz,ligand_vib_8_rot_strength_Boltz,ligand_vib_8_E-M_angle_Boltz,ligand_vib_8_standard_frequency_Boltz,ligand_vib_8_standard_reduced_mass_Boltz,ligand_vib_8_standard_frc_const_Boltz,ligand_vib_8_standard_IR_intensity_Boltz,ligand_vib_8_standard_dip_strength_Boltz,ligand_vib_8_standard_rot_strength_Boltz,ligand_vib_8_standard_E-M_angle_Boltz,ligand_vib_9_vibration_Boltz,ligand_vib_9_standard_vibration_Boltz,ligand_vib_9_correlation_Boltz,ligand_vib_9_frequency_Boltz,ligand_vib_9_reduced_mass_Boltz,ligand_vib_9_frc_const_Boltz,ligand_vib_9_IR_intensity_Boltz,ligand_vib_9_dip_strength_Boltz,ligand_vib_9_rot_strength_Boltz,ligand_vib_9_E-M_angle_Boltz,ligand_vib_9_standard_frequency_Boltz,ligand_vib_9_standard_reduced_mass_Boltz,ligand_vib_9_standard_frc_const_Boltz,ligand_vib_9_standard_IR_intensity_Boltz,ligand_vib_9_standard_dip_strength_Boltz,ligand_vib_9_standard_rot_strength_Boltz,ligand_vib_9_standard_E-M_angle_Boltz,ligand_vib_10_vibration_Boltz,ligand_vib_10_standard_vibration_Boltz,ligand_vib_10_correlation_Boltz,ligand_vib_10_frequency_Boltz,ligand_vib_10_reduced_mass_Boltz,ligand_vib_10_frc_const_Boltz,ligand_vib_10_IR_intensity_Boltz,ligand_vib_10_dip_strength_Boltz,ligand_vib_10_rot_strength_Boltz,ligand_vib_10_E-M_angle_Boltz,ligand_vib_10_standard_frequency_Boltz,ligand_vib_10_standard_reduced_mass_Boltz,ligand_vib_10_standard_frc_const_Boltz,ligand_vib_10_standard_IR_intensity_Boltz,ligand_vib_10_standard_dip_strength_Boltz,ligand_vib_10_standard_rot_strength_Boltz,ligand_vib_10_standard_E-M_angle_Boltz,ligand_atom1_%VBur_Boltz,ligand_atom2_%VBur_Boltz,ligand_atom3_%VBur_Boltz,ligand_atom4_%VBur_Boltz,ligand_c_min_%VBur_Boltz,ligand_c_min+1_%VBur_Boltz,ligand_c_max_%VBur_Boltz,ligand_c_max-1_%VBur_Boltz
BrettPhos,91,0,1,3.8372,536.776,5072.2,18418.4,-0.191652,-0.0157362,0.103694,0.0879578,0.0879578,-1857.45,0.816545,0.85762,0.858564,0.743831,-1856.63,-1856.59,-1856.59,-1856.7,4.5431,5004.44,18421.4,314.266,0.0138105,0,281.071,0.0806006,0,259.83,0.00471842,0,257.56,0.0135569,0,255.147,0.0104936,0,251.324,0.0461751,0,244.465,0.0104825,0,240.628,0.0024799,0,235.791,0.00699357,0,231.992,0.0108039,0,0.431877,0.487511,0.819017,9.99867,4.146,0.0363112,14.181,350.993,56.1258,0.597496,1.25528,9.99771,3.70674,0.0402684,13.7447,-0.221682,-0.216747,-0.350023,1.99882,4.32859,0.0226128,6.35002,61.0346,147.348,-0.310666,-0.559723,1.99875,4.53847,0.0225097,6.55972,-0.299696,-0.0359788,-0.531348,1.9992,4.51538,0.016768,6.53135,152.107,21.9105,-0.301346,-0.551551,1.99915,4.53499,0.0174063,6.55155,-0.282689,-0.0451143,-0.534041,1.99921,4.51923,0.0156063,6.53404,154.536,17.6531,-0.290634,-0.544487,1.99916,4.52909,0.016242,6.54449,7,1,0,0,-0.514559,-0.882425,-0.527154,1.99974,6.51625,0.0111724,8.52715,238.877,80.2082,-0.531906,-0.542653,1.99974,6.53201,0.0109075,8.54265,9,1,0,0,-0.512584,-0.871121,-0.53394,1.99973,6.52221,0.0119992,8.53394,236.269,74.8007,-0.542948,-0.560115,1.99973,6.54889,0.0114904,8.56012,11,1,0,0.431877,0.487511,0.819017,9.99867,4.146,0.0363112,14.181,350.993,56.1258,0.597496,1.25528,9.99771,3.70674,0.0402684,13.7447,6,1,0,0.392729,0.381799,0.310619,1.99866,3.66953,0.0211851,5.68938,44.2478,119.045,0.39015,0.328893,1.99868,3.65022,0.0222043,5.67111,95.5263,85,0.485296,905.012,2.33232,1.12249,2.86308,12.5996,-1.85463,95.6991,829.428,3.7091,1.5034,1.5896,7.6458,0.7068,87.1829,110.89,86,0.710966,1047.47,7.54482,5.05871,49.8663,184.68,-1.92976,92.5607,849.789,3.5196,1.4975,2.9342,13.7748,2.2465,84.0397,84.3812,89,-0.394889,777.87,2.70545,0.87573,3.82959,21.2716,-7.46153,120.054,875.435,1.5603,0.7046,2.8125,12.8169,-1.3059,92.9634,83.2659,94,0.420562,819.333,3.3253,1.31692,7.8388,38.6907,8.38954,80.8752,895.149,2.5199,1.1896,0.8904,3.9681,-0.9271,107.948,89.7546,95,0.0791006,873.957,3.36229,1.40436,10.17,49.0541,7.2705,83.5677,900.524,1.384,0.6613,1.7824,7.8964,-1.1965,98.6945,113.773,96,0.125842,1070.1,1.69363,1.11313,25.7146,94.6036,-1.30258,92.2449,900.788,1.5672,0.7492,9.1119,40.3546,0.1771,89.7569,127.887,139,0.852726,1154.87,3.7861,2.76486,33.9244,119.913,-5.7793,115.263,1221.83,1.5666,1.3779,10.9638,35.7977,0.558,87.6376,144.874,140,-0.222813,1267.91,1.4107,1.33961,0.596669,1.87393,-3.67311,120.875,1241.59,1.4486,1.3157,1.9119,6.1432,1.0598,86.64,150.335,151,-0.229102,1301.69,1.33258,1.33317,4.9836,15.1967,-5.18055,111.11,1311.46,1.3493,1.3673,14.8724,45.241,9.0322,77.2593,150.954,153,0.7344,1305.79,1.3456,1.35076,10.2945,31.2017,0.460578,84.9049,1321.33,1.5098,1.5531,26.5235,80.0806,-45.1082,122.659,0.842503,0.846098,0.821612,0.832375,0.68702,0.720655,0.842503,0.764915
CgMe-PPh,41,0,1,1.22787,292.314,2562.14,5248.87,-0.220747,-0.0196881,0.120217,0.100529,0.100529,-1189.38,0.345051,0.363166,0.36411,0.301452,-1189.04,-1189.02,-1189.02,-1189.08,6.41242,2082.22,5262.2,264.673,0.0396989,0,245.084,0.000402589,0,233.694,0.113713,0,229.616,0.0539321,0,215.522,0.00329956,0,206.4,0.0326874,0,205.949,0.00181081,0,199.396,0.0017055,0,198.25,0.00449865,0,189.238,0.00489915,0,0.371245,0.331915,0.832006,9.99847,4.13205,0.0374699,14.168,381.113,154.714,0.52907,1.24114,9.9975,3.71477,0.0465855,13.7589,-0.0921269,-0.144505,-0.375107,1.99895,4.35354,0.0226303,6.37511,57.3185,174.27,-0.157771,-0.578792,1.99885,4.55601,0.0239309,6.57879,0.126333,0.418229,0.016587,1.99907,3.95358,0.0307592,5.98341,112.581,59.2496,0.110497,-0.0278228,1.99907,3.9963,0.0324535,6.02782,0.101162,0.371533,-0.00332301,1.99907,3.97429,0.0299706,6.00332,111.883,52.8688,0.102154,-0.0123382,1.99901,3.98303,0.0303013,6.01234,6,1,0,0,-0.530872,-0.821952,-0.604001,1.99974,6.58852,0.01575,8.604,219.295,49.0688,-0.523605,-0.602291,1.99974,6.58552,0.0170296,8.60229,10,1,0,0,-0.528803,-0.810399,-0.612406,1.99973,6.59728,0.0153954,8.61241,229.592,43.9955,-0.470658,-0.522216,1.99974,6.50686,0.0156105,8.52222,1,0,1,0.500782,0.870747,0.58935,1.99904,3.37526,0.03635,5.41065,93.5914,26.1971,0.497577,0.58557,1.99904,3.37891,0.03648,5.41443,3,1,0,0.504132,0.860746,0.59027,1.99904,3.37411,0.0365801,5.40973,93.9451,26.4301,0.485443,0.58461,1.99903,3.38048,0.0358801,5.41539,54.003,85,-0.000806317,1015.33,4.71348,2.86274,0.966206,3.7963,-0.342719,95.6481,829.428,3.7091,1.5034,1.5896,7.6458,0.7068,87.1829,56,86,0.000104744,1053.56,3.4499,2.25614,1.11555,4.22431,-0.793507,128.418,849.789,3.5196,1.4975,2.9342,13.7748,2.2465,84.0397,40.9996,89,-0.000817998,845.342,2.51676,1.0596,1.32804,6.26743,-5.63598,166.869,875.435,1.5603,0.7046,2.8125,12.8169,-1.3059,92.9634,33.0022,94,0.000653154,634.139,6.2822,1.48825,0.564285,3.5391,-1.19572,113.958,895.149,2.5199,1.1896,0.8904,3.9681,-0.9271,107.948,33.0022,95,-0.000829417,634.139,6.2822,1.48825,0.564285,3.5391,-1.19572,113.958,900.524,1.384,0.6613,1.7824,7.8964,-1.1965,98.6945,58.99,96,0.000820649,1105.73,2.09062,1.50537,21.3749,77.1078,78.9624,29.7777,900.788,1.5672,0.7492,9.1119,40.3546,0.1771,89.7569,56,139,7.0477e-05,1053.56,3.4499,2.25614,1.11555,4.22431,-0.793507,128.418,1221.83,1.5666,1.3779,10.9638,35.7977,0.558,87.6376,88.0004,140,-0.00015482,1513.35,1.0503,1.4172,1.80258,4.75178,-0.489234,94.4704,1241.59,1.4486,1.3157,1.9119,6.1432,1.0598,86.64,88.0004,151,-0.000139633,1513.35,1.0503,1.4172,1.80258,4.75178,-0.489234,94.4704,1311.46,1.3493,1.3673,14.8724,45.241,9.0322,77.2593,88.9883,153,-0.661885,1513.9,1.05074,1.41877,5.96772,15.7323,2.91345,71.9598,1321.33,1.5098,1.5531,26.5235,80.0806,-45.1082,122.659,0.756876,0.757486,0.814711,0.833457,0.705684,0.761172,0.759977,0.780761
GorlosPhos HBF4,66,0,1,2.63133,390.545,3513.74,10352.5,-0.189142,-0.00511138,0.0971265,0.0920152,0.0920152,-1429.86,0.593484,0.622417,0.623361,0.533049,-1429.26,-1429.23,-1429.23,-1429.32,5.7742,3605.58,10359.7,298.855,0.00798599,0,259.5,0.0497966,0,249.268,0.0017829,0,233.823,0.117506,0,205.698,0.0946819,0,202.346,0.201284,0,199.613,0.456654,0,193.561,0.0141354,0,189.102,0.0224405,0,187.844,0.00697133,0,0.44941,0.506242,0.827858,9.99862,4.13727,0.03625,14.1721,395.38,61.3616,0.640499,1.32704,9.99753,3.63231,0.0431254,13.673,-0.279028,-0.461503,-0.439108,1.99885,4.41729,0.0229714,6.43911,80.1713,117.238,-0.362649,-0.654847,1.99876,4.63362,0.0224605,6.65485,-0.281433,-0.0303868,-0.535184,1.99923,4.51981,0.0161385,6.53518,152.341,21.5641,-0.295941,-0.556396,1.99918,4.53952,0.0177021,6.5564,-0.282732,-0.0312572,-0.535068,1.99923,4.51963,0.0162031,6.53507,152.397,22.0055,-0.297395,-0.556237,1.99917,4.53919,0.0178769,6.55624,22,1,0,0,-0.536634,-0.931103,-0.548674,1.99971,6.53615,0.0128076,8.54867,185.122,86.3107,-0.576986,-0.585703,1.99972,6.57368,0.0123003,8.5857,26,1,0,0,-0.513679,-0.940058,-0.534968,1.99971,6.52288,0.0123817,8.53497,180.669,86.6228,-0.562444,-0.570755,1.99971,6.55956,0.0114911,8.57075,1,1,0,0.44941,0.506242,0.827858,9.99862,4.13727,0.03625,14.1721,395.38,61.3616,0.640499,1.32704,9.99753,3.63231,0.0431254,13.673,17.0015,1,0,0.35637,0.652718,0.355985,1.99874,3.62202,0.0232493,5.64402,33.4883,128.864,0.350259,0.321618,1.99875,3.65496,0.0246724,5.67838,72.2119,85,0.428371,947.97,2.95715,1.57469,2.66261,10.9069,-1.56196,99.3895,829.428,3.7091,1.5034,1.5896,7.6458,0.7068,87.1829,77.4433,86,0.131617,1007.02,6.33762,4.01386,0.471268,1.85313,-0.347144,115.584,849.79,3.5196,1.4975,2.9342,13.7748,2.2465,84.0397,56.7774,89,-0.0882072,770.07,3.11079,0.997058,2.75108,14.3601,-2.90958,100.737,875.435,1.5603,0.7046,2.8125,12.8169,-1.3059,92.9634,55.1302,94,-0.449407,759.396,2.63809,0.816563,12.2942,65.0422,6.57024,71.1879,895.149,2.5199,1.1896,0.8904,3.9681,-0.9271,107.948,49.1583,95,-0.313274,664.084,4.59249,1.15899,9.51163,59.5209,4.12221,91.1093,900.524,1.384,0.6613,1.7824,7.8964,-1.1965,98.6945,81.071,96,-0.508276,1044.18,4.09725,2.62472,0.823545,3.03686,0.410928,89.7379,900.788,1.5672,0.7492,9.1119,40.3546,0.1771,89.7569,129.495,139,-0.987012,1438.58,2.05631,2.50984,8.17379,24.2825,-0.0244264,100.432,1221.83,1.5666,1.3779,10.9638,35.7977,0.558,87.6376,109.132,140,-0.456331,1314.1,1.79802,1.83124,10.3113,31.3245,12.6625,60.8701,1241.59,1.4486,1.3157,1.9119,6.1432,1.0598,86.64,106.861,151,-0.328965,1307.24,1.41581,1.42562,16.9923,51.8707,13.9725,59.2392,1311.46,1.3493,1.3673,14.8724,45.241,9.0322,77.2593,116.938,153,-0.616062,1355.42,1.74675,1.8752,5.36322,16.2164,-3.87567,107.69,1321.33,1.5098,1.5531,26.5235,80.0806,-45.1082,122.659,0.847011,0.817167,0.808282,0.807697,0.791523,0.708264,0.847011,0.731761
JackiePhos,91,0,1,5.5147,796.675,5672.57,35866,-0.216007,-0.0514883,0.133748,0.0822594,0.0822594,-3198.36,0.693599,0.747443,0.748387,0.596991,-3197.67,-3197.61,-3197.61,-3197.77,15.5908,5656.29,35863.7,318.737,0.0134105,0,314.627,0.0211836,0,310.665,0.0121005,0,308.47,0.0129802,0,304.032,0.0309234,0,298.037,0.0571323,0,293.975,0.00385846,0,289.17,0.00227906,0,284.886,0.00383792,0,283.573,0.00154812,0,0.454832,0.725316,0.934595,9.99844,4.02666,0.0403044,14.0654,367.821,49.0682,0.462276,1.02389,9.99812,3.93313,0.044869,13.9761,-0.249746,-0.277979,-0.385005,1.99881,4.36417,0.0220304,6.385,68.6895,127.668,-0.196612,-0.35905,1.99883,4.33554,0.0246774,6.35905,-0.106561,-0.111455,-0.336529,1.99894,4.31382,0.023778,6.33653,51.9548,181.442,-0.121291,-0.384519,1.9989,4.3616,0.0240158,6.38452,-0.104591,-0.114021,-0.333971,1.99893,4.31107,0.0239667,6.33397,51.206,181.558,-0.125117,-0.390005,1.9989,4.36694,0.0241678,6.39,51.4669,1,0,0,-0.514649,-0.8895,-0.527158,1.99974,6.51598,0.011438,8.52716,235.866,85.7825,-0.473214,-0.467194,1.99974,6.45605,0.0114092,8.46719,52.5331,1,0,0,-0.514448,-0.86401,-0.528745,1.99973,6.517,0.0120125,8.52875,232.636,88.7091,-0.451895,-0.447499,1.99974,6.43577,0.0119907,8.4475,17.3696,0,1,0.79196,1.69748,1.12974,1.99905,2.80111,0.0701027,4.87026,63.5946,12.9458,0.787799,1.12894,1.99904,2.8019,0.0701172,4.87106,15.9369,1,0,0.791742,1.69119,1.1299,1.99905,2.80106,0.0699985,4.8701,63.2466,14.2929,0.768147,1.12155,1.99904,2.80893,0.0704897,4.87845,127.565,85,0.281882,941.354,1.58584,0.816628,1.78954,7.69061,-4.18938,97.6829,829.428,3.7091,1.5034,1.5896,7.6458,0.7068,87.1829,139,86,0.247903,1080.46,8.44766,5.81037,52.4233,193.565,0.258293,89.8954,849.79,3.5196,1.4975,2.9342,13.7748,2.2465,84.0397,133.763,89,0.190594,1002.54,7.24803,4.32685,58.1154,202.946,-6.59446,73.6388,875.435,1.5603,0.7046,2.8125,12.8169,-1.3059,92.9634,107.042,94,0.0156388,771.98,3.88141,1.28333,8.46426,38.2622,2.82474,74.594,895.149,2.5199,1.1896,0.8904,3.9681,-0.9271,107.948,114.712,95,0.0255039,843.442,3.67225,1.32883,10.8423,44.952,4.10095,80.1216,900.524,1.384,0.6613,1.7824,7.8964,-1.1965,98.6945,114,96,0.0282401,853.38,3.52266,1.51149,3.03147,14.1718,-0.0639531,90.0312,900.788,1.5672,0.7492,9.1119,40.3546,0.1771,89.7569,140.798,139,0.0648439,1090.25,7.82932,5.40522,51.7275,189.66,-3.89801,92.0572,1221.83,1.5666,1.3779,10.9638,35.7977,0.558,87.6376,150.336,140,-0.185861,1123.84,7.79192,5.82786,63.3297,214.042,12.0192,103.885,1241.59,1.4486,1.3157,1.9119,6.1432,1.0598,86.64,154.97,151,-0.354195,1182.49,6.5309,5.11502,103.178,358.16,-85.575,122.634,1311.46,1.3493,1.3673,14.8724,45.241,9.0322,77.2593,148.776,153,-0.0108263,1144.36,9.26482,7.16202,112.879,389.608,43.6671,70.4158,1321.33,1.5098,1.5531,26.5235,80.0806,-45.1082,122.659,0.774041,0.838126,0.767321,0.763697,0.679831,0.70441,0.56739,0.571575
PCy3 HBF4,52,0,1,1.15179,280.433,2701.57,6134.85,-0.201441,0.0536223,0.0739093,0.127532,0.127532,-1047.15,0.486403,0.505547,0.506491,0.439786,-1046.67,-1046.65,-1046.65,-1046.71,1.3757,2839.78,6138.97,204.835,0.0700771,0,197.486,0.0949429,0,188.631,0.00948146,0,177.252,0.0246516,0,170.191,0.0132235,0,169.036,0.00861544,0,164.437,0.00738558,0,158.113,0.00332762,0,157.143,0.00424219,0,154.186,0.00566518,0,0.392219,0.322317,0.799234,9.9987,4.16769,0.0343701,14.2008,352.416,79.5321,0.326765,0.982546,9.99776,3.93002,0.0896714,14.0175,-0.29469,-0.0392952,-0.545789,1.99921,4.53094,0.0156498,6.54579,156.527,16.4499,-0.257808,-0.610585,1.99917,4.58739,0.0240313,6.61058,-0.278572,-0.0310166,-0.537495,1.99924,4.52297,0.0152947,6.5375,153.086,19.5765,-0.264803,-0.557854,1.99918,4.53697,0.0217132,6.55785,-0.282134,-0.0333182,-0.540131,1.99923,4.52551,0.0153968,6.54013,154.271,18.6807,-0.256623,-0.559389,1.99917,4.53878,0.0214488,6.55939,3.64647,0,1,0,-0.298057,-0.0418957,-0.548428,1.9992,4.5335,0.0157381,6.54843,157.737,15.5159,-0.249331,-0.611273,1.99915,4.58842,0.0237081,6.61127,10.8788,0,1,0,-0.281722,-0.0329914,-0.536822,1.99924,4.52234,0.0152481,6.53682,153.102,19.1117,-0.280598,-0.596785,1.9992,4.57322,0.0243654,6.59679,1,1,0,0.392219,0.322317,0.799234,9.9987,4.16769,0.0343701,14.2008,352.416,79.5321,0.326765,0.982546,9.99776,3.93002,0.0896714,14.0175,38.8603,0,1,0.15529,-0.0174493,0.238555,0,0.760117,0.00132814,0.761445,29.9893,5.05178,0.140147,0.227204,0,0.771135,0.00166042,0.772796,49.6141,85,0.59823,940.613,1.93922,0.991453,1.48558,6.67879,6.02853,60.2258,829.428,3.7091,1.5034,1.5896,7.6458,0.7068,87.1829,34.2136,86,-0.317047,663.905,3.29081,0.86864,5.92574,40.1423,0.725397,61.7854,849.789,3.5196,1.4975,2.9342,13.7748,2.2465,84.0397,41.7868,89,0.341886,832.787,2.08398,0.822773,3.12011,15.0645,-2.06616,95.2058,875.435,1.5603,0.7046,2.8125,12.8169,-1.3059,92.9634,52.5005,94,0.336899,970.245,1.86924,1.0275,1.45856,6.11348,1.61153,69.0311,895.149,2.5199,1.1896,0.8904,3.9681,-0.9271,107.948,53.8758,95,-0.348083,1004.21,1.6731,1.00907,1.3007,5.31035,0.594198,85.8496,900.524,1.384,0.6613,1.7824,7.8964,-1.1965,98.6945,57.2228,96,0.00225359,1048.9,1.91897,1.21943,2.06368,7.65879,5.44728,66.4836,900.788,1.5672,0.7492,9.1119,40.3546,0.1771,89.7569,83.1359,139,-0.412281,1320.27,1.32071,1.35665,6.97726,21.1019,-0.166283,94.5779,1221.83,1.5666,1.3779,10.9638,35.7977,0.558,87.6376,81.1431,140,-0.428329,1309.76,1.29717,1.3106,6.67586,20.2876,5.53797,66.0379,1241.59,1.4486,1.3157,1.9119,6.1432,1.0598,86.64,73.4321,151,0.0331234,1233.3,1.45186,1.2937,4.62947,14.5615,3.21652,83.4936,1311.46,1.3493,1.3673,14.8724,45.241,9.0322,77.2593,72.0033,153,-0.292318,1220.25,1.40752,1.23519,0.271114,0.873605,-1.61514,99.3809,1321.33,1.5098,1.5531,26.5235,80.0806,-45.1082,122.659,0.822079,0.810459,0.817165,0.816341,0.809693,0.815174,0.822079,0.512782
P(fur)3,25,0,1,1.69141,232.175,1576.29,3738.24,-0.213918,-0.0138796,0.113899,0.100019,0.100019,-1029.63,0.182869,0.196506,0.19745,0.138659,-1029.44,-1029.43,-1029.43,-1029.49,7.14031,1756.33,3736.84,257.386,0.0725848,0,250.357,0.137361,0,237.766,0.0384104,0,229.953,0.162769,0,226.66,0.244772,0,222.647,0.0539159,0,219.103,0.00718159,0,216.248,0.0456075,0,196.473,0.0525206,0,195.191,0.0243077,0,0.377983,1.02565,0.883547,9.9981,4.06821,0.0501449,14.1165,453.097,32.5574,0.28673,0.832288,9.99799,4.10401,0.0657174,14.1677,0.0896558,-0.117529,-0.0561799,1.99886,4.02317,0.0341406,6.05618,44.3665,89.144,0.11027,-0.0388953,1.99889,4.00272,0.0372849,6.0389,0.0891045,-0.115208,-0.0562326,1.99887,4.0232,0.0341624,6.05623,44.3733,89.1249,0.108478,-0.0404644,1.99889,4.00415,0.0374142,6.04046,0.089085,-0.115076,-0.0558159,1.99887,4.02276,0.0341914,6.05582,44.3115,89.0184,0.113396,-0.0311519,1.9989,3.9948,0.0374534,6.03115,10.5552,1,0,0,-0.405853,-0.454887,-0.452867,1.99974,6.43991,0.0132131,8.45287,40.0272,298.818,-0.437448,-0.493447,1.99974,6.47916,0.0145401,8.49345,5.23427,1,0,0,-0.406623,-0.444673,-0.451783,1.99974,6.43893,0.0131137,8.45178,39.8505,298.923,-0.428059,-0.484906,1.99974,6.46999,0.0151696,8.48491,1,1,0,0.377983,1.02565,0.883547,9.9981,4.06821,0.0501449,14.1165,453.097,32.5574,0.28673,0.832288,9.99799,4.10401,0.0657174,14.1677,22.1263,0,1,0.160434,0.0869822,0.258786,0,0.740275,0.000939254,0.741214,24.8616,6.59303,0.214613,0.284664,0,0.71442,0.000917185,0.715336,38.7545,85,-0.573618,1037.62,3.23147,1.95086,6.4248,27.1723,-0.176412,90.6098,829.428,3.7091,1.5034,1.5896,7.6458,0.7068,87.1829,40.7619,86,0.0610812,1097.1,2.37772,1.67502,1.98726,7.47578,0.0868674,89.6779,849.789,3.5196,1.4975,2.9342,13.7748,2.2465,84.0397,35.4526,89,-0.26225,978.814,3.29232,1.70352,3.97113,16.1154,0.15757,89.0954,875.435,1.5603,0.7046,2.8125,12.8169,-1.3059,92.9634,32.0932,94,0.0536034,921.376,2.88165,1.79146,22.8227,114.099,-1.29067,94.5073,895.149,2.5199,1.1896,0.8904,3.9681,-0.9271,107.948,35.2761,95,-0.0840622,974.717,3.48908,1.87176,3.70454,15.1028,-0.144071,90.4482,900.524,1.384,0.6613,1.7824,7.8964,-1.1965,98.6945,40.665,96,0.133162,1064.16,3.23554,2.03737,5.83557,22.8785,-1.04939,90.7323,900.788,1.5672,0.7492,9.1119,40.3546,0.1771,89.7569,40.6446,139,0.122009,1093.03,2.4471,1.70001,2.24459,8.64693,0.508623,89.0575,1221.83,1.5666,1.3779,10.9638,35.7977,0.558,87.6376,41.0179,140,0.344901,1102.42,2.3066,1.65141,1.5534,5.6181,-0.0682743,90.1168,1241.59,1.4486,1.3157,1.9119,6.1432,1.0598,86.64,46.2699,151,0.394644,1242.78,2.96243,3.1912,2.29916,7.39359,-0.0709803,90.1227,1311.46,1.3493,1.3673,14.8724,45.241,9.0322,77.2593,45.829,153,0.207274,1227.2,2.81974,3.10193,3.2898,10.7426,0.0973357,90.209,1321.33,1.5098,1.5531,26.5235,80.0806,-45.1082,122.659,0.650508,0.673426,0.674079,0.673523,0.586716,0.575162,0.650508,0.453559
PPh2Me,27,0,1,1.39214,200.22,1861.08,3398.93,-0.213799,-0.0153,0.114549,0.0992493,0.0992493,-844.564,0.220846,0.233542,0.234486,0.17977,-844.343,-844.331,-844.33,-844.385,7.40144,1911.67,3403.21,269.306,0.0434715,0,253.25,0.0129,0,247.569,0.1456,0,240.994,0.0378999,0,228.693,0.0047,0,216.05,0.0117429,0,212.777,0.0124,0,211.68,0.0220571,0,209.15,0.0005,0,206.9,0.0264,0,0.365639,0.587766,0.886329,9.99855,4.07227,0.04285,14.1137,385.072,60.2458,0.507424,1.25998,9.99755,3.69258,0.04989,13.74,-0.0829742,-0.139394,-0.359278,1.99894,4.33736,0.0229816,6.35928,52.2626,183.004,-0.114656,-0.466435,1.99887,4.44337,0.0242001,6.46644,-0.0815241,-0.128273,-0.359534,1.99894,4.3379,0.0226884,6.35953,52.3942,183.056,-0.10276,-0.442482,1.99888,4.41964,0.0239599,6.44248,-0.639927,-0.175527,-1.00576,1.9995,4.99731,0.00894572,7.00576,173.027,19.3273,-0.640348,-1.03465,1.99946,5.02408,0.01111,7.03465,14,0,1,0,-0.639927,-0.175527,-1.00576,1.9995,4.99731,0.00894572,7.00576,173.027,19.3273,-0.640348,-1.03465,1.99946,5.02408,0.01111,7.03465,4.57104,0,1,0,-0.0873166,-0.172729,-0.358501,1.99893,4.33571,0.02386,6.3585,51.8697,182.846,-0.150299,-0.538217,1.99883,4.51447,0.02492,6.53822,1,1,0,0.365639,0.587766,0.886329,9.99855,4.07227,0.04285,14.1137,385.072,60.2458,0.507424,1.25998,9.99755,3.69258,0.04989,13.74,15.4285,0,1,0.176969,0.020432,0.25899,0,0.74019,0.00082,0.74101,31.0016,8.52551,0.203723,0.274493,0,0.724819,0.00069,0.725507,38.4285,85,0.360901,1053.13,3.20963,2.09733,1.12254,4.25212,0.581775,65.2862,829.428,3.7091,1.5034,1.5896,7.6458,0.7068,87.1829,37.857,86,-0.421438,1032.47,4.93974,3.06838,1.96266,7.63377,0.0267122,84.2576,849.789,3.5196,1.4975,2.9342,13.7748,2.2465,84.0397,23.2851,89,0.679313,779.484,3.60579,1.09364,16.932,80.9641,-36.3906,102.049,875.435,1.5603,0.7046,2.8125,12.8169,-1.3059,92.9634,36.9991,94,-0.537276,1047.04,1.24912,0.797943,2.6711,11.3507,2.57768,109.694,895.149,2.5199,1.1896,0.8904,3.9681,-0.9271,107.948,42.1425,95,0.13317,1143.95,1.45894,1.10811,0.996706,3.58691,-0.922651,150.51,900.524,1.384,0.6613,1.7824,7.8964,-1.1965,98.6945,39.5715,96,0.331611,1084.06,2.35646,1.60887,1.47762,5.41869,-0.643679,119.043,900.788,1.5672,0.7492,9.1119,40.3546,0.1771,89.7569,38.4285,139,-0.404036,1053.13,3.20963,2.09733,1.12254,4.25212,0.581775,65.2862,1221.83,1.5666,1.3779,10.9638,35.7977,0.558,87.6376,50,140,0.957266,1351.38,1.29581,1.3943,2.19146,6.46941,-1.04624,94.8161,1241.59,1.4486,1.3157,1.9119,6.1432,1.0598,86.64,50,151,0.893489,1351.38,1.29581,1.3943,2.19146,6.46941,-1.04624,94.8161,1311.46,1.3493,1.3673,14.8724,45.241,9.0322,77.2593,50.7154,153,-0.128484,1353.74,1.8704,2.10648,4.74214,13.3449,-0.58285,93.5784,1321.33,1.5098,1.5531,26.5235,80.0806,-45.1082,122.659,0.673222,0.720842,0.721587,0.495242,0.495242,0.718661,0.673222,0.37244
PPh3,34,0,1,1.413,262.29,2699.68,5470.58,-0.21146,-0.01885,0.115155,0.096305,0.096305,-1036.3,0.27422,0.290143,0.291087,0.227727,-1036.02,-1036.01,-1036.01,-1036.07,3.7713,2076.68,5475.96,274.97,0.1271,0,274.76,0.1285,0,260.58,0.0022,0,245.14,0.0002,0,245.08,0.0002,0,240.68,0.0085,0,228.45,0.0146,0,224.87,0.0005,0,224.8,0.0004,0,220.69,0.0009,0,0.334435,0.676221,0.9009,9.99843,4.05876,0.04192,14.0991,361.443,39.667,0.450688,1.24228,9.9975,3.70998,0.05025,13.7577,-0.094619,-0.157468,-0.36207,1.99893,4.3399,0.02324,6.36207,56.1606,179.423,-0.129784,-0.4776,1.99887,4.45255,0.02618,6.4776,-0.094558,-0.15746,-0.36196,1.99893,4.33979,0.02324,6.36196,56.1046,179.457,-0.108448,-0.43963,1.99887,4.41649,0.02427,6.43963,-0.094493,-0.156564,-0.36197,1.99893,4.33979,0.02324,6.36197,56.1021,179.469,-0.08279,-0.37931,1.99891,4.35534,0.02506,6.37931,2,0,1,0,-0.094619,-0.157468,-0.36207,1.99893,4.3399,0.02324,6.36207,56.1606,179.423,-0.129784,-0.4776,1.99887,4.45255,0.02618,6.4776,14,0,1,0,-0.094558,-0.15746,-0.36196,1.99893,4.33979,0.02324,6.36196,56.1046,179.457,-0.108448,-0.43963,1.99887,4.41649,0.02427,6.43963,1,1,0,0.334435,0.676221,0.9009,9.99843,4.05876,0.04192,14.0991,361.443,39.667,0.450688,1.24228,9.9975,3.70998,0.05025,13.7577,34,0,1,0.147384,0.044668,0.24518,0,0.75337,0.00145,0.75482,25.3972,12.2175,0.130789,0.23644,0,0.76222,0.00134,0.76356,49,85,0.600784,1052.69,3.3101,2.1612,2.0897,7.9193,0.4893,71.7894,829.428,3.7091,1.5034,1.5896,7.6458,0.7068,87.1829,52,86,-0.70302,1107.8,1.8798,1.3592,4.1709,15.0203,6.5167,17.8127,849.789,3.5196,1.4975,2.9342,13.7748,2.2465,84.0397,25,89,-0.61559,691.903,6.5809,1.8562,0.7786,4.4893,-1.6773,177.321,875.435,1.5603,0.7046,2.8125,12.8169,-1.3059,92.9634,33,94,-0.678019,762.943,1.6471,0.5649,24.9002,130.202,53.9426,50.5155,895.149,2.5199,1.1896,0.8904,3.9681,-0.9271,107.948,37,95,-0.714844,932.931,1.3442,0.6893,1.2594,5.3856,1.5809,73.3852,900.524,1.384,0.6613,1.7824,7.8964,-1.1965,98.6945,47,96,0.676671,1015.38,6.3132,3.8349,4.3684,17.1634,-2.2947,101.135,900.788,1.5672,0.7492,9.1119,40.3546,0.1771,89.7569,52,139,-0.648663,1107.8,1.8798,1.3592,4.1709,15.0203,6.5167,17.8127,1221.83,1.5666,1.3779,10.9638,35.7977,0.558,87.6376,75,140,0.79674,1531.69,1.997,2.7604,10.1647,26.4746,2.2321,34.897,1241.59,1.4486,1.3157,1.9119,6.1432,1.0598,86.64,75,151,0.873931,1531.69,1.997,2.7604,10.1647,26.4746,2.2321,34.897,1311.46,1.3493,1.3673,14.8724,45.241,9.0322,77.2593,73,153,-0.847922,1531.1,2.0149,2.783,2.0403,5.3161,-4.0417,169.774,1321.33,1.5098,1.5531,26.5235,80.0806,-45.1082,122.659,0.702883,0.732044,0.732433,0.732972,0.732044,0.732433,0.702883,0.522589
PPhMe2,20,0,1,1.36217,138.149,1401.56,1574.07,-0.22408,-0.01341,0.118745,0.105335,0.105335,-652.831,0.167205,0.176871,0.177815,0.131999,-652.664,-652.654,-652.653,-652.699,7.65223,1372.79,1573.16,257.787,0.006,0,236.39,0.0006,0,231.447,0.0039,0,207.47,0.0831,0,179.11,0.403667,0,178.47,0.562733,0,177.45,0.0001,0,176.31,0.2018,0,170.1,0.0006,0,167.06,0.0988667,0,0.377999,0.59367,0.854583,9.9987,4.10216,0.04456,14.1454,411.24,64.5283,0.600612,1.38367,9.99738,3.57058,0.04837,13.6163,-0.0704523,-0.183895,-0.360113,1.99894,4.33772,0.02345,6.36011,54.2408,184.843,-0.146469,-0.578853,1.99882,4.55722,0.02281,6.57885,-0.631812,-0.155903,-1.00257,1.9995,4.99385,0.00921,7.00257,172.15,23.9106,-0.634378,-1.03079,1.99944,5.02104,0.0103033,7.03079,-0.63182,-0.155904,-1.00257,1.9995,4.99385,0.00921,7.00257,172.152,23.9093,-0.634386,-1.03078,1.99944,5.02103,0.0103,7.03078,9.33286,0,1,0,-0.63182,-0.155903,-1.00257,1.9995,4.99386,0.00921,7.00257,172.152,23.9087,-0.634386,-1.03079,1.99944,5.02104,0.0103,7.03079,10.6671,0,1,0,-0.631811,-0.155904,-1.00257,1.9995,4.99385,0.00921,7.00257,172.149,23.9111,-0.634378,-1.03079,1.99944,5.02104,0.0103033,7.03079,1,1,0,0.377999,0.59367,0.854583,9.9987,4.10216,0.04456,14.1454,411.24,64.5283,0.600612,1.38367,9.99738,3.57058,0.04837,13.6163,12.3329,0,1,0.173055,0.0112977,0.25265,0,0.746507,0.00085,0.74735,31.1153,9.1291,0.209939,0.274,0,0.72528,0.00071,0.726,29,85,-0.300219,1117.96,2.5342,1.86617,16.6962,59.5799,-0.00269922,90.0094,829.428,3.7091,1.5034,1.5896,7.6458,0.7068,87.1829,27,86,0.990722,1053.01,3.1321,2.04623,0.224767,0.851533,9.99647e-05,89.859,849.789,3.5196,1.4975,2.9342,13.7748,2.2465,84.0397,13,89,-0.639878,656.96,4.73797,1.2048,4.85123,29.4591,0.00206611,89.7844,875.435,1.5603,0.7046,2.8125,12.8169,-1.3059,92.9634,28,94,0.694113,1108.26,1.7049,1.23377,0.896167,3.22593,0.000366502,89.8779,895.149,2.5199,1.1896,0.8904,3.9681,-0.9271,107.948,28,95,-0.769404,1108.26,1.7049,1.23377,0.896167,3.22593,0.000366502,89.8779,900.524,1.384,0.6613,1.7824,7.8964,-1.1965,98.6945,28,96,-0.827601,1108.26,1.7049,1.23377,0.896167,3.22593,0.000366502,89.8779,900.788,1.5672,0.7492,9.1119,40.3546,0.1771,89.7569,27,139,0.970218,1053.01,3.1321,2.04623,0.224767,0.851533,9.99647e-05,89.859,1221.83,1.5666,1.3779,10.9638,35.7977,0.558,87.6376,35,140,0.254401,1369.99,1.3416,1.48357,4.13523,12.0418,0.00016689,89.9936,1241.59,1.4486,1.3157,1.9119,6.1432,1.0598,86.64,33,151,-0.290705,1348.72,1.198,1.284,1.76123,5.2095,0.00256548,89.9702,1311.46,1.3493,1.3673,14.8724,45.241,9.0322,77.2593,35,153,0.26869,1369.99,1.3416,1.48357,4.13523,12.0418,0.00016689,89.9936,1321.33,1.5098,1.5531,26.5235,80.0806,-45.1082,122.659,0.642606,0.703073,0.473878,0.473938,0.473928,0.473888,0.642606,0.362364
PPhtBu2,38,0,1,1.1538,222.31,2200.96,3720.04,-0.208147,-0.0136025,0.110875,0.0972725,0.0972725,-888.691,0.338208,0.355656,0.3566,0.294736,-888.353,-888.336,-888.335,-888.396,7.63532,2360.23,3727.87,281.565,0.013425,0,256.65,0.0008,0,232.19,0.0067,0,211.362,0.102075,0,196.575,0.0433003,0,188.98,0.2372,0,187.935,0.0058,0,186.047,0.166975,0,181.45,0.0292502,0,178.862,0.000775027,0,0.373674,0.486705,0.844455,9.99856,4.1188,0.03818,14.1555,318.929,62.2069,0.600666,1.40314,9.99741,3.55773,0.04171,13.5969,-0.0900155,-0.180018,-0.361357,1.99894,4.33859,0.0238275,6.36136,55.7818,180.376,-0.161307,-0.59313,1.99883,4.57203,0.02226,6.59313,-0.0870739,-0.00778269,-0.328786,1.99915,4.31172,0.0179058,6.32879,151.368,18.5134,-0.0986274,-0.351071,1.99911,4.33369,0.0182666,6.35107,-0.0871014,-0.00776907,-0.328794,1.99916,4.31173,0.0179092,6.32879,151.37,18.5171,-0.0986629,-0.351054,1.99911,4.33368,0.0182634,6.35105,12.0064,0,1,0,-0.449249,0.00396425,-0.677935,1.99935,4.66688,0.01171,6.67793,163.376,30.1741,-0.459038,-0.680867,1.99933,4.66921,0.01233,6.68087,11.9979,0,1,0,-0.456934,0.0202877,-0.67917,1.99937,4.66882,0.01098,6.67917,159.033,33.6046,-0.453026,-0.6847,1.99937,4.67321,0.01212,6.6847,1,1,0,0.373674,0.486705,0.844455,9.99856,4.1188,0.03818,14.1555,318.929,62.2069,0.600666,1.40314,9.99741,3.55773,0.04171,13.5969,17.0032,0,1,0.143381,0.0385405,0.24472,0,0.754262,0.00102,0.75528,24.5665,9.14103,0.0839858,0.206035,0,0.79327,0.00069,0.793965,53,85,0.437708,1112.72,2.20788,1.61063,11.6753,41.859,-0.00717726,90.021,829.428,3.7091,1.5034,1.5896,7.6458,0.7068,87.1829,53,86,-0.493394,1112.72,2.20788,1.61063,11.6753,41.859,-0.00717726,90.021,849.789,3.5196,1.4975,2.9342,13.7748,2.2465,84.0397,41.4968,89,-0.769035,964.116,1.46909,0.800638,0.345752,1.45002,-0.455284,86.1438,875.435,1.5603,0.7046,2.8125,12.8169,-1.3059,92.9634,42.5201,94,0.372819,934.434,1.75753,0.948812,10.5585,53.3216,-2.76174,91.2235,895.149,2.5199,1.1896,0.8904,3.9681,-0.9271,107.948,40.9767,95,0.0746066,869.34,4.13905,1.42267,1.2062,4.43885,0.045512,86.5629,900.524,1.384,0.6613,1.7824,7.8964,-1.1965,98.6945,52,96,-0.887289,1105.48,1.83297,1.31982,2.3509,8.48382,0.00192017,89.8937,900.788,1.5672,0.7492,9.1119,40.3546,0.1771,89.7569,53,139,-0.490622,1112.72,2.20788,1.61063,11.6753,41.859,-0.00717726,90.021,1221.83,1.5666,1.3779,10.9638,35.7977,0.558,87.6376,56.0021,140,0.386075,1216.31,1.60962,1.40015,21.8894,72.0989,1.44074,80.5248,1241.59,1.4486,1.3157,1.9119,6.1432,1.0598,86.64,68.5286,151,0.476133,1379.42,1.52537,1.60571,27.8676,87.4841,-1.97376,103.244,1311.46,1.3493,1.3673,14.8724,45.241,9.0322,77.2593,82.5011,153,0.805302,1548.51,1.05105,1.48496,10.491,27.0317,0.979787,95.0602,1321.33,1.5098,1.5531,26.5235,80.0806,-45.1082,122.659,0.802948,0.78833,0.838678,0.838667,0.597489,0.558471,0.802948,0.429665
tBPh-CPhos,62,0,1,0.658944,404.534,3700.59,10518.4,-0.190149,-0.0173058,0.103727,0.0864216,0.0864216,-1461.46,0.533488,0.563094,0.564038,0.474168,-1460.93,-1460.9,-1460.9,-1460.99,6.13107,3603.23,10517.1,310.769,0.0250541,0,302.693,0.0148824,0,297.109,0.0286378,0,290.43,0.021652,0,283.68,0.0368112,0,275.308,0.0164996,0,272.784,0.00829536,0,264.875,0.00502025,0,262.966,0.0111628,0,259.646,0.0105798,0,0.407258,0.612194,0.876449,9.99852,4.08532,0.0397146,14.1236,348.808,59.0401,0.364707,0.92842,9.99824,4.02825,0.0450933,14.0716,-0.125394,-0.168553,-0.329936,1.99886,4.30908,0.0219892,6.32994,56.0148,170.675,-0.170247,-0.455756,1.99887,4.43347,0.0234219,6.45576,-0.0898583,-0.143209,-0.3543,1.99893,4.33104,0.0243384,6.3543,54.7634,188.063,-0.0954613,-0.389414,1.99893,4.36425,0.0262351,6.38941,-0.0904602,0.00214012,-0.319937,1.99916,4.30219,0.0185921,6.31994,151.755,18.8233,-0.080393,-0.327574,1.99915,4.3093,0.0191211,6.32757,25.6228,0,0,1,-0.451053,-0.697887,-0.489244,1.9994,5.47644,0.0134063,7.48924,209.922,39.7463,-0.403943,-0.397914,1.99937,5.38592,0.0126149,7.39791,25.3772,0,0,1,-0.453031,-0.681229,-0.489068,1.99939,5.47633,0.0133413,7.48907,213.269,37.1113,-0.386351,-0.339901,1.99935,5.3285,0.0120454,7.3399,7,1,0,0.407258,0.612194,0.876449,9.99852,4.08532,0.0397146,14.1236,348.808,59.0401,0.364707,0.92842,9.99824,4.02825,0.0450933,14.0716,20.8349,1,0,0.26246,0.388807,0.193065,1.99891,3.78923,0.0187862,5.80694,44.1223,147.153,0.254755,0.175738,1.99889,3.80671,0.0186589,5.82426,81.0624,85,0.41628,1041.92,3.42287,2.2081,99.6574,383.877,-47.5426,104.016,829.428,3.7091,1.5034,1.5896,7.6458,0.7068,87.1829,84.0021,86,0.989689,1060.29,5.49901,3.64223,3.27777,12.3326,2.06289,68.0963,849.789,3.5196,1.4975,2.9342,13.7748,2.2465,84.0397,82,89,-0.755684,1051,1.49985,0.976156,2.18058,8.27523,6.76127,70.7229,875.435,1.5603,0.7046,2.8125,12.8169,-1.3059,92.9634,61.0638,94,0.820723,798.107,2.99085,1.15434,8.18229,41.1374,-29.8171,139.46,895.149,2.5199,1.1896,0.8904,3.9681,-0.9271,107.948,69.8282,95,-0.867019,891.103,2.15232,0.988128,14.1354,58.6511,-39.1677,127.16,900.524,1.384,0.6613,1.7824,7.8964,-1.1965,98.6945,82.022,96,-0.848118,1035.82,2.42474,1.25139,7.7985,28.5106,8.93199,64.8461,900.788,1.5672,0.7492,9.1119,40.3546,0.1771,89.7569,99.4949,139,-0.996561,1225.08,1.34852,1.24995,10.7044,34.0225,-37.5215,142.444,1221.83,1.5666,1.3779,10.9638,35.7977,0.558,87.6376,100,140,0.921734,1210.83,1.96795,1.69991,40.9043,134.771,1.65178,88.4197,1241.59,1.4486,1.3157,1.9119,6.1432,1.0598,86.64,110.358,151,0.421774,1300.47,1.72329,1.64182,33.6922,108.626,3.54497,70.4847,1311.46,1.3493,1.3673,14.8724,45.241,9.0322,77.2593,100.764,153,-0.391072,1219.43,1.99538,1.70363,5.52375,18.6585,-3.40088,110.51,1321.33,1.5098,1.5531,26.5235,80.0806,-45.1082,122.659,0.827166,0.860772,0.795261,0.835193,0.792427,0.727699,0.827166,0.774806
X-Phos,83,0,1,1.12127,476.724,4397.3,15962.1,-0.202941,-0.0150367,0.108989,0.0939523,0.0939523,-1628.41,0.751047,0.78698,0.787924,0.683271,-1627.66,-1627.62,-1627.62,-1627.73,5.78008,4460.37,15965.5,287.679,0.0296415,0,268.73,0.0138338,0,250.443,0.016041,0,245.795,0.00729313,0,243.786,0.00695594,0,241.386,0.0215424,0,235.258,0.0239267,0,233.241,0.0233553,0,231.574,0.0127977,0,226.64,0.00351254,0,0.407001,0.429531,0.829016,9.99863,4.13744,0.0349146,14.171,365.507,62.4088,0.549698,1.22599,9.99769,3.73526,0.0410515,13.774,-0.132262,-0.152141,-0.327458,1.99887,4.30587,0.0227179,6.32746,52.4894,179.229,-0.217495,-0.534785,1.99879,4.51252,0.02347,6.53479,-0.290061,-0.0371524,-0.5373,1.99922,4.52216,0.0159244,6.5373,151.488,21.1495,-0.294889,-0.553715,1.99918,4.5378,0.0167417,6.55371,-0.292494,-0.0386231,-0.538329,1.99922,4.52329,0.015828,6.53833,152.484,20.414,-0.295884,-0.553456,1.99917,4.53776,0.0165214,6.55346,31.7565,0,1,0,-0.454907,0.0362968,-0.672926,1.99943,4.66493,0.00856686,6.67293,166.59,25.5109,-0.452868,-0.671398,1.99943,4.66353,0.00843603,6.6714,33.2435,0,1,0,-0.459226,0.0549269,-0.667089,1.99943,4.65915,0.00850723,6.66709,166.508,28.3195,-0.460268,-0.666248,1.99943,4.65849,0.00832611,6.66625,7,1,0,0.407001,0.429531,0.829016,9.99863,4.13744,0.0349146,14.171,365.507,62.4088,0.549698,1.22599,9.99769,3.73526,0.0410515,13.774,71.6771,0,1,0.164854,-0.00260838,0.24103,0,0.758142,0.000833101,0.75897,30.5823,6.63846,0.142042,0.227106,0,0.772016,0.000880215,0.772894,100.353,85,-0.23389,1016.04,3.74054,2.17083,1.21753,4.59785,0.169075,92.5303,829.428,3.7091,1.5034,1.5896,7.6458,0.7068,87.1829,104.943,86,0.256686,1058.14,4.26843,2.81616,1.20852,4.55623,-0.111242,94.5957,849.789,3.5196,1.4975,2.9342,13.7748,2.2465,84.0397,70.2734,89,-0.68483,775.125,2.64163,0.91268,3.28391,17.8542,9.00075,51.945,875.435,1.5603,0.7046,2.8125,12.8169,-1.3059,92.9634,94.1223,94,-0.863162,986.869,1.97525,1.07464,7.35763,29.5145,-0.541679,89.8041,895.149,2.5199,1.1896,0.8904,3.9681,-0.9271,107.948,83.6144,95,0.613377,907.057,2.63501,1.24336,4.88732,22.2422,4.33891,74.2662,900.524,1.384,0.6613,1.7824,7.8964,-1.1965,98.6945,107.987,96,-0.861696,1102.67,1.97526,1.41695,2.54822,9.24914,2.15121,80.8567,900.788,1.5672,0.7492,9.1119,40.3546,0.1771,89.7569,112.643,139,0.253929,1115.46,3.15056,2.22077,2.28065,7.99587,-0.832761,89.9594,1221.83,1.5666,1.3779,10.9638,35.7977,0.558,87.6376,128.755,140,-0.0039941,1237.86,1.59242,1.42612,4.80574,14.8597,-6.62122,108.784,1241.59,1.4486,1.3157,1.9119,6.1432,1.0598,86.64,138.171,151,0.904264,1288.23,1.76001,1.67295,0.942907,3.04019,-0.980983,91.0457,1311.46,1.3493,1.3673,14.8724,45.241,9.0322,77.2593,146.76,153,-0.203693,1354.08,1.38271,1.49915,7.82007,23.6154,3.10015,85.8615,1321.33,1.5098,1.5531,26.5235,80.0806,-45.1082,122.659,0.832167,0.842719,0.817746,0.820069,0.536793,0.533313,0.832167,0.493746
