pl_name,default_flag,pl_orbper,pl_orbpererr1,pl_tranmid,pl_rade,pl_radeerr1,pl_ratror,pl_ratrorerr1,pl_imppar,pl_impparerr1,pl_trandur,pl_trandep,pl_ratdor,pl_orbeccen,st_rad,st_raderr1,st_raderr2,st_mass,st_masserr1,st_masserr2,st_dens,st_denserr1,st_denserr2,st_teff,st_logg,pl_refname,disc_year
Kepler-10 b,1,0.8374907,2e-07,2455034.08687,1.47,0.03,,,,,,,,0.0,1.065,0.009,-0.009,0.91,0.021,-0.021,1.068,0.004,-0.004,5708.0,4.344,Bonomo et al. 2025,2011
Kepler-10 b,0,0.837501,5e-06,,,,,,,,,,,,1.08974,0.061224,-0.061188,1.017,0.137746,-0.118604,1.107943,0.298762,-0.221413,5706.0,4.37074,Rajpaul et al. 2017,2011
Kepler-10 b,0,0.83749128,3.4e-07,2454953.687402,,,,,,,2.1305,0.0191,,,1.08974,0.061224,-0.061188,1.017,0.137746,-0.118604,1.107943,0.298762,-0.221413,5706.0,4.37074,Holczer et al. 2016,2011
Kepler-10 b,0,0.837491225,3.03e-07,2454964.574858,,,,,,,,,,,1.08974,0.061224,-0.061188,1.017,0.137746,-0.118604,1.107943,0.298762,-0.221413,5706.0,4.37074,Q1-Q17 DR25 Supplemental KOI Table,2011
Kepler-10 b,0,0.837491331,2.72e-07,2454964.574756,1.51,0.06,0.012581,0.000157,,,1.8076,,,,1.06,0.038,-0.036,0.92,0.018,-0.017,,,,5705.0,4.35,Morton et al. 2016,2011
Kepler-10 b,0,0.83749026,2.9e-07,,1.473,0.026,,,,,,,,0.06,1.08974,0.061224,-0.061188,1.017,0.137746,-0.118604,1.107943,0.298762,-0.221413,5706.0,4.37074,Van Eylen & Albrecht 2015,2011
Kepler-10 b,0,,,,1.489,0.07,,,,,,,,,1.087,0.046,-0.044,,,,,,,5599.0,,Berger et al. 2018,2011
Kepler-10 b,0,0.837491225,3.03e-07,2454964.574858,1.43,0.08,0.012545,0.00026,0.022,0.388,1.796,0.01904,3.65398,0.0,1.044,0.057,-0.042,0.884,0.069,-0.042,1.31582,0.00099,-0.52333,5676.0,4.347,Q1-Q17 DR25 KOI Table,2011
Kepler-10 b,0,0.837495,4e-06,2454964.57375,1.416,0.033,0.01232,0.00013,0.339,0.073,,,3.436,0.0,1.056,0.021,-0.021,0.895,0.06,-0.06,,,,5627.0,4.341,Batalha et al. 2011,2011
Kepler-10 b,0,0.837491,2e-06,2454964.57513,1.4807089,0.0493196,0.01247,0.00031,0.3,0.21,,,3.47,,1.065,0.009,-0.009,0.913,0.022,-0.022,,,,5627.0,4.35,Esteves et al. 2015,2011
Kepler-10 b,0,0.837491331,,,1.489,0.037,,,,,,,,0.0,,,,0.871,0.0255,-0.0255,,,,,,Weiss et al. 2024,2011
Kepler-10 b,0,0.837,,,1.489,0.023,0.012684,4.1e-05,,,,,,,1.075,0.016,-0.015,0.905,0.05,-0.044,1.029,0.09,-0.084,5708.0,4.344,Dai et al. 2019,2011
Kepler-10 b,0,0.8374907,2e-07,,1.47,0.03,0.01268,4e-05,,,,,,,1.06,0.06,-0.06,0.89,0.05,-0.05,,,,5671.0,4.4,Brinkman et al. 2025,2011
Kepler-10 b,0,0.837491331,2.72e-07,2454964.574756,1.45,0.03,0.012581,0.000157,0.0489,0.2629,1.8076,0.01919,3.628,0.0,1.056,0.021,-0.021,0.895,0.06,-0.06,1.28818,0.04026,-0.16065,5627.0,4.342,Q1-Q17 DR24 KOI Table,2011
Kepler-10 b,0,0.8374914887,1.783e-07,2454964.57428,,,,,,,,,,,1.08974,0.061224,-0.061188,1.017,0.137746,-0.118604,1.107943,0.298762,-0.221413,5706.0,4.37074,Gajdoš et al. 2019,2011
Kepler-10 b,0,0.83749967651,7.2705e-06,2458683.867901,2.00462345,0.2530015,,,,,1.9640812,0.02489571,,,1.08974,0.061206,-0.061206,,,,,,,5706.0,4.37,ExoFOP,2011
Kepler-10 b,0,0.837491331,2.72e-07,2454964.574756,1.45,0.03,0.012581,0.000157,0.0489,0.2629,1.8076,0.01919,3.628,0.0,1.056,0.021,-0.021,0.895,0.06,-0.06,1.28818,0.04026,-0.16065,5627.0,4.342,Q1-Q12 KOI Table,2011
Kepler-10 b,0,0.837491331,2.72e-07,2454964.574756,1.45,0.03,0.012581,0.000157,0.0489,0.2629,1.8076,0.01919,3.628,0.0,1.056,0.021,-0.021,0.895,0.06,-0.06,1.28818,0.04026,-0.16065,5627.0,4.342,Q1-Q16 KOI Table,2011
Kepler-10 b,0,0.8374912,3e-07,,1.46,0.02,0.01254,0.00013,,,,,3.408,0.0,1.065,0.009,-0.009,0.913,0.022,-0.022,1.068,0.004,-0.004,5643.0,,Fogtmann-Schulz et al. 2014,2011
Kepler-10 b,0,0.8374907,2e-07,2455034.08687,1.47,0.03,,,,,,,,0.0,1.065,0.009,-0.009,0.91,0.021,-0.021,,,,5708.0,,Bonomo et al. 2023,2011
Kepler-10 b,0,0.8374908,1.5e-06,2454964.5742,1.37,0.15,0.01257,7e-05,0.1744,0.1,1.8029,0.0195,3.5911,0.0,1.0,0.11,-0.11,0.905,0.026,-0.026,,,,5627.0,4.39,Q1-Q8 KOI Table,2011
Kepler-10 b,0,0.8374907,2e-07,2455034.08687,1.47,0.03,,,,,,,,,1.065,0.009,-0.009,0.91,0.0214,-0.0214,,,,5708.0,4.344,Weiss et al. 2016,2011
Kepler-10 b,0,0.8374907,2e-07,2455034.08687,1.47,0.03,0.01261,0.00026,0.31,0.19,1.811,,3.46,0.0,1.065,0.009,-0.009,0.91,0.021,-0.021,1.068,0.004,-0.004,5708.0,4.344,Dumusque et al. 2014,2011
Kepler-10 b,0,,,,,,,,,,,,,,1.08974,0.061224,-0.061188,1.017,0.137746,-0.118604,1.107943,0.298762,-0.221413,5706.0,4.37074,Hu et al. 2015,2011
Kepler-10 b,0,0.837491331,2.72e-07,,1.489,0.037,0.012581,0.000157,,,,,,,1.083,0.026,-0.025,0.871,0.018,-0.011,0.69,0.02,-0.02,5599.0,,Fulton & Petigura 2018,2011
Kepler-10 c,1,45.294301,4.8e-05,2455062.26648,2.355,0.022,,,,,,,,0.136,1.065,0.009,-0.009,0.91,0.021,-0.021,1.068,0.004,-0.004,5708.0,4.344,Bonomo et al. 2025,2011
Kepler-10 c,0,45.29485,0.00065,2454971.6761,2.227,0.052,0.01938,0.0002,0.299,0.089,6.863,0.0344,49.1,0.0,1.056,0.021,-0.021,0.895,0.06,-0.06,,,,5627.0,4.341,Fressin et al. 2011,2011
Kepler-10 c,0,45.29431717,5.283e-05,,2.34,0.059,0.019777,0.000265,,,,,,,1.083,0.026,-0.025,0.871,0.018,-0.011,0.69,0.02,-0.02,5599.0,,Fulton & Petigura 2018,2011
Kepler-10 c,0,,,,2.351,0.107,,,,,,,,,1.087,0.046,-0.044,,,,,,,5599.0,,Berger et al. 2018,2011
Kepler-10 c,0,45.29431717,5.283e-05,2454971.67748,2.32,0.09,0.019777,0.000265,,,6.8714,,,,1.06,0.038,-0.036,0.92,0.018,-0.017,,,,5705.0,4.35,Morton et al. 2016,2011
Kepler-10 c,0,45.29431717,5.283e-05,2454971.67748,2.28,0.05,0.019777,0.000265,0.019,0.3006,6.8714,0.04768,51.347,0.0,1.056,0.021,-0.021,0.895,0.06,-0.06,1.24829,0.01408,-0.19869,5627.0,4.342,Q1-Q16 KOI Table,2011
Kepler-10 c,0,45.29431717,5.283e-05,2454971.67748,2.28,0.05,0.019777,0.000265,0.019,0.3006,6.8714,0.04768,51.347,0.0,1.056,0.021,-0.021,0.895,0.06,-0.06,1.24829,0.01408,-0.19869,5627.0,4.342,Q1-Q12 KOI Table,2011
Kepler-10 c,0,45.294314,3.2e-05,2455741.68114,,,0.020414,6.2e-05,0.3182,0.0063,,,,,1.08974,0.061224,-0.061188,1.017,0.137746,-0.118604,1.107943,0.298762,-0.221413,5706.0,4.37074,Kipping et al. 2015,2011
Kepler-10 c,0,45.2941835,1.71e-06,2454971.6801,,,,,,,6.9236,0.0477,,,1.08974,0.061224,-0.061188,1.017,0.137746,-0.118604,1.107943,0.298762,-0.221413,5706.0,4.37074,Holczer et al. 2016,2011
Kepler-10 c,0,45.294292,9.7e-05,,2.323,0.028,,,,,,,,0.05,1.08974,0.061224,-0.061188,1.017,0.137746,-0.118604,1.107943,0.298762,-0.221413,5706.0,4.37074,Van Eylen & Albrecht 2015,2011
Kepler-10 c,0,45.29422297,5.6e-05,2454971.678725,2.26,0.12,0.019806,0.000328,0.025,0.333,6.83,0.04771,51.653,0.0,1.044,0.057,-0.042,0.884,0.069,-0.042,1.27076,0.0118,-0.45418,5676.0,4.347,Q1-Q17 DR25 KOI Table,2011
Kepler-10 c,0,45.29431717,,,2.34,0.059,,,,,,,,0.0,,,,0.871,0.0255,-0.0255,,,,,,Weiss et al. 2024,2011
Kepler-10 c,0,45.294301,4.8e-05,2455062.26648,2.35,0.06,,,,,,,,0.0,1.065,0.009,-0.009,0.91,0.0214,-0.0214,,,,5708.0,4.344,Weiss et al. 2016,2011
Kepler-10 c,0,45.294301,4.8e-05,2455062.26648,2.35,0.09,0.02019,0.00081,0.36,0.25,6.898,,47.9,0.0,1.065,0.009,-0.009,0.91,0.021,-0.021,1.068,0.004,-0.004,5708.0,4.344,Dumusque et al. 2014,2011
Kepler-10 c,0,45.29422297,5.6e-05,2454971.678725,,,,,,,,,,,1.08974,0.061224,-0.061188,1.017,0.137746,-0.118604,1.107943,0.298762,-0.221413,5706.0,4.37074,Q1-Q17 DR25 Supplemental KOI Table,2011
Kepler-10 c,0,45.29427,0.00012,,2.32,0.03,0.01998,0.0002,,,,,48.75,0.025,1.065,0.009,-0.009,0.913,0.022,-0.022,1.068,0.004,-0.004,5643.0,,Fogtmann-Schulz et al. 2014,2011
Kepler-10 c,0,45.294300792,3.05122e-05,2455062.26651,,,,,,,,,,,1.08974,0.061224,-0.061188,1.017,0.137746,-0.118604,1.107943,0.298762,-0.221413,5706.0,4.37074,Gajdoš et al. 2019,2011
Kepler-10 c,0,45.29406,0.0002,2454971.678,2.19,0.23,0.02013,0.00013,0.0675,0.1,6.8586,0.0495,51.36,0.0,1.0,0.11,-0.11,0.905,0.026,-0.026,,,,5627.0,4.39,Q1-Q8 KOI Table,2011
Kepler-10 c,0,45.2946,0.0008,,,,,,,,,,,,1.08974,0.061224,-0.061188,1.017,0.137746,-0.118604,1.107943,0.298762,-0.221413,5706.0,4.37074,Rajpaul et al. 2017,2011
Kepler-10 c,0,45.29431717,5.283e-05,2454971.67748,2.28,0.05,0.019777,0.000265,0.019,0.3006,6.8714,0.04768,51.347,0.0,1.056,0.021,-0.021,0.895,0.06,-0.06,1.24829,0.01408,-0.19869,5627.0,4.342,Q1-Q17 DR24 KOI Table,2011
Kepler-10 c,0,45.294301,4.8e-05,2455062.26648,2.355,0.022,,,,,,,,0.13,1.065,0.009,-0.009,0.91,0.021,-0.021,,,,5708.0,,Bonomo et al. 2023,2011
Kepler-10 d,1,151.06,0.48,2457165.4,,,,,,,,,,0.19,1.065,0.009,-0.009,0.91,0.021,-0.021,1.068,0.004,-0.004,5708.0,4.344,Bonomo et al. 2025,2023
Kepler-10 d,0,151.04,0.45,2457165.4,,,,,,,,,,0.26,1.065,0.009,-0.009,0.91,0.021,-0.021,,,,5708.0,,Bonomo et al. 2023,2023
