# TRANSCRIBED from Luria & Delbruck (1943) Genetics 28:491-511, Tables 1-3 (ESP Foundations reprint), cross-checked against the R package flan (dataset luriadel). See data.describe('luria_delbruck_1943').
table,experiment,medium,culture_ml,sample_ml,cells_per_culture,culture,count_lo,count_hi,n_cultures
1,10a,broth,,,,1,14,14,1
1,10a,broth,,,,2,15,15,1
1,10a,broth,,,,3,13,13,1
1,10a,broth,,,,4,21,21,1
1,10a,broth,,,,5,15,15,1
1,10a,broth,,,,6,14,14,1
1,10a,broth,,,,7,26,26,1
1,10a,broth,,,,8,16,16,1
1,10a,broth,,,,9,20,20,1
1,10a,broth,,,,10,13,13,1
1,11a,broth,,,,1,46,46,1
1,11a,broth,,,,2,56,56,1
1,11a,broth,,,,3,52,52,1
1,11a,broth,,,,4,48,48,1
1,11a,broth,,,,5,65,65,1
1,11a,broth,,,,6,44,44,1
1,11a,broth,,,,7,49,49,1
1,11a,broth,,,,8,51,51,1
1,11a,broth,,,,9,56,56,1
1,11a,broth,,,,10,47,47,1
1,3,broth,,,,1,4,4,1
1,3,broth,,,,2,2,2,1
1,3,broth,,,,3,2,2,1
1,3,broth,,,,4,1,1,1
1,3,broth,,,,5,5,5,1
1,3,broth,,,,6,2,2,1
1,3,broth,,,,7,4,4,1
1,3,broth,,,,8,2,2,1
1,3,broth,,,,9,4,4,1
1,3,broth,,,,10,7,7,1
2,1,broth,10.0,0.05,34000000000.0,1,10,10,1
2,1,broth,10.0,0.05,34000000000.0,2,18,18,1
2,1,broth,10.0,0.05,34000000000.0,3,125,125,1
2,1,broth,10.0,0.05,34000000000.0,4,10,10,1
2,1,broth,10.0,0.05,34000000000.0,5,14,14,1
2,1,broth,10.0,0.05,34000000000.0,6,27,27,1
2,1,broth,10.0,0.05,34000000000.0,7,3,3,1
2,1,broth,10.0,0.05,34000000000.0,8,17,17,1
2,1,broth,10.0,0.05,34000000000.0,9,17,17,1
2,10,broth,10.0,0.05,40000000000.0,1,29,29,1
2,10,broth,10.0,0.05,40000000000.0,2,41,41,1
2,10,broth,10.0,0.05,40000000000.0,3,17,17,1
2,10,broth,10.0,0.05,40000000000.0,4,20,20,1
2,10,broth,10.0,0.05,40000000000.0,5,31,31,1
2,10,broth,10.0,0.05,40000000000.0,6,30,30,1
2,10,broth,10.0,0.05,40000000000.0,7,7,7,1
2,10,broth,10.0,0.05,40000000000.0,8,17,17,1
2,11,broth,10.0,0.05,40000000000.0,1,30,30,1
2,11,broth,10.0,0.05,40000000000.0,2,10,10,1
2,11,broth,10.0,0.05,40000000000.0,3,40,40,1
2,11,broth,10.0,0.05,40000000000.0,4,45,45,1
2,11,broth,10.0,0.05,40000000000.0,5,183,183,1
2,11,broth,10.0,0.05,40000000000.0,6,12,12,1
2,11,broth,10.0,0.05,40000000000.0,7,173,173,1
2,11,broth,10.0,0.05,40000000000.0,8,23,23,1
2,11,broth,10.0,0.05,40000000000.0,9,57,57,1
2,11,broth,10.0,0.05,40000000000.0,10,51,51,1
2,15,broth,10.0,0.05,29000000000.0,1,6,6,1
2,15,broth,10.0,0.05,29000000000.0,2,5,5,1
2,15,broth,10.0,0.05,29000000000.0,3,10,10,1
2,15,broth,10.0,0.05,29000000000.0,4,8,8,1
2,15,broth,10.0,0.05,29000000000.0,5,24,24,1
2,15,broth,10.0,0.05,29000000000.0,6,13,13,1
2,15,broth,10.0,0.05,29000000000.0,7,165,165,1
2,15,broth,10.0,0.05,29000000000.0,8,15,15,1
2,15,broth,10.0,0.05,29000000000.0,9,6,6,1
2,15,broth,10.0,0.05,29000000000.0,10,10,10,1
2,16,synthetic,0.2,0.08,560000000.0,1,1,1,1
2,16,synthetic,0.2,0.08,560000000.0,2,0,0,1
2,16,synthetic,0.2,0.08,560000000.0,3,3,3,1
2,16,synthetic,0.2,0.08,560000000.0,4,0,0,1
2,16,synthetic,0.2,0.08,560000000.0,5,0,0,1
2,16,synthetic,0.2,0.08,560000000.0,6,5,5,1
2,16,synthetic,0.2,0.08,560000000.0,7,0,0,1
2,16,synthetic,0.2,0.08,560000000.0,8,5,5,1
2,16,synthetic,0.2,0.08,560000000.0,9,0,0,1
2,16,synthetic,0.2,0.08,560000000.0,10,6,6,1
2,16,synthetic,0.2,0.08,560000000.0,11,107,107,1
2,16,synthetic,0.2,0.08,560000000.0,12,0,0,1
2,16,synthetic,0.2,0.08,560000000.0,13,0,0,1
2,16,synthetic,0.2,0.08,560000000.0,14,0,0,1
2,16,synthetic,0.2,0.08,560000000.0,15,1,1,1
2,16,synthetic,0.2,0.08,560000000.0,16,0,0,1
2,16,synthetic,0.2,0.08,560000000.0,17,0,0,1
2,16,synthetic,0.2,0.08,560000000.0,18,64,64,1
2,16,synthetic,0.2,0.08,560000000.0,19,0,0,1
2,16,synthetic,0.2,0.08,560000000.0,20,35,35,1
2,17,synthetic,0.2,0.08,500000000.0,1,1,1,1
2,17,synthetic,0.2,0.08,500000000.0,2,0,0,1
2,17,synthetic,0.2,0.08,500000000.0,3,0,0,1
2,17,synthetic,0.2,0.08,500000000.0,4,7,7,1
2,17,synthetic,0.2,0.08,500000000.0,5,0,0,1
2,17,synthetic,0.2,0.08,500000000.0,6,303,303,1
2,17,synthetic,0.2,0.08,500000000.0,7,0,0,1
2,17,synthetic,0.2,0.08,500000000.0,8,0,0,1
2,17,synthetic,0.2,0.08,500000000.0,9,3,3,1
2,17,synthetic,0.2,0.08,500000000.0,10,48,48,1
2,17,synthetic,0.2,0.08,500000000.0,11,1,1,1
2,17,synthetic,0.2,0.08,500000000.0,12,4,4,1
2,21a,broth,0.2,0.05,110000000.0,1,0,0,1
2,21a,broth,0.2,0.05,110000000.0,2,0,0,1
2,21a,broth,0.2,0.05,110000000.0,3,0,0,1
2,21a,broth,0.2,0.05,110000000.0,4,0,0,1
2,21a,broth,0.2,0.05,110000000.0,5,8,8,1
2,21a,broth,0.2,0.05,110000000.0,6,1,1,1
2,21a,broth,0.2,0.05,110000000.0,7,0,0,1
2,21a,broth,0.2,0.05,110000000.0,8,1,1,1
2,21a,broth,0.2,0.05,110000000.0,9,0,0,1
2,21a,broth,0.2,0.05,110000000.0,10,15,15,1
2,21a,broth,0.2,0.05,110000000.0,11,0,0,1
2,21a,broth,0.2,0.05,110000000.0,12,0,0,1
2,21a,broth,0.2,0.05,110000000.0,13,19,19,1
2,21a,broth,0.2,0.05,110000000.0,14,0,0,1
2,21a,broth,0.2,0.05,110000000.0,15,0,0,1
2,21a,broth,0.2,0.05,110000000.0,16,17,17,1
2,21a,broth,0.2,0.05,110000000.0,17,11,11,1
2,21a,broth,0.2,0.05,110000000.0,18,0,0,1
2,21a,broth,0.2,0.05,110000000.0,19,0,0,1
2,21b,broth,10.0,0.05,32000000000.0,1,38,38,1
2,21b,broth,10.0,0.05,32000000000.0,2,28,28,1
2,21b,broth,10.0,0.05,32000000000.0,3,35,35,1
2,21b,broth,10.0,0.05,32000000000.0,4,107,107,1
2,21b,broth,10.0,0.05,32000000000.0,5,13,13,1
3,22,synthetic,0.2,0.05,280000000.0,,0,0,57
3,22,synthetic,0.2,0.05,280000000.0,,1,1,20
3,22,synthetic,0.2,0.05,280000000.0,,2,2,5
3,22,synthetic,0.2,0.05,280000000.0,,3,3,2
3,22,synthetic,0.2,0.05,280000000.0,,4,4,3
3,22,synthetic,0.2,0.05,280000000.0,,5,5,1
3,22,synthetic,0.2,0.05,280000000.0,,6,10,7
3,22,synthetic,0.2,0.05,280000000.0,,11,20,2
3,22,synthetic,0.2,0.05,280000000.0,,21,50,2
3,22,synthetic,0.2,0.05,280000000.0,,51,100,0
3,22,synthetic,0.2,0.05,280000000.0,,101,200,0
3,22,synthetic,0.2,0.05,280000000.0,,201,500,0
3,22,synthetic,0.2,0.05,280000000.0,,501,1000,1
3,23,synthetic,0.2,0.2,240000000.0,,0,0,29
3,23,synthetic,0.2,0.2,240000000.0,,1,1,17
3,23,synthetic,0.2,0.2,240000000.0,,2,2,4
3,23,synthetic,0.2,0.2,240000000.0,,3,3,3
3,23,synthetic,0.2,0.2,240000000.0,,4,4,3
3,23,synthetic,0.2,0.2,240000000.0,,5,5,2
3,23,synthetic,0.2,0.2,240000000.0,,6,10,5
3,23,synthetic,0.2,0.2,240000000.0,,11,20,6
3,23,synthetic,0.2,0.2,240000000.0,,21,50,7
3,23,synthetic,0.2,0.2,240000000.0,,51,100,5
3,23,synthetic,0.2,0.2,240000000.0,,101,200,2
3,23,synthetic,0.2,0.2,240000000.0,,201,500,4
3,23,synthetic,0.2,0.2,240000000.0,,501,1000,1
