hhid,Income,Fs3_4,Fs5,Fam_Size,college,whtcollar,retired
2100016,32.5,0,0,2,1,0,1
2100024,17.5,1,0,3,1,1,1
2100495,37.5,0,0,2,0,0,1
2100560,17.5,0,0,1,0,1,0
2100610,87.5,0,0,1,1,1,0
2100628,12.5,0,0,2,0,0,1
2100685,17.5,0,0,2,1,0,0
2100693,17.5,0,0,2,0,0,1
2100750,27.5,0,1,5,1,1,0
2100834,67.5,0,0,2,1,1,0
2100875,32.5,0,1,5,0,1,0
2100933,22.5,0,0,1,1,1,0
2101188,7.5,0,0,1,0,0,1
2101295,47.5,0,0,2,0,1,1
2101303,27.5,1,0,3,1,1,0
2101378,12.5,0,1,5,0,1,0
2101451,55.0,1,0,4,0,0,0
2101618,22.5,1,0,4,0,0,0
2101675,17.5,0,0,2,0,0,0
2101741,27.5,1,0,3,0,1,0
2101758,55.0,1,0,4,1,1,0
2101949,37.5,1,0,4,1,1,0
2101956,27.5,0,0,2,1,0,1
2102046,7.5,0,0,2,0,0,1
2102087,7.5,0,0,2,0,1,0
2102152,12.5,0,1,5,0,0,0
2102186,22.5,0,0,2,0,0,1
2102228,130.0,0,0,2,1,1,0
2102251,27.5,1,0,4,0,0,0
2102277,42.5,0,1,5,1,1,0
2102285,12.5,0,0,1,0,0,1
2102426,37.5,0,0,2,1,0,1
2103200,32.5,1,0,4,0,1,0
2103309,22.5,1,0,4,0,1,0
2103416,17.5,1,0,3,1,1,0
2103630,27.5,0,0,1,1,0,1
2103697,87.5,1,0,3,0,1,0
2103721,12.5,0,0,2,1,1,0
2103879,7.5,0,0,1,0,0,1
2103911,47.5,1,0,3,1,0,0
2103978,17.5,1,0,3,0,0,0
2104109,27.5,0,1,6,0,0,0
2104240,17.5,0,0,2,0,0,0
2104273,37.5,0,1,6,1,1,0
2104406,37.5,0,1,5,0,0,0
2104455,12.5,1,0,4,1,1,0
2104638,17.5,0,0,2,0,1,1
2104695,42.5,1,0,4,0,0,0
2104919,22.5,0,0,2,0,0,0
2104950,32.5,1,0,4,0,1,1
2105254,22.5,0,1,5,1,1,0
2105296,22.5,1,0,4,0,1,0
2105486,17.5,1,0,3,1,1,0
2105551,17.5,0,0,2,0,0,1
2105932,17.5,1,0,4,0,1,0
2106013,27.5,0,0,2,0,0,0
2106195,12.5,1,0,3,0,1,0
2106294,27.5,0,0,2,0,0,0
2106302,27.5,1,0,3,1,1,0
2106310,17.5,1,0,3,1,1,0
2106369,7.5,1,0,4,0,0,0
2106377,17.5,0,0,2,1,1,0
2106427,7.5,0,0,1,0,0,1
2106567,12.5,0,0,2,0,0,1
2106799,22.5,0,1,5,0,1,0
2107094,32.5,1,0,4,0,1,0
2107243,22.5,1,0,3,0,0,0
2107318,22.5,1,0,3,0,1,0
2107391,17.5,0,1,5,1,1,0
2107698,12.5,0,0,2,0,1,0
2107706,32.5,1,0,3,1,1,0
2107888,22.5,1,0,4,0,1,0
2107953,32.5,0,0,2,0,1,1
2107979,12.5,1,0,3,0,1,0
2108142,42.5,1,0,4,0,0,0
2108159,32.5,1,0,4,0,1,0
2108209,17.5,1,0,4,0,0,0
2108225,32.5,0,0,2,0,0,1
2108431,12.5,0,0,1,0,0,1
2108506,42.5,0,1,5,1,1,0
2108522,22.5,0,1,5,0,0,0
2108530,22.5,0,0,2,1,1,0
2108548,17.5,0,0,2,0,1,0
2108571,17.5,0,0,2,0,0,0
2108621,32.5,0,0,2,0,0,1
2108639,22.5,1,0,3,0,1,0
2108670,32.5,1,0,4,0,1,0
2108704,42.5,1,0,4,1,1,0
2109033,27.5,1,0,4,0,0,0
2109157,55.0,1,0,4,1,1,0
2109199,47.5,0,0,2,0,0,1
2109686,12.5,0,0,2,0,0,1
2109967,7.5,1,0,3,0,0,0
2109991,47.5,0,1,5,1,1,0
2110023,17.5,1,0,4,0,1,1
2110122,87.5,0,0,2,1,1,0
2110189,27.5,1,0,3,0,1,0
2110296,32.5,0,0,2,1,1,0
2110593,37.5,1,0,4,0,1,0
2110775,32.5,0,0,1,0,1,0
2110817,22.5,0,1,5,1,1,0
2110833,22.5,1,0,3,0,1,0
2110965,55.0,1,0,3,0,1,0
2111013,22.5,0,0,2,1,0,1
2111104,32.5,0,1,6,0,0,0
2111120,37.5,1,0,4,0,1,0
2111385,17.5,1,0,3,0,1,0
2111427,42.5,0,0,2,0,1,0
2111492,12.5,0,0,2,0,0,1
2111526,12.5,0,0,2,1,0,1
2111583,22.5,0,1,5,1,1,0
2111609,55.0,1,0,3,0,1,0
2111765,32.5,1,0,4,1,1,0
2111872,7.5,0,0,1,0,1,0
2111922,47.5,1,0,4,0,1,0
2111948,12.5,0,0,2,1,0,1
2112193,37.5,1,0,3,0,0,0
2112235,47.5,1,0,4,0,0,0
2112243,22.5,1,0,4,1,0,0
2112730,22.5,1,0,3,0,1,0
2112847,32.5,0,0,2,0,0,0
2113019,37.5,1,0,4,0,0,0
2113043,17.5,0,0,2,0,1,0
2113175,17.5,0,0,2,0,0,1
2113266,37.5,1,0,4,0,1,0
2113340,55.0,1,0,4,1,1,0
2113464,32.5,1,0,4,0,1,0
2113472,12.5,0,0,1,1,1,0
2113597,12.5,0,0,2,0,0,1
2113639,27.5,0,0,2,0,0,1
2113696,55.0,0,0,2,0,1,0
2113779,37.5,1,0,4,0,0,0
2113910,17.5,0,0,2,0,0,1
2113951,27.5,1,0,4,0,0,1
2114017,42.5,1,0,3,0,0,0
2114025,17.5,0,0,1,1,0,1
2114041,22.5,0,0,1,0,0,1
2114215,27.5,0,1,5,0,1,1
2114231,7.5,0,0,1,0,0,1
2114462,22.5,1,0,3,0,1,0
2114512,17.5,0,1,5,0,1,0
2114694,27.5,1,0,3,1,1,0
2114744,37.5,1,0,3,0,1,0
2114819,2.5,0,0,1,1,0,0
2114892,27.5,0,0,2,1,0,0
2114942,37.5,1,0,3,0,1,0
2115014,7.5,0,0,1,0,1,0
2115279,17.5,1,0,4,0,0,0
2115345,22.5,0,0,2,1,1,0
2115360,17.5,0,0,2,0,0,1
2115469,27.5,0,0,2,0,1,0
2115485,22.5,0,1,5,0,0,0
2115535,22.5,1,0,4,0,1,0
2115568,67.5,0,0,2,0,1,0
2115782,7.5,1,0,3,0,0,0
2115899,12.5,0,1,5,0,0,0
2115964,27.5,0,0,2,1,1,0
2116004,42.5,1,0,4,1,0,0
2116194,12.5,1,0,4,0,1,0
2116251,87.5,0,0,1,0,1,0
2116277,67.5,1,0,4,1,1,0
2116509,17.5,0,0,2,0,0,1
2116582,22.5,0,0,2,0,0,1
2116657,87.5,0,0,2,0,1,0
2116780,2.5,0,0,1,0,0,1
2116871,42.5,0,0,2,1,1,1
2117200,42.5,1,0,3,1,1,0
2117226,37.5,1,0,4,0,1,0
2117242,17.5,0,0,1,0,1,0
2117408,22.5,1,0,4,0,0,0
2117424,2.5,0,0,1,0,0,1
2117499,55.0,1,0,4,1,1,0
2117523,27.5,1,0,3,0,1,0
2117531,17.5,1,0,4,0,1,0
2117549,32.5,1,0,4,0,1,0
2117697,55.0,0,0,2,1,1,0
2117804,7.5,1,0,4,0,0,0
2117911,55.0,0,1,5,1,1,0
2118174,17.5,1,0,3,0,1,0
2118182,32.5,1,0,3,0,1,0
2118216,12.5,0,0,2,0,0,0
2118257,2.5,1,0,3,0,1,0
2118281,17.5,1,0,3,0,0,0
2118299,27.5,1,0,3,1,1,0
2118307,12.5,0,0,2,0,0,0
2118414,22.5,0,0,2,0,1,1
2118448,27.5,1,0,3,0,1,0
2118679,22.5,1,0,3,1,1,0
2118810,17.5,0,0,2,0,0,1
2119024,12.5,0,0,2,0,0,1
2119149,17.5,1,0,4,0,1,0
2119164,67.5,1,0,4,1,1,0
2119255,12.5,0,0,1,0,0,0
2119347,22.5,1,0,4,0,1,0
2119362,17.5,1,0,4,1,1,0
2119404,55.0,0,0,2,0,1,0
2119479,32.5,1,0,4,1,1,0
2119578,37.5,1,0,3,0,0,0
2119628,55.0,1,0,3,1,1,0
2119735,22.5,0,1,5,0,0,0
2119875,42.5,1,0,4,1,1,0
2119917,32.5,1,0,4,1,1,0
2120196,22.5,0,0,1,1,0,1
2120238,27.5,1,0,4,0,0,0
2120261,32.5,1,0,4,0,0,0
2120279,42.5,1,0,3,1,1,0
2120329,32.5,0,0,2,1,1,0
2120352,32.5,1,0,4,0,0,0
2120360,47.5,1,0,3,1,1,0
2120378,47.5,0,1,5,1,1,0
2120386,12.5,1,0,3,0,0,0
2120436,22.5,0,0,1,1,0,1
2120535,37.5,0,0,2,0,1,1
2120816,22.5,0,0,2,1,1,1
2120857,22.5,0,1,5,1,1,0
2120956,7.5,0,0,2,1,1,0
2120964,37.5,0,0,2,0,0,0
2121095,12.5,0,0,2,0,1,0
2121277,32.5,1,0,4,0,0,0
2121327,7.5,0,0,1,0,0,1
2121376,47.5,0,0,2,0,1,0
2121384,32.5,0,0,2,0,1,0
2121400,42.5,0,0,2,1,1,0
2121590,22.5,1,0,4,0,1,0
2121822,42.5,0,1,5,1,1,0
2121848,130.0,0,1,7,1,1,0
2121939,17.5,0,1,6,0,1,0
2122010,22.5,0,0,1,1,1,0
2122150,67.5,0,0,2,0,1,0
2122564,32.5,0,1,5,0,0,0
2122838,12.5,0,0,1,0,1,0
2123000,27.5,0,0,2,1,0,1
2123075,2.5,0,0,2,0,0,0
2123083,17.5,1,0,3,1,0,0
2123091,55.0,1,0,3,0,0,1
2123133,17.5,1,0,3,1,1,0
2123158,12.5,0,0,2,0,1,0
2123190,32.5,0,0,2,0,0,1
2123208,42.5,1,0,4,0,1,0
2123216,22.5,1,0,4,0,0,0
2123257,22.5,0,0,1,0,0,1
2123356,17.5,0,1,6,0,0,0
2123398,22.5,1,0,3,0,1,0
2123422,27.5,1,0,3,1,1,0
2123430,22.5,1,0,4,0,1,1
2123554,55.0,1,0,3,1,1,0
2123661,47.5,1,0,3,0,0,1
2123844,17.5,0,0,2,0,0,1
2123968,47.5,1,0,4,0,1,0
2124057,2.5,0,0,1,0,0,1
2124099,22.5,1,0,3,1,1,0
2124115,22.5,1,0,4,1,0,0
2124164,87.5,1,0,3,0,1,0
2124248,17.5,0,0,2,1,0,0
2124420,22.5,1,0,3,0,1,0
2124594,42.5,1,0,4,0,0,0
2124750,67.5,1,0,3,0,1,0
2124891,27.5,1,0,4,0,0,0
2125005,7.5,1,0,3,0,0,0
2125047,17.5,0,1,6,0,0,0
2125302,22.5,0,1,5,0,1,0
2125310,27.5,0,0,2,0,1,0
2125385,47.5,1,0,3,0,1,0
2125401,22.5,1,0,4,0,0,0
2125518,17.5,1,0,4,0,0,0
2125658,37.5,0,1,5,1,1,0
2125682,17.5,0,0,2,0,1,0
2125708,17.5,1,0,3,0,0,0
2125765,12.5,0,0,2,0,0,0
2125963,22.5,0,0,2,1,1,1
2126078,17.5,1,0,4,0,0,0
2126086,37.5,0,0,2,0,1,0
2126110,32.5,1,0,4,1,1,0
2126136,67.5,1,0,3,1,1,0
2126177,12.5,1,0,3,0,0,0
2126342,22.5,0,0,2,0,0,1
2126391,7.5,0,0,1,0,0,1
2126458,47.5,1,0,3,0,1,0
2126490,37.5,1,0,4,0,1,0
2126508,55.0,0,0,2,0,0,0
2126722,12.5,1,0,3,0,1,0
2126789,32.5,1,0,3,0,1,0
2126888,22.5,0,0,2,1,0,1
2127019,67.5,1,0,3,1,1,0
2127076,32.5,1,0,4,0,1,0
2127167,22.5,1,0,3,0,0,0
2127175,17.5,0,0,2,0,1,1
2127258,67.5,1,0,4,0,1,0
2127456,7.5,0,0,2,0,0,1
2127498,7.5,1,0,3,0,1,0
2127571,130.0,0,1,5,1,1,0
2127761,55.0,1,0,4,0,1,0
2127886,32.5,1,0,3,0,0,1
2127936,7.5,0,0,1,0,0,0
2128066,12.5,1,0,3,0,0,0
2128074,7.5,0,0,2,0,0,1
2128082,12.5,0,0,2,1,1,0
2128231,12.5,0,0,2,0,1,0
2128280,17.5,0,0,1,1,1,0
2128389,37.5,0,0,2,0,1,0
2128397,22.5,0,1,5,0,1,0
2128421,12.5,0,0,2,0,0,0
2128520,37.5,0,0,2,0,1,0
2128546,12.5,0,0,2,0,0,1
2128629,17.5,0,0,2,0,0,0
2128744,32.5,0,0,2,1,1,0
2128801,27.5,0,1,5,1,1,0
2128850,37.5,0,1,6,0,1,0
2128926,32.5,1,0,4,1,1,0
2129015,27.5,1,0,3,0,1,0
2129056,27.5,1,0,3,0,0,0
2129155,42.5,0,1,5,0,1,0
2129239,27.5,0,1,5,0,0,0
2129346,7.5,0,0,1,0,0,1
2129379,42.5,1,0,3,1,1,0
2129551,17.5,0,0,2,0,0,1
2129569,12.5,1,0,4,1,0,0
2129767,22.5,0,0,2,1,0,0
2129833,22.5,1,0,4,0,0,1
2130088,17.5,0,0,2,0,0,1
2130112,47.5,0,0,1,1,1,0
2130229,22.5,1,0,3,0,0,0
2130302,27.5,0,0,1,1,1,0
2130419,27.5,1,0,4,0,1,0
2130674,55.0,1,0,4,1,1,0
2130849,37.5,1,0,4,1,1,0
2131136,32.5,1,0,3,1,1,0
2131201,17.5,0,0,2,0,0,1
2131250,22.5,0,0,2,0,1,0
2131292,22.5,0,1,5,0,1,0
2131318,22.5,0,0,2,0,0,1
2131466,22.5,0,0,2,0,0,0
2131557,22.5,0,0,2,0,0,0
2131623,42.5,0,1,6,1,1,0
2131631,22.5,0,0,1,0,0,0
2131664,17.5,0,0,1,0,0,1
2131813,32.5,1,0,3,0,0,0
2131961,12.5,1,0,4,0,1,0
2132035,32.5,1,0,3,0,1,0
2132068,17.5,0,0,2,0,0,0
2132134,27.5,1,0,3,0,0,0
2132241,17.5,0,0,1,0,1,0
2132340,2.5,1,0,3,0,1,0
2132472,22.5,1,0,3,0,0,0
2132738,7.5,0,0,1,0,1,0
2132795,17.5,0,0,2,0,1,1
2133058,27.5,0,0,2,0,0,1
2133132,22.5,0,0,2,0,0,1
2133231,37.5,1,0,3,1,1,0
2133272,42.5,1,0,3,1,1,0
2133298,27.5,1,0,4,0,1,0
2133330,22.5,1,0,4,0,1,0
2133496,42.5,0,1,5,1,1,0
2133645,7.5,0,0,2,0,1,1
2133702,7.5,0,0,1,0,0,1
2133793,7.5,0,0,1,0,0,1
2133843,27.5,0,0,2,1,0,1
2133868,42.5,1,0,3,0,1,0
2133983,12.5,1,0,3,0,0,0
2134015,37.5,0,0,2,0,1,0
2134114,55.0,1,0,3,1,0,0
2134130,22.5,1,0,3,0,0,0
2134254,47.5,0,0,2,1,1,1
2134304,12.5,0,0,2,0,0,1
2134346,22.5,1,0,4,0,0,0
2134577,32.5,0,0,2,0,0,0
2134676,17.5,1,0,3,0,1,0
2134742,7.5,0,0,1,0,1,0
2134874,55.0,1,0,4,1,1,0
2134890,22.5,0,0,2,0,1,0
2135186,32.5,0,0,2,0,1,0
2135251,22.5,0,1,6,0,1,0
2135442,7.5,0,0,2,0,1,0
2135525,22.5,0,1,6,0,1,0
2135566,32.5,0,0,2,0,0,1
2135608,27.5,0,0,2,0,0,0
2135749,55.0,0,0,2,0,1,0
2135863,22.5,1,0,4,0,1,1
2135962,27.5,1,0,3,1,1,0
2135988,55.0,1,0,3,0,1,0
2136051,17.5,0,0,2,1,1,0
2136143,17.5,0,0,2,0,1,0
2136176,32.5,0,0,2,0,0,1
2136267,32.5,1,0,4,0,0,0
2136275,27.5,1,0,4,1,1,0
2136283,17.5,0,0,2,0,0,0
2136341,27.5,1,0,4,0,1,0
2136390,17.5,1,0,4,0,0,0
2136473,37.5,0,0,2,1,1,0
2136531,22.5,0,1,6,1,1,0
2136689,55.0,1,0,3,0,1,0
2136739,17.5,0,0,1,0,1,0
2136770,12.5,1,0,3,0,0,0
2136937,22.5,1,0,4,0,1,0
2136960,32.5,1,0,4,0,1,0
2137059,32.5,1,0,3,1,1,0
2137349,22.5,1,0,4,0,1,0
2137539,42.5,1,0,3,0,1,0
2137604,32.5,1,0,3,1,1,0
2137620,17.5,1,0,4,0,0,0
2137661,17.5,0,0,2,1,1,0
2137760,17.5,0,0,2,1,1,0
2137935,55.0,1,0,3,0,1,0
2138065,7.5,0,0,1,0,1,0
2138149,12.5,0,0,1,0,0,1
2138198,7.5,0,0,1,0,1,0
2138420,22.5,1,0,3,0,0,0
2138487,42.5,1,0,3,0,1,0
2138594,27.5,0,0,2,0,0,1
2138636,32.5,0,0,2,0,1,0
2138800,22.5,0,0,2,0,0,0
2138826,7.5,0,0,2,0,0,1
2138917,32.5,1,0,4,1,1,0
2139188,17.5,1,0,3,1,1,0
2139220,27.5,0,0,1,1,1,0
2139477,27.5,0,0,2,0,0,1
2139626,47.5,1,0,4,1,1,0
2139766,22.5,0,0,2,0,1,1
2139865,12.5,0,0,1,0,0,1
2140046,17.5,1,0,4,0,0,0
2140285,17.5,1,0,4,1,1,0
2140442,32.5,1,0,4,0,1,0
2140483,32.5,1,0,4,1,1,0
2140533,12.5,0,0,1,0,1,0
2140988,37.5,1,0,4,0,1,0
2141044,32.5,1,0,4,0,0,0
2141051,22.5,1,0,4,1,1,0
2141101,37.5,1,0,4,1,1,0
2141317,55.0,0,0,2,0,1,0
2141457,12.5,1,0,3,0,0,0
2141523,12.5,0,0,2,0,1,0
2141572,27.5,1,0,3,0,1,0
2141713,12.5,0,0,2,0,0,1
2141721,17.5,0,0,1,0,0,1
2141960,22.5,0,0,2,1,0,1
2141986,22.5,0,0,1,1,1,0
2142158,12.5,0,0,1,0,0,1
2142364,7.5,1,0,3,0,1,0
2142430,7.5,0,1,5,0,1,0
2142489,22.5,0,0,2,0,1,0
2142497,32.5,1,0,4,1,1,0
2142661,27.5,0,0,2,0,1,1
2142992,47.5,0,0,2,0,1,0
2143099,27.5,0,0,2,1,0,1
2143180,42.5,0,1,5,1,1,0
2143198,37.5,0,0,2,1,1,0
2143214,2.5,0,0,1,0,1,0
2143305,32.5,0,0,2,0,0,1
2143446,12.5,0,0,2,0,0,1
2143503,42.5,0,1,5,1,1,0
2143800,17.5,0,0,2,0,0,1
2143925,12.5,0,0,2,0,0,1
2144048,22.5,1,0,4,0,0,0
2144220,42.5,1,0,4,0,0,0
2144253,12.5,1,0,4,1,1,0
2144428,27.5,0,0,2,0,1,0
2144444,17.5,0,0,2,0,0,0
2144451,27.5,0,0,2,0,0,1
2144576,12.5,0,0,2,1,1,0
2144584,37.5,1,0,3,0,1,0
2144741,7.5,0,1,5,0,0,0
2144766,37.5,1,0,3,0,1,0
2145078,27.5,0,0,2,0,1,0
2145243,42.5,0,0,2,0,0,1
2145292,27.5,1,0,4,0,1,0
2145458,22.5,1,0,4,0,1,0
2145649,22.5,1,0,3,0,1,0
2145672,7.5,1,0,4,0,1,0
2145748,7.5,0,0,2,0,1,0
2145771,12.5,0,0,2,0,0,1
2145979,7.5,0,0,1,0,0,1
2145987,7.5,0,0,2,0,1,0
2146035,22.5,0,1,8,1,1,0
2146050,12.5,0,0,2,0,0,1
2146118,17.5,0,0,2,0,0,1
2146225,7.5,0,0,1,1,1,0
2146381,27.5,1,0,4,0,0,0
2146621,12.5,0,0,2,0,0,1
2146688,17.5,0,0,1,0,0,0
2147066,32.5,0,1,5,1,1,0
2147538,27.5,0,0,2,0,0,0
2147744,22.5,0,1,5,1,1,0
2147959,17.5,1,0,3,1,1,0
2147983,17.5,0,0,1,1,0,1
2148031,55.0,0,0,2,1,0,1
2148064,17.5,1,0,3,0,1,0
2148320,12.5,0,0,2,0,0,1
2148494,22.5,1,0,3,0,1,0
2148627,32.5,0,0,2,0,0,0
2148700,22.5,1,0,4,0,1,0
2148726,27.5,1,0,4,0,1,0
2148924,32.5,1,0,3,1,1,0
2149054,42.5,1,0,4,0,0,0
2149062,32.5,1,0,4,0,1,0
2149278,17.5,0,0,2,1,1,0
2149617,22.5,1,0,4,0,1,0
2149674,12.5,0,0,2,0,1,0
2150029,47.5,0,1,5,1,1,0
2150094,12.5,0,1,6,0,1,0
2150151,27.5,1,0,4,1,1,0
2150169,12.5,1,0,4,1,1,0
2150193,37.5,1,0,4,1,1,0
2150235,17.5,1,0,4,0,0,0
2150680,12.5,0,0,2,0,0,0
2150706,37.5,0,1,5,1,1,0
2150805,32.5,1,0,4,0,0,0
2150938,32.5,1,0,3,0,0,0
2151027,32.5,0,0,2,0,1,0
2151423,12.5,0,0,2,0,0,1
2151522,22.5,0,0,1,0,1,0
2151555,42.5,1,0,3,1,1,0
2151852,12.5,0,0,2,0,1,0
2153536,17.5,0,0,2,0,0,1
2153791,32.5,1,0,4,1,0,0
2155010,12.5,0,0,2,0,0,1
2157248,12.5,0,0,2,0,0,1
