x_um,t_h,count
25,0,89
75,0,78
125,0,87
175,0,79
225,0,79
275,0,79
325,0,84
375,0,82
425,0,85
475,0,74
525,0,71
575,0,43
625,0,6
675,0,3
725,0,2
775,0,1
825,0,2
875,0,1
925,0,2
975,0,2
1025,0,3
1075,0,1
1125,0,2
1175,0,2
1225,0,1
1275,0,1
1325,0,2
1375,0,5
1425,0,41
1475,0,82
1525,0,79
1575,0,77
1625,0,94
1675,0,76
1725,0,79
1775,0,79
1825,0,88
1875,0,74
25,12,95
75,12,80
125,12,94
175,12,89
225,12,87
275,12,90
325,12,80
375,12,79
425,12,77
475,12,71
525,12,75
575,12,62
625,12,36
675,12,8
725,12,2
775,12,0
825,12,1
875,12,2
925,12,1
975,12,1
1025,12,1
1075,12,2
1125,12,2
1175,12,2
1225,12,1
1275,12,0
1325,12,9
1375,12,34
1425,12,62
1475,12,82
1525,12,79
1575,12,75
1625,12,88
1675,12,89
1725,12,84
1775,12,89
1825,12,87
1875,12,89
25,24,120
75,24,112
125,24,112
175,24,109
225,24,98
275,24,102
325,24,100
375,24,101
425,24,94
475,24,92
525,24,84
575,24,79
625,24,61
675,24,64
725,24,51
775,24,37
825,24,21
875,24,15
925,24,9
975,24,4
1025,24,2
1075,24,5
1125,24,16
1175,24,38
1225,24,45
1275,24,50
1325,24,60
1375,24,71
1425,24,80
1475,24,82
1525,24,97
1575,24,94
1625,24,92
1675,24,105
1725,24,103
1775,24,98
1825,24,104
1875,24,109
25,36,125
75,36,116
125,36,117
175,36,117
225,36,114
275,36,114
325,36,112
375,36,103
425,36,97
475,36,104
525,36,92
575,36,87
625,36,89
675,36,67
725,36,72
775,36,67
825,36,71
875,36,65
925,36,60
975,36,61
1025,36,67
1075,36,64
1125,36,73
1175,36,71
1225,36,79
1275,36,75
1325,36,85
1375,36,82
1425,36,89
1475,36,87
1525,36,97
1575,36,107
1625,36,104
1675,36,106
1725,36,118
1775,36,116
1825,36,111
1875,36,119
25,48,127
75,48,125
125,48,122
175,48,120
225,48,122
275,48,119
325,48,119
375,48,112
425,48,109
475,48,107
525,48,110
575,48,102
625,48,97
675,48,99
725,48,94
775,48,94
825,48,93
875,48,101
925,48,93
975,48,94
1025,48,86
1075,48,101
1125,48,94
1175,48,91
1225,48,98
1275,48,99
1325,48,97
1375,48,96
1425,48,103
1475,48,107
1525,48,106
1575,48,104
1625,48,119
1675,48,114
1725,48,124
1775,48,122
1825,48,124
1875,48,120
