sample,lab,meas_id,age_bp,sd
1,Arizona,A1.1b,591,30
1,Arizona,A1.2b,690,35
1,Arizona,A1.3a,606,41
1,Arizona,A1.4a,701,33
2,Arizona,A2.1b,922,48
2,Arizona,A2.2a,986,56
2,Arizona,A2.3a(1),829,50
2,Arizona,A2.4a(2),996,38
2,Arizona,A2.5b,894,37
3,Arizona,A3.1b,1838,47
3,Arizona,A3.2a(1),2041,43
3,Arizona,A3.3a,1960,55
3,Arizona,A3.4a(2),1983,37
3,Arizona,A3.5b,2137,46
4,Arizona,A4.1b,724,42
4,Arizona,A4.2a,778,88
4,Arizona,A4.3a(1),764,45
4,Arizona,A4.4a(2),602,38
4,Arizona,A4.5b,825,44
1,Oxford,O1.1u,795,65
1,Oxford,O1.2b,730,45
1,Oxford,O1.1b,745,55
2,Oxford,O2.1u,980,55
2,Oxford,O2.1b,915,55
2,Oxford,O2.2b,925,45
3,Oxford,O3.1u,1955,70
3,Oxford,O3.1b,1975,55
3,Oxford,O3.2b,1990,50
4,Oxford,O4.2u,785,50
4,Oxford,O4.2b(1),710,40
4,Oxford,O4.2b(2),790,45
1,Zurich,Z1.1u,733,61
1,Zurich,Z1.1w,722,56
1,Zurich,Z1.1s,635,57
1,Zurich,Z1.2w,639,45
1,Zurich,Z1.2s,679,51
2,Zurich,Z2.1u,890,59
2,Zurich,Z2.1w,1036,63
2,Zurich,Z2.1s,923,47
2,Zurich,Z2.2w,980,50
2,Zurich,Z2.2s,904,46
3,Zurich,Z3.1u,1984,50
3,Zurich,Z3.2w,1886,48
3,Zurich,Z3.2s,1954,50
4,Zurich,Z4.1u,739,63
4,Zurich,Z4.1w,676,60
4,Zurich,Z4.1s,760,66
4,Zurich,Z4.2w,646,49
4,Zurich,Z4.2s,660,46
