lang,name,iso639_3,family,country,n_speakers
1,Abidji,abi,Kwa,Ivory Coast,25
2,Agarabi,agd,Trans-New Guinea,Papua New Guinea,24
3,Agta,dgc,Austronesian,Philippines,25
4,Aguacatec,agu,Mayan,Guatemala,35
5,Amarakaeri,amr,Arawakan,Peru,6
6,Ampeeli,apz,Angan,Papua New Guinea,27
7,Amuzgo,amu,Oto-Manguean,Mexico,25
8,Angaatiha,agm,Angan,Papua New Guinea,25
9,Apinayé,apn,Macro-Ge,Brazil,30
10,Arabela,arl,Zaparoan,Peru,25
11,Bahinemo,bjh,Sepik Hill,Papua New Guinea,25
12,Bauzi,bvz,Geelvink Bay,Indonesia,25
13,Berik,bkl,Trans-New Guinea,Indonesia,25
14,Bété,byf,Kru,Ivory Coast,25
15,Bhili,bhb,Indic,India,25
16,Buglere,sab,Chibchan,Panama,25
17,Cakchiquel,cak,Mayan,Guatemala,30
18,Campa,cpb,Arawakan,Peru,25
19,Camsa,kbh,Camsa,Colombia,25
20,Candoshi,cbu,Jivaroan,Peru,11
21,Cavineña,cav,Tacanan,Bolivia,25
22,Cayapa,cbi,Barbacoan-Paezan,Ecuador,25
23,Chácobo,cao,Panoan,Bolivia,25
24,Chavacano (Zamboangueño),cbk,[creole],Philippines,25
25,Chayahuita,cbt,Chayahuita (Jivaroan?),Peru,25
26,Chinantec,cte,Oto-Manguean,Mexico,25
27,Chiquitano,cax,Macro-Ge,Bolivia,25
28,Chumburu,ncu,Chumburung,Ghana,25
29,Cofán,con,Chibchan,Ecuador,25
30,Colorado,cof,Barbacoan,Ecuador,25
31,Cree,csw,Algonquian,Canada,25
32,Culina,cul,Arauan,Peru,25
33,Didinga,did,Nilo-Sarahan,Sudan,25
34,Djuka,djk,[creole],Surinam,25
35,Dyimini,dyi,Gur,Ivory Coast,25
36,Ejagam,etu,Bantoid,Nigeria,25
37,Ese Ejja,ese,Tacanan,Bolivia,25
38,Garífuna (Black Carib),cab,[creole],Guatemala,28
39,Guahibo,guh,Arawakan,Colombia,25
40,Guambiano,gum,Paezan,Colombia,27
41,Guarijío,var,Uto-Aztecan,Mexico,25
42,Guaymí (Ngäbere),gym,Chibchan,Panama,25
43,Gunu,yas,Bantoid,Cameroon,25
44,Halbi,hlb,Indic,India,25
45,Huastec,hva,Mayan,Mexico,25
46,Huave,hve,Huavean,Mexico,25
47,Iduna,viv,Oceanic,Papua New Guinea,25
48,Ifugao,ify,Austronesian,Philippines,25
49,Iwam,iws,Upper Sepik,Papua New Guinea,25
50,Jicaque,jic,Jicaque,Honduras,10
51,Kalam,kmh,East New Guinea Highlands,Papua New Guinea,25
52,Kamano-Kafe,kbg,East New Guinea Highlands,Papua New Guinea,25
53,Karajá,kpj,Macro-Ge,Brazil,19
54,Kemtuik,kmt,Nimboran,Indonesia,25
55,Kokni (Kokoni),kfu,Indic,India,25
56,Konkomba,xon,Gur,Ghana,25
57,Kriol,rop,[creole],Australia,25
58,Kuku-Yalanji,gvn,Pama-Nyungan,Australia,20
59,Kuna,cuk,Chibchan,Panama,25
60,Kwerba,kwe,Dani-Kwerba,Indonesia,25
61,Lele,lln,East Chadic,Chad,15
62,Mampruli,maw,Gur,Ghana,24
63,Maring,mbw,Trans-New Guinea,Papua New Guinea,25
64,Martu-Wangka,mpj,Martu-Wangka,Australia,25
65,Mawchi,mke,Indic,India,25
66,Mayoruna,mcf,Panoan,Peru,25
67,Mazahua,mmc,Oto-Manguean,Mexico,25
68,Mazatec,maq,Oto-Manguean,Mexico,25
69,Menye,mcr,Angan,Papua New Guinea,25
70,Micmac,mic,Algonquian,Canada,25
71,Mikasuki,mik,Muskogean,USA,25
72,Mixtec,mxa,Oto-Manguean,Mexico,25
73,Mundu,muh,Adamawa-Ubangi,Sudan,18
74,Múra-Pirahá,myp,Pirahá,Brazil,25
75,Murle,mur,Nilo-Sarahan,Sudan,25
76,Murrinh-Patha,mwf,Murrinh-Patha,Australia,25
77,Nafaanra,nfr,Gur,Ghana,29
78,Nahuatl,ncj,Uto-Aztecan,Mexico,6
79,Ocaina,oca,Witotoan,Peru,25
80,Papago (O'odham),ood,Uto-Aztecan,Mexico,25
81,Patep,ptp,Austronesian,Papua New Guinea,24
82,Paya,pay,Chibchan,Honduras,20
83,Podopa,ppo,Trans-New Guinea,Papua New Guinea,14
84,Saramaccan,srm,[creole],Surinam,25
85,Seri,sei,Hokan,Mexico,25
86,Shipibo,shp,Panoan,Peru,25
87,Sirionó,srq,Tupi,Bolivia,25
88,Slave,xsl,Athabaskan,Canada,24
89,Sursurunga,sgz,Austronesian,Papua New Guinea,26
90,Tabla,tnm,Trans-New Guinea,Indonesia,25
91,Tacana,tna,Tacanan,Bolivia,8
92,Tarahumara (Central),tar,Uto-Aztecan,Mexico,9
93,Tarahumara (Western),nai,Uto-Aztecan,Mexico,6
94,Tboli,tbl,Austronesian,Philippines,25
95,Teribe,tfr,Chibchan,Panama,26
96,Ticuna,tca,Ticuna,Peru,25
97,Tifal,tif,Trans-New Guinea,Papua New Guinea,25
98,Tlapanec,tll,Subtiaba-Tlapanec,Mexico,25
99,Tucano,tuo,Tucanoan,Colombia,25
100,Vagla,vag,Gur,Ghana,25
101,Vasavi,vas,Indic,India,25
102,"Waorani (Auca, Huao)",auc,Waorani,Ecuador,25
103,Walpiri,wbp,Pama-Nyungan,Australia,23
104,Wobé,wob,Niger-Congo,Ivory Coast,25
105,Yacouba,daf,Dan,Ivory Coast,27
106,Yakan,yka,Austronesian,Philippines,25
107,Yaminahua,yaa,Panoan,Peru,25
108,Yucuna,ycn,Arawakan,Colombia,25
109,Yupik,ess,Eskimo-Aleut,USA,25
110,Zapotec,zpz,Oto-Manguean,Mexico,25
