lang,code,abbrev,term,n_responses,n_speakers
1,0,LB,lobu,1972,25
1,1,F,fwae,1464,25
1,2,LE,lebe,1225,25
1,3,G,gale,1002,21
1,4,WK,wãwanakoko,935,24
1,5,LF,lofu,885,24
1,6,S,sõo,654,19
1,7,FU,fuo,96,3
1,8,GB,gbanagbana,17,1
2,0,NR,naarareh,1192,24
2,1,YN,yaaenaa(ren),1169,22
2,2,EP,epanten,1155,23
2,3,TK,tohkon(ten),1057,23
2,4,IT,imunanten,847,21
2,5,AA,aanaparohnaa(ren),555,21
2,6,PN,punemun,249,9
2,7,AT,aata,206,10
2,8,IO,ironten,148,5
2,9,WT,witipe,145,6
2,10,KA,kaakaken,112,5
2,11,IR,iramunten,111,3
2,12,KR,karanten,93,6
2,13,PH,pihtakun,87,5
2,14,MP,maa(h)paraah,80,6
2,15,AW,aweyaranten,69,5
2,16,KM,kamaa,68,4
2,17,KT,kunten,55,3
2,18,TU,tunkara,50,4
2,19,KW,kawaar(ren),43,5
2,20,AI,awitih,42,1
2,21,KH,kaah,39,1
2,22,TI,tinaan(ten),37,4
2,23,YR,yari(h),32,1
2,24,TO,totuih,26,2
2,25,UN,uhkaran,25,1
2,26,KU,kunimaara,23,2
3,0,NG,mengitet,1309,25
3,1,EL,melatak,1282,25
3,2,AA,asul,667,18
3,3,DA,dilaw,604,21
3,4,AT,medingat,598,22
3,5,BA,berde,588,19
3,6,ID,koman i don,523,17
3,7,PA,pensél,359,17
3,8,ED,medideg,284,16
3,9,BU,abu,263,15
3,10,KA,kape,131,11
3,11,UT,melabut,124,6
3,12,IN,grin,123,11
3,13,AY,pegay,94,9
3,14,MD,medéhéng,94,6
3,15,LU,blu,83,6
3,16,AS,gatas,55,4
3,17,GA,dagat,40,5
3,18,LT,langet,33,6
3,19,RA,rosas,32,4
3,20,DI,diget,31,7
3,21,KL,kulay,28,3
3,22,MK,mediklém,28,4
3,23,ON,inggon,23,2
3,24,PG,péga,23,3
3,25,BE,ube,19,2
3,26,LB,lokban,19,3
3,27,SW,sébaw,19,1
3,28,KN,kuném,16,5
3,29,HN,hinap,13,2
3,30,SI,sita,13,1
3,31,AN,kundiman,12,4
3,32,MG,medégdég,11,2
3,33,SK,sikolate,11,3
3,34,LO,yelo,10,4
3,35,ET,apanget,9,2
3,36,ML,mealikabuk,8,1
3,37,AW,patodilaw,7,2
3,38,GU,guhém,7,3
3,39,OG,apog,7,1
3,40,AP,ulap,6,3
3,41,DZ,orendz,6,3
3,42,IG,patig,6,1
3,43,IT,langit,6,2
3,44,OK,asok,6,1
3,45,LL,laitla,5,1
3,46,TK,tamak,5,1
3,47,BB,bubug,4,1
3,48,BN,bunay,4,1
3,49,KY,kayo,4,1
3,50,TA,manta,4,1
3,51,UG,uging,4,3
3,52,IS,gris,3,1
3,53,MA,maöng,3,1
3,54,WA,waʔet,3,1
3,55,BT,bayolet,2,2
3,56,LA,luta,2,1
3,57,MW,melabsaw,2,2
3,58,UA,kokua,2,1
3,59,AK,asek,1,1
3,60,AZ,agél,1,1
3,61,BR,braun,1,1
3,62,DY,duyaw,1,1
3,63,ME,mekélép,1,1
3,64,MP,mepusiyaw,1,1
3,65,OL,korol,1,1
3,66,OT,lumot,1,1
3,67,PU,putik,1,1
3,68,SB,sablot,1,1
3,69,TI,kamoti,1,1
4,0,TA,txa'x,2512,34
4,1,SA,sak,2097,35
4,2,CY,ajak,1748,35
4,3,KA,k'an,1329,35
4,4,TX,txib,996,32
4,5,KE,k'ek,965,33
4,6,CE,celeste,449,22
4,7,XE,xew,433,24
4,8,XK,xk'inco'j,368,25
4,9,SP,spielpuj,261,10
4,10,CP,capej,90,4
4,11,LA,haranch,82,11
4,12,CH,ch'el,51,5
4,13,SW,sak way,34,7
4,14,SI,tejsip,27,1
4,15,CA,chamic,22,1
4,16,XX,ẍeẍ,18,3
4,17,WR,wuro's,16,4
4,18,MU,muj,12,2
4,19,TU,tu'bx pale',10,1
4,20,XT,xtantuj,5,1
4,21,TZ,tza'j,2,1
4,22,XY,xk'ay kuj,2,1
4,23,TW,tint wutz,1,1
5,0,2,burada,440,6
5,1,4,huabedda,309,6
5,2,6,ayyagda,296,6
5,3,5,jeida,254,6
5,4,7,kihueyda,247,6
5,5,9,keregda,240,6
5,6,1,sikda,181,6
5,7,3,yereda,10,1
5,8,8,paroda,3,1
6,0,SN,sontijo,1323,25
6,1,HA,halojo,1267,27
6,2,YA,yamo'nohino,1229,23
6,3,HN,honijwo,1041,26
6,4,HS,hwosimijo,974,26
6,5,SI,sikwo'mno,904,27
6,6,SA,sajo,358,16
6,7,HO,honwo'nohino,302,15
6,8,HF,hwofeejo,272,7
6,9,HJ,hwajingo,254,13
6,10,WO,wonipa'nyo,189,9
6,11,MM,mi'miyo,131,9
6,12,HH,hafihwaho,106,7
6,13,MO,moiho,100,7
6,14,SK,sokojae,90,5
6,15,HT,hwatnjo,61,3
6,16,IT,itimtofaho,51,4
6,17,IY,iyoswopaho'nji,41,4
6,18,ON,hwaho'nohino,23,1
6,19,HW,honwo,16,1
6,20,WJ,hwajingo'nohino,14,1
6,21,JI,jikufopa'nyo,13,1
6,22,HU,humamopa'nyo,11,1
6,23,WM,wame'nohino,11,1
6,24,HM,hwomango'nohino,6,1
6,25,MI,miyo,6,1
6,26,AH,ahwompaho,5,1
6,27,JY,hajuyo/hajuyo pa'nyo,4,1
6,28,KH,kwofolo-kwahopa'nyo,4,1
6,29,SL,silifijo,3,2
6,30,SM,sihwamijo-muhwahopa'njo,2,1
6,31,AO,ahojo,1,1
6,32,HE,hesiyamo,1,1
6,33,HP,halokwaho pa'nyo,1,1
6,34,II,itimno hwospopa'nyo,1,1
6,35,IJ,ijimtofaho,1,1
6,36,IN,ijimo'nohino,1,1
6,37,IO,itimomo'nohino,1,1
6,38,KW,kwotehweho,1,1
6,39,UF,hwaho usi fopan'yo,1,1
6,40,WA,hwaho,1,1
7,0,TA,tsa3,1533,25
7,1,C,cachuii'24-3,1125,25
7,2,J,cajan23,1057,25
7,3,CH,china24,929,25
7,4,N,canchii'44-3,682,25
7,5,T,tsjan'chi24,486,23
7,6,TJ,tsjo'2,410,25
7,7,W,wii3,346,17
7,8,NT,ntom3,289,22
7,9,WE,wee3,266,25
7,10,JU,cajue32-4,255,24
7,11,TC,tsco-tasa-'ndaa3432,230,19
7,12,TS,catsioo'23,222,18
7,13,TO,ts'o4,117,17
7,14,L,calu23,98,11
7,15,T1,tua' | tuaa'2-4,82,10
7,16,LJ,ljaa'tmaan22,58,6
7,17,X,xuee2,51,4
7,18,NI,canioom23,9,1
7,19,TL,tsjo'luee,4,1
7,20,TU,t'ui4,1,1
8,0,K,kwanyapisitipate,1403,24
8,1,A,asisorihante,1384,24
8,2,AH,asihintihante,1223,25
8,3,AM,amatenihante | amatenishante,1148,25
8,4,KW,kwihepihante | kwihepishante,1142,25
8,5,I,ikirihante | ikirotihante,1099,25
8,6,N,nyanyipihante | nyanyipisihante,519,20
8,7,KI,kiputipihante,174,6
8,8,NA,namonsitihante,98,10
8,9,W,wahaipate,40,2
8,10,NS,nsitipitihante,12,1
8,11,NU,nausaatihante,3,1
8,12,AE,asihinaahoe,1,1
8,13,IS,isaumwawahante,1,1
8,14,KT,kwataihante,1,1
8,15,T,tawaasatihante,1,1
9,0,GR,grãgrã,3193,30
9,1,RA,ràràr,1787,30
9,2,AA,aka,1397,30
9,3,FA,kakrã tyk,1230,27
9,4,ER,kamrẽk,1169,30
9,5,TS,tyk,580,28
9,6,BA,kukũm,370,20
9,7,KM,kambro,31,2
9,8,TY,tyrde,28,2
9,9,KR,kumrantye,15,1
9,10,KT,kuitare,9,1
9,11,KA,kakkukum,2,1
10,0,NN,nentuca,2099,25
10,1,NA,naatuca,1207,25
10,2,CO,cohuaja,1171,25
10,3,NE,neeruuca,842,20
10,4,PO,pocojonaque,836,23
10,5,PA,pareeca,825,23
10,6,MU,mueruuca,434,22
10,7,MO,moquitiuriuuca,219,9
10,8,TI,tiquiriiquia,126,8
10,9,RI,riyatuuca,99,5
10,10,MA,maquenuutuca,93,4
10,11,TR,tiiriuca,83,5
10,12,MQ,maquesaca,52,4
10,13,QU,quitiaaca,33,1
10,14,NO,noshiquia,31,4
10,15,CA,cashiiquia,20,1
10,16,SH,shaaruca,12,3
10,17,CR,coriuu,10,1
11,0,N,nel,1627,25
11,1,H,mahiyo,1341,25
11,2,G,ginal,1324,25
11,3,A,gai,1190,25
11,4,W,gwedi,1156,25
11,5,M,mili,785,21
11,6,K,kel,610,22
11,7,E,bieyal,156,4
11,8,I,igili,41,4
11,9,T,tebgel,19,1
12,0,G,gahana,2376,25
12,1,F,fauhana,1936,25
12,2,B,bozina,1786,25
12,3,GI,gihobuna,1442,24
12,4,H,hualihona,584,23
12,5,A,auna,102,1
12,6,BU,buhena,24,1
13,0,SI,sinsini,1701,25
13,1,ER,berbere,1624,25
13,2,TI,tialaikikini,1480,25
13,3,SE,seyseye,1171,25
13,4,JA,jaborbema,563,21
13,5,WL,bwelkatbwelkata,521,18
13,6,IB,ibamibama,467,16
13,7,GU,guwini,185,8
13,8,GO,gologolna,112,7
13,9,OR,oberobera,96,5
13,10,TU,tuirtui,80,3
13,11,GE,gergere,61,7
13,12,IY,iyakartifini,48,1
13,13,FT,fotabar,36,1
13,14,SN,sonsona,28,3
13,15,TS,tustusini,21,1
13,16,TM,tiala-moknamsini,19,1
13,17,GW,gworantotifini,16,1
13,18,FA,fao,3,1
13,19,KA,kasanbwat,2,1
13,20,NF,nafnafa,2,2
13,21,TA,tababara,2,2
13,22,BW,bwifabwifana,1,1
13,23,GA,armena-garserem,1,1
13,24,GS,gusuitifin,1,1
13,25,IS,isbama,1,1
13,26,TK,betikbetika,1,1
13,27,TR,titire,1,1
13,28,WE,wenbama,1,1
14,0,K,kp,3362,25
14,1,Z,zeli(ku),2061,25
14,2,F,fee(ku),1818,25
14,3,G,grapoku,610,13
14,4,B,buna(ku),113,4
14,5,O,t-toku,109,2
14,6,BU,buviagele,52,1
14,7,KO,k-troku,37,1
14,8,DO,d-gb-ku,33,1
14,9,BI,biku,22,2
14,10,KW,kwe(ku),8,2
14,11,T,tapeleku,8,1
14,12,GW,gwelengu(ku),4,1
14,13,L,loko(ku),3,1
14,14,BN,bingu,2,1
14,15,BA,babruku,1,1
14,16,BE,beleku,1,1
14,17,BL,bilingu,1,1
14,18,D,dairolo,1,1
14,19,E,et-t-ku,1,1
14,20,GY,gyedreku,1,1
14,21,S,siniku,1,1
15,0,N,nil,2977,25
15,1,T,tɔlɔ,1144,25
15,2,K,kal,873,25
15,3,R,rat,834,23
15,4,BR,bur,686,22
15,5,P,pil,560,23
15,6,A,rdeli,455,19
15,7,J,dzambuʌ,321,17
15,8,G,??,237,11
15,9,KH,khaki,50,5
15,10,KS,kesrie,46,3
15,11,KT,kʌltia,31,1
15,12,M,??,28,1
15,13,B,??,7,2
16,0,L,lere/lerere/lejre | llugi,2225,25
16,1,M,moloin/moloinre,1512,25
16,2,J,jutre/jusa,1318,25
16,3,E,leren,1270,24
16,4,D,dabe/dabere | dbire,952,25
16,5,R,jere/jerere,782,25
16,6,K,kwajusa | kwa,134,7
16,7,N,mnule | n,27,2
16,8,Q,nmolenga,9,1
16,9,W,dagikwale,7,2
16,10,G,llugile | nga,5,1
16,11,O,gousa,5,1
16,12,X,ngwale | go,3,1
16,13,I,chiona | kokire,1,1
17,0,RX,rex,1975,30
17,1,CL,celeste,1007,30
17,2,MO,morado,781,30
17,3,KN,k'en,751,30
17,4,SK,sek,722,28
17,5,AZ,azul,669,29
17,6,RO,rosado,643,30
17,7,CK,c'ak'oj,488,28
17,8,KK,kiek/kik,446,29
17,9,LL,lila,396,22
17,10,QU,quich,352,27
17,11,CR,creama,313,19
17,12,VE,verde,287,10
17,13,CO,corinto,189,23
17,14,PU,puluic,181,17
17,15,PI,pitaya,119,14
17,16,GR,gris,112,11
17,17,NA,anaranjada/naranjada,92,16
17,18,CH,chaj,70,14
17,19,CA,caf'e,69,8
17,20,MS,mostasa,60,7
17,21,SI,sipso,44,3
17,22,RU,rucolor ri caj,36,4
17,23,TZ,tzil,31,9
17,24,AP,aplomado,11,3
17,25,BE,beige,9,2
17,26,CI,chiltote,3,2
17,27,MR,marfil,1,1
18,0,TA,quitamarri,1861,25
18,1,CH,cheencari,1710,25
18,2,TY,quityoncari,1501,25
18,3,PI,piityotzinaqui,636,11
18,4,AA,camaani/camaatatsiri,518,14
18,5,KK,quiteriri,503,23
18,6,SA,quisaari,459,20
18,7,PO,potsotzinaqui,446,17
18,8,RR,quiraari,174,10
18,9,PA,patsitaquinaqui,119,5
18,10,SH,shimashirinaqui,79,6
18,11,EE,casantonaqui,70,3
18,12,SS,pitsintenaqui,57,2
18,13,FF,choritoeshi,48,2
18,14,VV,savavonaqui,43,2
18,15,NN,quiteroncari,12,2
19,0,N,ngefshnana,2022,25
19,1,FC,fchendana,1277,25
19,2,R,rosadana,897,24
19,3,TS,tsixiyana,741,25
19,4,M,mororena,594,19
19,5,FJ,fjantsana,506,25
19,6,CF,cafena,451,23
19,7,CA,carmesiyana,409,19
19,8,B,buanganana,365,25
19,9,A,azul-clarana,263,12
19,10,F,ftsengana,134,23
19,11,T,tomatiyana,121,12
19,12,PL,plomana,99,15
19,13,BA,bajatetema,77,7
19,14,P,pajacana,73,4
19,15,PI,pichana,41,2
19,16,BT,bino-tinto,38,4
19,17,SP,spejotemana,38,1
19,18,CH,chocolatiana,30,2
19,19,NA,naranjana,26,3
19,20,CE,cenizana,10,1
19,21,J,jatinyanana,4,1
19,22,CN,ceniya,3,1
19,23,I,ibetana,3,2
19,24,PT,pajacatema,2,1
19,25,C1,canela,1,1
19,26,CL,celestana,1,1
19,27,JU,juajobojatate,1,1
19,28,LE,lejiana,1,1
19,29,LI,lilana,1,1
19,30,PE,pajace,1,1
20,0,KV,kavabana,1139,11
20,1,C,chobiapi,663,11
20,2,K,kamachpa,415,10
20,3,B,borshi,382,11
20,4,P,ptsiyaro,369,11
20,5,PZ,pozani,265,10
20,6,KN,kantsirpi,194,11
20,7,T,tarika,119,6
20,8,V,vabana,28,4
20,9,PV,povitsa,9,1
20,10,VM,vabanamashi,9,1
20,11,PA,poritsamashi,6,1
20,12,PR,paramshi,6,1
20,13,TM,tarikamashi,4,1
20,14,CH,choromshi,3,1
20,15,KC,kchabshi,2,1
20,16,PO,posisimashi,2,1
20,17,PS,paritsa,1,1
21,0,SA,sahuada,3650,25
21,1,PU,pudeda,1471,25
21,2,JA,jahuada,961,25
21,3,PA,pasada,817,22
21,4,PJ,pajada,734,25
21,5,SE,sehueda,406,24
21,6,A,apuda,197,8
21,7,CH,choco,8,1
21,8,CA,cape,4,2
22,0,LU,lushcatata,2625,25
22,1,FI,fibaba,1642,25
22,2,LA,lajquilili,1470,25
22,3,UN,ungalala,752,22
22,4,PA,pababa,647,25
22,5,YA,yapijtutu,367,20
22,6,LL,llubaba,256,12
22,7,CF,caf'e,147,9
22,8,CH,chuculate,104,5
22,9,NN,"ñingalala,ñingususu",41,5
22,10,PI,pintura,24,1
22,11,CP,chaape,11,1
23,0,N,niaba,2776,25
23,1,J,joxo,1945,25
23,2,S,shini,1883,25
23,3,C,cheque,1642,25
23,4,T,nato,3,1
24,0,V,verde,1790,25
24,1,A,azul,1596,25
24,2,B,blanco,757,25
24,3,AM,amarillo,637,25
24,4,R,rosas,563,21
24,5,L,lila,559,16
24,6,CH,chocolate,508,25
24,7,N,negro,446,25
24,8,C,colorao,390,25
24,9,S,salmon,390,18
24,10,VI,violeta,292,10
24,11,G,granate,156,10
24,12,M,maroon,57,6
24,13,CR,crema,51,3
24,14,LE,leche,30,1
24,15,SI,sinisao,25,5
24,16,GR,gris,1,1
24,17,MO,moreno,1,1
24,18,Y,yema,1,1
25,0,K,canin,3749,25
25,1,A,ancon,1199,25
25,2,S,sha'pi,1141,25
25,3,U,quehua,712,25
25,4,H,huiri,680,25
25,5,E,peto,616,25
25,6,R,yara,150,25
26,0,RA,roh2/reh2,2593,25
26,1,MC,mi3chiun3,1257,25
26,2,NA,néng2/niáng2,1039,25
26,3,TA,teg2/tiug2,940,25
26,4,RO,rosa,688,24
26,5,CA,cafe,630,25
26,6,GA,guiéng2/guióng2,483,25
26,7,LA,lih2/lianh2,372,24
26,8,JG,jmo2 guoh3,64,5
26,9,GJ,gu2-joah13,2,1
26,10,AZ,azul,1,1
26,11,LI,limon,1,1
27,0,MO,morao,1039,25
27,1,VE,verde,1020,20
27,2,AS,(n)asuru,951,25
27,3,CT,cüturiqui/cütuniquiña,676,23
27,4,PU,puru(subi),621,25
27,5,AM,amariyo,570,25
27,6,CL,celeste,568,18
27,7,NO,nobütausa,517,18
27,8,CB,cübüsi,354,24
27,9,CA,café,242,17
27,10,CH,chocolate,212,19
27,11,CR,cürrü(bi),179,13
27,12,RO,rosado,174,11
27,13,GI,ginda,135,13
27,14,SA,sar(subi),134,10
27,15,CU,cuchuqui,117,11
27,16,NN,nonema,95,9
27,17,PL,plomo,70,9
27,18,NA,naranjado,67,9
27,19,RR,rrosau(ma)/rrosao(ma),50,2
27,20,CO,cüborrü,46,13
27,21,AL,aleluya,44,4
27,22,MY,moyao,44,6
27,23,PN,pununsunuhiña,33,2
27,24,NS,nansibimia,27,4
27,25,NE,nusutama,24,2
27,26,UR,urucu,21,3
27,27,TO,tomiquianene,20,3
27,28,AC,achuniquiaña,15,2
27,29,VI,violeta,14,1
27,30,AN,anent(arru),13,6
27,31,NI,naus(irri),13,1
27,32,RJ,rojo,11,1
27,33,CM,cüoma,7,2
27,34,MA,marrón,7,1
27,35,CX,cümüciña/cumusiiña,6,1
27,36,BA,bayo,4,1
27,37,NY,notorrü,4,2
27,38,NZ,nausibi,3,1
27,39,NR,narrümuta(irri),2,1
27,40,NX,nonirrainrrü,2,1
27,41,YA,yarrücübürirri,2,1
27,42,IN,nina,1,1
27,43,NM,namoriyuma,1,1
27,44,SI,siputuniquiño,1,1
27,45,TI,tinto,1,1
27,46,YU,yurichurrü,1,1
28,0,BJ,kebobwee,1731,25
28,1,DZ,kidzidzii,1624,25
28,2,PF,kipipee,1294,25
28,3,FJ,kufufuri,1092,25
28,4,PA,pawurantfu,569,19
28,5,BL,blu,550,18
28,6,LN,lankantfuruntfu,477,21
28,7,KF,kakaduro,399,24
28,8,DF,defao,173,3
28,9,ES,ese,102,11
28,10,SA,kisafuraa,33,2
28,11,KO,kodwee,30,1
28,12,NS,nsa,30,1
28,13,TF,tfase nfa,29,4
28,14,NT,ntfone inifo,18,3
28,15,EF,efa/keferua worese,17,1
28,16,KK,kukuti,16,2
28,17,KU,kuntunkurun,16,2
28,18,KI,kibunbun,10,1
28,19,KR,kirin,3,1
28,20,DE,defu,2,1
28,21,KA,kefaa,2,1
28,22,KM,kemaakee,2,1
29,0,I,inzia,2781,25
29,1,T,totoa,1753,25
29,2,C,cu'a,982,25
29,3,Q,quiopa,941,25
29,4,S,si'an,775,25
29,5,Y,pajaccopa,640,21
29,6,G,singu'ccoa,373,16
29,7,CO,congupuje'a,2,2
29,8,CU,cufa-je'ccoa,1,1
30,0,OS,losimban,2181,25
30,1,LU,luban,1496,25
30,2,FI,fiban,1409,25
30,3,LA,laqueban,1142,25
30,4,PA,paban,1080,25
30,5,OP,lopoban,942,18
31,0,EP,epitiskunau,350,24
31,1,US,usawaw,284,22
31,2,WP,wapau,187,25
31,3,MU,umuhkwaw,180,25
31,4,WI,wipau,127,20
31,5,PO,pomukwasu,66,7
31,6,WS,waseskunau,29,6
32,0,SI,ssohueni/hi,2549,25
32,1,HI,huesseni/hi,2057,25
32,2,MI,macconi/hi,1400,25
32,3,NI,noponi/hi,938,25
32,4,SX,ssibeini,377,11
32,5,NN,napana,269,12
32,6,MH,map(p)ara(ni/hi),193,10
32,7,OB,oba,82,5
32,8,OR,oradsa,43,1
32,9,MY,mapojo(ni/hi),35,1
32,10,MT,majato,28,1
32,11,AM,amaidadadza/sa,26,3
32,12,HA,hida(ni),16,2
32,13,MO,mohedsa,10,1
32,14,SJ,siaja,8,1
32,15,MZ,mohe,7,1
32,16,NY,napojo(ni/hi),6,1
32,17,TA,tarapussa/ossa,5,1
32,18,BI,birissate,4,1
32,19,DS,dsiparo,4,2
32,20,SP,ssiparo,4,1
32,21,MU,mahuani,3,1
32,22,JI,jissa,2,2
32,23,MJ,majoco,1,1
32,24,PJ,ponijojarani,1,1
32,25,SZ,ssissi,1,1
33,0,C,culak,2544,25
33,1,G,gidang,1154,25
33,2,R,rega,981,25
33,3,M,marik,934,25
33,4,H,holia,923,25
33,5,O,ora,915,25
33,6,MN,man,786,25
34,0,G,guun,1852,25
34,1,B,baau,1173,25
34,2,W,weti,1126,25
34,3,L,lebi,839,25
34,4,T,taja,768,25
34,5,K,baaka,657,25
34,6,S,sakaati,360,16
34,7,J,tjuwi,331,13
34,8,D,donu,234,16
34,9,A,asisi,213,8
34,10,O,olanje,159,10
34,11,I,soi-soi,126,3
34,12,F,afiti-weti-koosi,73,7
34,13,N,boloini,55,3
34,14,X,lila,53,3
34,15,E,geli,41,5
34,16,R,grijs,39,3
34,17,U,bruin,26,1
34,18,P,pars,23,1
34,19,Q,kwasi,22,2
34,20,Z,rose,20,2
34,21,V,bevsi,8,1
35,0,W,wolo,1919,25
35,1,Y,yege,1733,25
35,2,F,fige,1206,25
35,3,B,bra,969,21
35,4,T,wetipiire,738,20
35,5,M,negemue,570,25
35,6,V,vrau,439,19
35,7,K,kondoro,307,10
35,8,N,nyatipirige,303,19
35,9,E,fle-fiau,50,2
35,10,L,lelerege,11,2
35,11,G,ngeere,3,2
36,0,E,enyaga,4087,25
36,1,EB,ebi,2330,25
36,2,B,ebare,1811,25
36,3,EO,ebi/obok,13,2
36,4,O,ogok,3,1
36,5,BA,ebi/awawa,2,1
36,6,EA,enyage-awawa,2,2
37,0,TA,tahua,2535,25
37,1,PO,pohui,1379,25
37,2,HU,huo'o,1252,25
37,3,JA,jahua,1014,25
37,4,OS,oshi,998,25
37,5,TE,tehui,586,25
37,6,QU,quijjeshasha,316,15
37,7,CH,chijjiyojaiyojja,90,7
37,8,JE,jehue,35,7
37,9,SE,seishe,22,2
37,10,CU,cuaisohua,9,2
37,11,HE,chehue,9,1
38,0,VE,verde,2385,28
38,1,DI,d'inguti,1740,28
38,2,GU,c'uchu,1236,28
38,3,RO,rosado,964,28
38,4,AM,amar'iu,738,28
38,5,FU,fun'ati,552,28
38,6,JA,jar'uti,458,28
38,7,CH,chug'uladi,395,28
38,8,WU,ur'iti,326,28
38,9,BE,beish,115,28
38,10,TG,tag-ile gadaru,34,6
38,11,AR,ar'ansu,28,10
38,12,SA,sabudi,22,7
38,13,BA,baligi,15,6
38,14,GA,gafe,10,3
38,15,CR,crema,7,4
38,16,AN,anaranja,1,1
38,17,GR,gris,1,1
39,0,RA,raëna,1260,25
39,1,NI,niopona,1231,24
39,2,RJ,rajena,1041,24
39,3,VA,vayana,961,25
39,4,TO,tsobia,871,25
39,5,TE,tsëcëna,790,20
39,6,SE,nasãëna,599,21
39,7,NA,najerona,482,19
39,8,PA,pabana,329,19
39,9,TA,tsaebia,326,24
39,10,PU,purana,158,14
39,11,TU,tsauna,119,9
39,12,CA,pecavanalobijavatsi,42,4
39,13,AN,piatananibijavatsi,30,1
39,14,FO,fobia,8,2
39,15,RO,rosado,3,1
40,0,PI,pillig,2269,27
40,1,P,piguig,1841,27
40,2,C,chilga,1443,24
40,3,U,uscuig,1014,27
40,4,O,osig,881,26
40,5,PO,polig,754,26
40,6,Y,yalig,551,26
40,7,CA,cafe,100,7
41,0,SI,siy'oname,3027,25
41,1,SE,seht'aname,1769,25
41,2,TO,tohs'aname,1068,25
41,3,SA,saaw'aeme,961,25
41,4,OS,osc'oname,747,24
41,5,SU,sawic'ame,385,19
41,6,WE,wetap'aeme,96,6
41,7,MO,morisuame,91,9
41,8,CO,cokor'a,58,7
41,9,HU,huraname,25,1
41,10,WA,waar'osa,13,4
41,11,ST,setapocame,9,3
41,12,SC,sucane,1,1
42,0,B,blure,1745,25
42,1,K,kare,1280,25
42,2,N,ngwenen,1193,25
42,3,T,taen,1125,25
42,4,D,drünen,826,25
42,5,S,sübrüre,796,25
42,6,U,bukere,321,12
42,7,W,kwaranen,308,17
42,8,O,dobrore,207,8
42,9,M,mrüträre,153,10
42,10,I,mire,75,4
42,11,G,ngübrüre,57,7
42,12,R,dirire,44,1
42,13,KO,köare,23,2
42,14,MO,morane,22,1
42,15,NA,narane,22,1
42,16,DK,dikere,14,1
42,17,TO,toäre,7,3
42,18,NR,ñöre,6,1
42,19,DA,däride,5,2
42,20,E,menyen,5,1
42,21,NO,noäre,4,1
42,22,DI,diore,2,1
42,23,NK,nökrenkä,2,1
42,24,UT,ütaene,2,1
42,25,BR,breare,1,1
42,26,DM,dobomününen,1,1
42,27,MA,mädonare,1,1
42,28,OB,öböbure,1,1
42,29,OR,orebare,1,1
43,0,GA,goela,1635,21
43,1,BA,bumumbpa,1385,24
43,2,FD,fididifididi,1244,19
43,3,BF,buluma,1241,20
43,4,GG,guilebe,800,8
43,5,BE,belinbelin,404,8
43,6,AG,magne,254,4
43,7,SA,skaska,178,4
43,8,AN,gianogiano,167,6
43,9,GE,gembongmbagne,165,9
43,10,TA,guenebe,161,4
43,11,BJ,bianebiane,89,2
43,12,GD,gidanaginde,73,3
43,13,EE,elendselends,60,2
43,14,AT,patsang,50,4
43,15,GT,giantfegiantfe,50,1
43,16,AD,madsmads,49,3
43,17,GI,ginina,46,2
43,18,GS,gosanoga,43,3
43,19,TN,tinde,36,1
43,20,DB,dobeledobele,14,1
43,21,MB,mbeyambeya,11,1
43,22,NG,ngenene,10,1
43,23,MN,manonmanono,9,1
43,24,BB,bibubibu,3,2
43,25,TS,tsitsi,3,1
44,0,NA,nilea,1609,25
44,1,KE,kërea,1065,23
44,2,PO,podri,1060,22
44,3,LA,lal,585,22
44,4,HE,hërdi,516,23
44,5,RE,rëg rëga,502,19
44,6,SA,saped,413,10
44,7,DH,dhosea,407,19
44,8,SM,semi,372,17
44,9,CU,curi,264,13
44,10,GU,gulapi,131,8
44,11,HA,hëra,128,8
44,12,PI,pila,106,7
44,13,SU,supari,96,4
44,14,KA,kala,86,8
44,15,KO,kosea,81,5
44,16,KP,kaca potrea,57,4
44,17,KZ,këta,57,1
44,18,CI,cui,51,3
44,19,UJ,ujër,47,4
44,20,PA,palis,37,3
44,21,KL,kali,36,1
44,22,PH,phokua,25,3
44,23,KT,kot,17,1
44,24,UA,uanis,17,1
44,25,KW,këtha,14,2
44,26,PR,pëtrëgi,12,1
44,27,KU,kumbucea,11,1
44,28,KH,khëpra,10,3
44,29,MT,mati,6,2
44,30,PZ,pani,6,1
44,31,GO,gota,5,1
44,32,HX,hara,5,1
44,33,ML,militri,5,1
44,34,PG,pagu guda,5,1
44,35,TI,tilea,5,1
44,36,KK,këthara,4,1
44,37,MA,matea,4,1
44,38,PK,pulis kot,4,1
44,39,PN,pan,4,1
44,40,RC,rëge ci,4,1
44,41,JA,jamun,3,1
44,42,KN,khun,3,1
44,43,KS,kësa,3,1
44,44,PU,phul,3,1
44,45,PW,pika,3,1
44,46,SB,sërbëd,3,1
44,47,BM,borën mali,2,1
44,48,BZ,badëm,2,1
44,49,KR,kurta,2,1
44,50,KV,kemlin,2,1
44,51,LL,lalea,2,1
44,52,SZ,siae,2,2
44,53,TU,tus,2,1
44,54,BD,bëdami,1,1
44,55,BE,bërën,1,1
44,56,BH,bhosea,1,1
44,57,JE,jëmud,1,1
44,58,JH,jhapra,1,1
44,59,KD,kumda,1,1
44,60,KM,këmiz,1,1
44,61,KY,kalea,1,1
44,62,PL,polis,1,1
44,63,PP,pita,1,1
44,64,PS,pana,1,1
44,65,PT,potrëgea,1,1
44,66,PX,pilpili,1,1
44,67,RD,reoda,1,1
44,68,RM,rëg mati,1,1
44,69,SI,siai,1,1
45,0,Y,yashniʔ,2854,25
45,1,TSA,,1164,25
45,2,M,man,882,25
45,3,O,oakniʔ,819,25
45,4,MO,morado,597,15
45,5,TSO,,581,25
45,6,A,azul,475,11
45,7,T,tʔunuy,327,25
45,8,MU,muyakʔ,269,10
45,9,I,ikikil,183,7
45,10,TO,tʔunkio,84,2
45,11,MY,man/yashiniʔ,1,1
46,0,NT,nateaic,1850,25
46,1,AZ,azul,1492,25
46,2,MR,morada,931,23
46,3,RO,rosada,675,24
46,4,ML,maril,674,25
46,5,RA,raan,640,25
46,6,NC,nacants,593,25
46,7,CH,chiup,458,23
46,8,MB,nambeor,297,23
46,9,IT,iut,204,20
46,10,CF,cafe,158,17
46,11,CR,caracol,151,8
46,12,NA,naranjada,68,10
46,13,VN,vino,22,4
46,14,NJ,najpos,17,5
46,15,NM,nacant-maril,17,3
46,16,PL,plomo,2,2
47,0,MA,matamatagina,2177,25
47,1,YG,yagoyagona,1493,25
47,2,KW,kwayakwayana,1191,25
47,3,YB,yabeyabelina,1186,25
47,4,KU,kukwauhina,966,24
47,5,BW,bowabowana,356,17
47,6,HW,howahowana,181,8
47,7,UU,uyu'uyuya,113,10
47,8,LA,lu'auna,80,5
47,9,LI,likelikena,66,3
47,10,MH,mahamahalina,53,4
47,11,SS,siyosiyona,34,2
47,12,TO,toto,27,1
47,13,WA,wavana,27,4
47,14,LL,lulu'abelana,25,1
47,15,BB,bubuwalina,20,2
47,16,DA,daladalana,17,2
47,17,MD,medalina,17,1
47,18,AW,awatatagina,15,1
47,19,IW,iwa'iwalona,15,2
47,20,WD,wedawedalina,13,2
47,21,DD,damadamana,12,2
47,22,LZ,luvebuhuwalina,10,3
47,23,KL,kalekalewana,9,1
47,24,DE,dewedewelina,8,2
47,25,UF,ufewa,8,2
47,26,HH,luhenahenalena/luvehenahenalena,7,1
47,27,GG,guluguluwa,6,1
47,28,YZ,yagobuhuwalina,6,1
47,29,BG,bogibogina,5,1
47,30,KN,kinikiniwana,5,2
47,31,MK,makamakayana,5,1
47,32,YE,yegayegana,5,1
47,33,KE,kewakewalina,4,1
47,34,KS,makaisena,4,1
47,35,LK,luvekabu,4,1
47,36,GO,gologolohina,3,1
47,37,KI,kilikiliwana,3,2
47,38,LO,lovalovanina,3,1
47,39,BK,bokaliya,2,1
47,40,ML,mali,2,1
47,41,VE,luve'a,2,1
47,42,BA,bwanebwanenena,1,1
47,43,BH,bwahabwaha,1,1
47,44,HI,hiyohiyo,1,1
47,45,LF,lu'afu,1,1
47,46,LU,luve'ahatata,1,1
47,47,NM,namanamalina,1,1
47,48,SI,si'una,1,1
47,49,UM,uma'umalovanina,1,1
48,0,MD,mad(mad)lang,1331,25
48,1,MA,ma(ka)blah,1216,25
48,2,AN,andeket,1095,25
48,3,BG,bagiw,470,15
48,4,EM,"meatta, ematta",465,14
48,5,KI,kinunid,295,14
48,6,ML,malulaw,262,16
48,7,BU,blue,153,2
48,8,BL,binlah,147,9
48,9,BA,ballanbang,112,5
48,10,BI,bila,62,4
48,11,MG,mailag,49,2
48,12,MN,melineng,40,2
48,13,KN,k(in)ulelaw,37,5
48,14,AM,ampuhyaew,35,8
48,15,NN,nandilan,27,2
48,16,NP,nandepul,14,1
48,17,HN,hinimbang,2,1
48,18,PI,pinuyek,2,1
48,19,BE,belbellahan,1,1
48,20,KM,kamangkedulaw,1,1
48,21,PP,pulpullaan,1,1
49,0,PR,prainan,2222,25
49,1,PA,paridnan,1518,25
49,2,YW,yh-iuwinan,1391,25
49,3,WH,wh-isinan,1066,24
49,4,WI,w-irnan,996,25
49,5,WA,wabs-inan,470,16
49,6,OP,ops-inan,363,21
49,7,SI,siiyam,187,13
49,8,SH,shu,27,3
49,9,SU,suparnan,8,2
50,0,S,tsu,1161,10
50,1,J,je,687,10
50,2,P,pje,616,10
50,3,L,lu,557,9
50,4,E,te,185,8
50,5,T,tsjalam,54,6
50,6,JA,jasa,19,1
50,7,U,upju,9,1
50,8,JO,josca,6,3
51,0,T,tund,1358,25
51,1,M,muk,1355,25
51,2,K,minj-kimemb,1340,25
51,3,L,likan,1092,23
51,4,W,walin,981,24
51,5,S,mosimb,452,15
51,6,Y,maym,297,13
51,7,E,sapay,262,11
51,8,B,sambiy-arjgin/sambiy-kas,169,10
51,9,G,gach,115,4
51,10,A,anjerj-ay,110,8
51,11,I,milip,97,3
51,12,Q,wilik,79,7
51,13,O,am,65,5
51,14,H,kochir-kas,46,3
51,15,J,jikiw,43,2
51,16,C,kakiy,33,1
51,17,NI,ninim,32,1
51,18,D,sirak,28,1
51,19,MM,mon-kas-milip,27,1
51,20,SI,singiy,27,1
51,21,KY,kayirjg,26,1
51,22,V,kim-anjani,21,1
51,23,TS,tun-silikip,20,1
51,24,N,kinak,18,3
51,25,GG,nigg-wilik,17,1
51,26,GK,gusay-kas,13,1
51,27,NO,nolim,12,1
51,28,PK,pik,12,3
51,29,TN,tun | tun-silikip,10,2
51,30,NK,nirrjg-kawan,7,1
51,31,U,waynal,7,2
51,32,YO,yolow,6,1
51,33,JI,jinjimb,5,1
51,34,NM,nikim,5,2
51,35,MA,maling-kas | maling-pambil,4,1
51,36,MX,minj-kas-milip,4,1
51,37,GJ,gambing,2,1
51,38,KA,kamb-am,2,1
51,39,TK,takay,2,1
51,40,TP,takip,2,1
51,41,AL,alnam,1,1
51,42,AY,ayndand,1,1
51,43,GD,gund,1,1
51,44,GY,gambiy,1,1
51,45,KG,kum-gip,1,1
51,46,KI,kirin,1,1
51,47,KK,kirjak,1,1
51,48,KL,kinal,1,1
51,49,KS,kosip,1,1
51,50,KW,kawomb,1,1
51,51,ME,mes-kas,1,1
51,52,MK,mon-kas | mon-kas-milip,1,1
51,53,MP,man-pik,1,1
51,54,NN,nin,1,1
51,55,NW,nawim,1,1
51,56,PI,pinuw,1,1
51,57,PW,pik-wip,1,1
51,58,PY,parey,1,1
51,59,TO,tomb,1,1
51,60,WO,woray,1,1
51,61,WP,wolipay,1,1
51,62,YG,yindik-gambinj,1,1
51,63,YI,yirjgam,1,1
51,64,YM,koyminmin,1,1
51,65,YU,yunf,1,1
52,0,YA,yafasi'na,1715,25
52,1,KO,koranke,1109,25
52,2,MO,movege,984,25
52,3,EF,efeke,923,25
52,4,KA,kaninkruke,885,25
52,5,HG,higo'ge,497,15
52,6,HA,haninke,491,20
52,7,HO,hokonke,352,20
52,8,NU,nunumeke,264,6
52,9,KU,kunke,243,13
52,10,FI,fitu,125,8
52,11,HI,hinunke,86,13
52,12,AG,agamunke,84,5
52,13,KR,krogronke,84,4
52,14,MS,masage,74,6
52,15,KI,kipanke,59,1
52,16,TA,taninke,44,5
52,17,TP,tap,41,1
52,18,PS,paseke,40,4
52,19,KG,kagu,30,1
52,20,AV,avoke,20,2
52,21,KF,kahef'a,20,3
52,22,OS,osqpake,19,2
52,23,KN,kanupase,15,1
52,24,FU,fumi,13,1
52,25,FN,funemune,10,1
52,26,KE,kepaseke,8,1
52,27,TV,tavatage,7,2
52,28,AF,afu,2,1
52,29,KS,kasefake,1,1
52,30,PK,pike,1,1
52,31,VS,vasage,1,1
53,0,T,tyre,3461,19
53,1,I,iso,1213,19
53,2,U,iura | ura,607,19
53,3,B,ilyby,470,19
53,4,K,ikura | kura,261,9
53,5,Q,idy,223,19
53,6,O,bure,11,5
53,7,A,lyra,1,1
53,8,L,lyby,1,1
54,0,KN,kinege,1336,25
54,1,KL,klaut,1265,25
54,2,DS,di suaki,1142,20
54,3,JJ,yangu,1125,25
54,4,SG,se guo,992,24
54,5,KK,kiki,826,22
54,6,BB,bom,405,15
54,7,NE,di nekuoy,64,6
54,8,LU,wolu,53,3
54,9,UU,bu,40,2
54,10,WE,weng,40,5
54,11,UT,ut knuim,37,4
54,12,KU,kuim,36,5
54,13,WO,woy,29,5
54,14,UN,un mley,28,1
54,15,BL,blong,19,3
54,16,SU,sung,18,1
54,17,DE,degit,12,2
54,18,KS,kawoy,11,4
54,19,SM,sam,11,1
54,20,NG,negloug,6,1
54,21,BU,blou usum,3,1
54,22,IR,irobi,1,1
54,23,WI,win,1,1
55,0,N,nia,1892,24
55,1,D,dhawa,1161,25
55,2,L,lal,1118,25
55,3,J,dzamda,1046,22
55,4,P,piwa,850,25
55,5,K,kaa,727,25
55,6,B,bhgwa,405,14
55,7,T,tapsra,365,19
55,8,G,gulala,318,18
55,9,R,bhra,187,10
55,10,H,urua,181,8
56,0,BB,bombon,2479,25
56,1,AF,maman,2128,25
56,2,TS,pipin,1774,25
56,3,GA,yaankal,1000,21
56,4,DC,diyun,168,9
56,5,SD,siin,108,8
56,6,KO,nkonyun,105,4
56,7,WR,pupuk,91,3
56,8,BA,kunii,86,13
56,9,CH,choy,58,1
56,10,BK,kinimbilik,51,1
56,11,TU,nituur,36,1
56,12,WW,waewae,29,2
56,13,PT,nipiituur,26,1
56,14,PP,piyilepaar,21,1
56,15,CD,kikal,20,3
56,16,WE,ntikpinyun,18,1
56,17,GG,gungun,11,3
56,18,TT,tintin,11,1
56,19,CR,puichar,1,1
57,0,G,grin,1861,24
57,1,BL,blu,1514,25
57,2,W,wait,829,24
57,3,PP,pepul | peipul,765,21
57,4,BR,bran,623,24
57,5,P,pingk,583,22
57,6,Y,yela,541,24
57,7,R,red,518,24
57,8,B,blek,366,23
57,9,GR,grei,298,18
57,10,O,orinj,218,21
57,11,D,dak,50,4
57,12,SI,silva,11,2
57,13,L,lait,7,1
57,14,DJ,djaklat,6,1
57,15,SH,shaini,6,2
57,16,S,straberi,4,1
57,17,DG,dakgrin,3,3
57,18,B2,dakblu,1,1
57,19,B3,laitblu,1,1
57,20,DB,dakblek,1,1
57,21,GB,grinblu,1,1
57,22,K,kalad,1,1
57,23,LO,laitorinj,1,1
58,0,RK,burrkul,1351,17
58,1,G,ngumbu,1234,20
58,2,I,bingaji,1131,20
58,3,N,ngala-ngala,1015,20
58,4,K,kayal,764,13
58,5,A,janbal,252,6
58,6,L,kulbul,155,8
58,7,D,dayirr,131,4
58,8,U,wuba,113,5
58,9,W,wamumu,92,4
58,10,J,jurrbill,70,3
58,11,X,jiri,22,1
58,12,Q,kambal-kambal,9,3
58,13,B,kabu-kabu,3,1
58,14,M,mirrbanka,1,1
58,15,O,mula-mula,1,1
59,0,AR,arad/arrad,1741,25
59,1,CB,chibud/chibu/chipu,1003,25
59,2,GU,guduregiid,892,24
59,3,GO,kologwad/koldigiid,812,25
59,4,BU,burugwad/-at/buregiid,594,20
59,5,GN,kinnid/ginid,587,25
59,6,CC,chichid,327,25
59,7,AL,alulugwad,221,15
59,8,GS,gisigwad/-at,151,6
59,9,SA,sabgale/chabgale,151,11
59,10,BG,bugwagiid,129,8
59,11,CH,chiagiid/chiagit/chigid,86,11
59,12,GW,gwiliabgan,59,6
59,13,DU,dudumol,42,6
59,14,WU,gwalu,33,3
59,15,IS,islubgiid,31,3
59,16,UA,uarigid,30,1
59,17,AG,agdir,25,2
59,18,BR,buringiid,18,4
59,19,DI,diguargid,15,2
59,20,MM,madunmol,14,2
59,21,CU,curasao,7,2
59,22,UR,urwa,7,1
59,23,AI,aidirgwagid,5,2
59,24,CG,chabgan,5,2
59,25,NI,nichal,5,2
59,26,AN,arrichabi,4,1
59,27,DD,dulu,4,2
59,28,SU,suir,4,1
59,29,CI,chuili/chuiri,3,1
59,30,DL,dulbul,3,3
59,31,BA,badu,2,1
59,32,MG,mageb,2,2
59,33,ML,malina,2,1
59,34,MO,mommo,2,1
59,35,UB,ubchan,2,1
59,36,AU,aur,1,1
59,37,BL,bule,1,1
59,38,BO,boledigi,1,1
59,39,BZ,butual,1,1
59,40,GG,gwagwacha,1,1
59,41,NS,nisalgid,1,1
59,42,OT,otomana,1,1
59,43,UM,urma,1,1
59,44,YI,yis,1,1
60,0,IC,icem,2708,25
60,1,AS,asiram/aherem/arem/karam,2365,25
60,2,NK,nokonum,1950,25
60,3,KI,kainanesenum,384,16
60,4,KO,korsekwarum,224,5
60,5,MS,masibucinom,127,6
60,6,KE,kekers,95,2
60,7,KM,kamesekotewenum,89,2
60,8,KC,kacenum,86,5
60,9,IU,isuwukunupanim,45,3
60,10,KR,kakarenum/karetam,39,3
60,11,TI,tintim,34,1
60,12,US,unsenum,34,2
60,13,IR,icarinum,26,1
60,14,SI,sinarem,21,1
60,15,IK,ikunukunum,14,1
60,16,AW,awanenum,2,1
60,17,EW,ewum,2,1
60,18,PT,potam,2,1
60,19,CM,cimeru,1,1
60,20,IS,isukunuk,1,1
60,21,WI,waiyekwenum,1,1
61,0,LE,bole(di),1362,15
61,1,DU,induwa,643,15
61,2,WI,wile(di),563,15
61,3,RE,bore,509,15
61,4,ND,bondo,257,12
61,5,BL,mabli,67,4
61,6,SU,busu,66,3
61,7,DI,oredi,37,2
61,8,RG,gargu,35,4
61,9,YO,(n)jog(n)yo(n),29,4
61,10,DB,dobro,25,3
61,11,JU,moju,15,3
61,12,UB,ndubango,15,2
61,13,BR,kubra mono,9,4
61,14,MI,mili,8,3
61,15,BA,bala,2,1
61,16,PA,pajiro,1,1
61,17,TD,tondu,1,1
61,18,WA,wala,1,1
62,0,ZE,zeoo/zeaa,1597,24
62,1,SA,sabilli,1570,24
62,2,PE,peelli,927,24
62,3,BU,bulu,724,20
62,4,PU,pupuka/pupuku,513,20
62,5,BI,biangkoom,512,21
62,6,PP,pirihiri,404,12
62,7,DO,dozum,337,20
62,8,GA,gaanni,121,4
62,9,ZK,zekamvoo,102,7
62,10,WG,waying,99,5
62,11,FZ,faa/faahri,81,5
62,12,AA,da'a,37,3
62,13,KG,kpaying,37,6
62,14,DT,ditti,34,4
62,15,TI,tivaari,34,2
62,16,WU,wuying,34,3
62,17,SI,susobri,30,5
62,18,DA,daffa,28,2
62,19,WI,wulling,28,2
62,20,TA,tangkpoo,27,1
62,21,PT,pitti,26,3
62,22,GZ,gaying,18,4
62,23,KA,kangwa,18,2
62,24,SK,sulimpeaakoom,17,2
62,25,TM,timm,17,1
62,26,PZ,putti,16,1
62,27,IG,biing,13,1
62,28,SE,seem,11,1
62,29,SG,saying,10,3
62,30,EE,beela,8,1
62,31,BZ,binabina,7,2
62,32,PL,pillihili,7,1
62,33,BB,birimbiin,6,1
62,34,BT,bitti,6,3
62,35,DH,dirihiri/dirhga,6,1
62,36,WW,wula-wula,6,2
62,37,IN,inki,5,2
62,38,PH,puhugu,5,1
62,39,DM,dimm,4,1
62,40,FY,faying,4,1
62,41,GG,ganagana,3,2
62,42,PM,piri-mangni,3,1
62,43,WH,wulhiri,3,1
62,44,WR,wurhri,3,1
62,45,LB,libi-lib,2,1
62,46,TP,tampie'alim,2,1
62,47,WL,walaying,2,1
62,48,YI,wuyii,2,1
62,49,ZZ,zimizim,2,1
62,50,AL,aloori,1,1
62,51,BM,bimm,1,1
62,52,BW,bugwulli,1,1
62,53,BY,bakyekoon,1,1
62,54,DF,duffu,1,1
62,55,DK,daka,1,1
62,56,FX,faaya,1,1
62,57,GB,gbilnggi,1,1
62,58,GN,gana,1,1
62,59,GR,gyigyiri,1,1
62,60,GY,gyera,1,1
62,61,KO,kyoo,1,1
62,62,KW,kyaaw,1,1
62,63,KY,kyaua,1,1
62,64,KZ,kpazum,1,1
62,65,LL,limlim,1,1
62,66,LO,loora,1,1
62,67,LR,lorga,1,1
62,68,NN,na'a-na'a,1,1
62,69,PB,pupuba,1,1
62,70,PI,pirsin,1,1
62,71,RO,ropiyaden,1,1
62,72,SB,sangbongo,1,1
62,73,SN,sangmanga,1,1
62,74,SO,wobga,1,1
62,75,SP,saapa'ada'ari,1,1
62,76,SZ,sunsukku-ni,1,1
62,77,TZ,tepp,1,1
62,78,YO,yolli,1,1
63,0,GI,gi,1660,25
63,1,ME,meeki,1362,25
63,2,MU,muk,1179,22
63,3,AR,aruai,1154,24
63,4,GE,geeny,754,18
63,5,BA,bai,616,19
63,6,PE,pe,378,10
63,7,SE,seereeb,343,18
63,8,GA,gona,197,7
63,9,KW,kawena,163,5
63,10,PN,pen,107,4
63,11,KA,ka,56,1
63,12,KG,kidag,53,2
63,13,KL,kalom,38,4
63,14,KK,keenyak,33,4
63,15,MK,meenyaka,30,1
63,16,KE,kaweel,28,3
63,17,SA,suiya,26,2
63,18,PI,peekeesi,16,1
63,19,BI,banangoi,15,1
63,20,SO,suiyo,15,1
63,21,PK,peek,7,3
63,22,PL,pejeel,5,3
63,23,BY,banyaboy,4,1
63,24,MN,meenyman,3,1
63,25,BO,bo,1,1
63,26,GB,gapeekaiwub,1,1
63,27,KY,kayuna,1,1
63,28,MA,meenya,1,1
63,29,RA,rabapo,1,1
63,30,RD,rungwada,1,1
63,31,RG,rungwa,1,1
64,0,M,maru-maru,2147,25
64,1,I,miji-miji,1551,25
64,2,Y,yukuri-yukuri | yakuripiti,1418,23
64,3,P,piila-piila,975,21
64,4,A,parnaly-parnaly,358,14
64,5,K,karntawarra,308,16
64,6,N,ngarnka,188,8
64,7,WR,warla,148,2
64,8,Q,karrku,138,2
64,9,MU,munga-turrkatingu | mungapuru | mungarr,112,6
64,10,T,martaly-martaly | martar | martarr-martarr | martarrpilyilyi,88,6
64,11,NI,ngintarlpa,81,1
64,12,G,puwalypa,58,1
64,13,PY,puyurr-puyurr,58,3
64,14,S,juurlkarr,56,1
64,15,X,mirta-mirta,56,3
64,16,U,pujurr,51,5
64,17,J,jupirr-jupirr,40,3
64,18,WA,unknown,34,1
64,19,RR,rarrpa | rarrpantarlpa,32,3
64,20,W,wira,31,2
64,21,D,karrukalkalka,29,1
64,22,V,karranjiyal,28,1
64,23,R,jurnpaly-jurnpaly,25,2
64,24,KR,kayarraninpa,22,1
64,25,YA,yari,22,2
64,26,KL,kalyu,19,1
64,27,JT,jurturr-jurturr,18,1
64,28,Z,kuwiyarlpa,18,1
64,29,F,kuunypa,15,1
64,30,C,ruka-ruka,12,1
64,31,KZ,karrpu-wati,8,1
64,32,KP,kata-pawulanta,5,1
64,33,L,purlangkanu,5,1
64,34,LA,langa,5,1
64,35,NT,ngartan ngartan,4,1
64,36,O,yungan-yungan,4,1
64,37,ZZ,unclear,3,3
64,38,B,munyjulpa,2,1
64,39,H,kiyarr-kiyarr,2,1
64,40,KX,karlka-karlka,2,1
64,41,KG,karawangarlpa,1,1
64,42,PJ,parrjunu,1,1
64,43,PN,pana,1,1
65,0,N,nino,2295,25
65,1,U,udzuo,1113,25
65,2,R,bhuro,1087,24
65,3,F,rato,1065,25
65,4,P,pino,855,24
65,5,K,kauo,800,25
65,6,J,dzabo,799,23
65,7,G,gulala,201,9
65,8,T,tamkhi,35,5
66,0,U,umu,3099,25
66,1,P,piu,2723,25
66,2,S,ushu,1333,25
66,3,C,chëshe,1094,24
67,0,CN,canga/cangu,1301,23
67,1,MR,morago,709,21
67,2,IX,ixi/ixpa,706,23
67,3,CX,cajxtu,680,25
67,4,MZ,mbezheje/mbexe,623,21
67,5,TX,toxu/tosu,582,25
67,6,AL,azul,566,18
67,7,VE,verde,557,16
67,8,CA,cafe/capje,333,24
67,9,MB,mbaja,282,24
67,10,LM,limu,250,16
67,11,PT,potju,220,25
67,12,CP,cjipobu,194,14
67,13,RO,rosa,165,13
67,14,NR,naraja,148,19
67,15,JX,cjexi/cjoxu,127,9
67,16,ZI,zixi,114,2
67,17,PX,poxu/posu,104,12
67,18,XJ,xicqua,96,6
67,19,JR,jnoro,64,2
67,20,GU,guinda,62,12
67,21,LA,lila,62,3
67,22,CI,cje'i,48,5
67,23,DY,dyaza,39,6
67,24,CB,cjembochjo,30,2
67,25,RM,crema,29,5
67,26,GR,gris,15,9
67,27,JS,jense,11,3
67,28,NG,nguenchajxu,11,1
67,29,MA,mamey,10,2
67,30,DM,ndamose,8,1
67,31,TU,tjunmju,7,3
67,32,ZO,nuzo'o/zo'o,7,1
67,33,CL,cural,6,2
67,34,MS,mbansu,6,1
67,35,PL,plomo,5,1
67,36,VN,vino,5,2
67,37,XN,xunijomu,5,2
67,38,XO,xiom,4,1
67,39,CH,chocolate,3,1
67,40,JO,cjoro,3,1
67,41,LN,lancji,3,1
67,42,SF,solferino,3,1
67,43,TR,tropa,3,1
67,44,TJ,tostjo,2,1
67,45,FR,franqueza,1,1
67,46,HU,huaru,1,1
67,47,NJ,nrreje,1,1
67,48,PA,paxla,1,1
67,49,PE,pejo,1,1
67,50,RJ,rojo,1,1
68,0,SU,suse,1734,22
68,1,VE,verde,1005,17
68,2,MO,moradu,989,24
68,3,SI,sine,927,25
68,4,TI,tiava,689,25
68,5,HA,hani,605,25
68,6,RO,rosa,589,21
68,7,AL,azul,581,18
68,8,CH,cha,452,22
68,9,JM,jima,400,24
68,10,HI,hisu,122,15
68,11,CF,cafe,65,8
68,12,YD,yinda,33,4
68,13,NH,nacha-hani,27,8
68,14,PL,plomo,16,1
68,15,NN,naxu-nguisu,4,2
68,16,MA,mamey,2,1
68,17,PJ,peju,1,1
68,18,SO,solferino,1,1
69,0,HO,hiowätäqä,2556,25
69,1,KP,kapaiqä,1186,25
69,2,AG,hängecäqä,1070,25
69,3,HI,hiawiqä,906,25
69,4,IP,ipicäqä,468,18
69,5,WQ,waquicäqä,468,25
69,6,HW,hiwicäqä,383,19
69,7,HT,hatäqä,330,17
69,8,KU,kukuatäqä,191,7
69,9,EG,henguaningä,121,4
69,10,EN,eñäqä,99,9
69,11,AY,ayä,84,5
69,12,YA,yaicäqä,59,1
69,13,YQ,yäququaningä,48,6
69,14,HP,hipätuwä,8,2
69,15,TG,tungkuatäqä,1,1
70,0,E,eewneeg,1581,25
70,1,S,stognamugist,1377,22
70,2,W,wapeeg | wapi,372,25
70,3,M,megweeg,317,25
70,4,G,magtaweeg | magtawi,267,25
70,5,I,wisaweeg | wipi,252,21
70,6,T,watapteg,236,23
70,7,U,purplewit | purple | amuug,230,7
70,8,K,pinkwit | pink,193,7
70,9,B,brownwit | brown,82,7
70,10,J,jijuagatammna,46,8
70,11,O,orange,26,3
70,12,A,greywit | grey | am,22,5
70,13,X,mogopaagua,9,3
70,14,BE,beige,7,1
70,15,NS,nisgan,6,1
70,16,Y,laglem,6,2
70,17,Q,amimgweeg/amimgwamuug,5,1
70,18,VI,violet,4,2
70,19,MA,marrone,3,1
70,20,P,plamu,3,1
70,21,F,msigu,2,1
70,22,L,gesimgweeg,2,2
70,23,N,eewnamung,2,1
70,24,H,mewtepeg | mew,1,1
70,25,IN,ingwa,1,1
70,26,LI,lime,1,1
70,27,PG,pguman,1,1
70,28,PM,plamug,1,1
70,29,YE,yellow,1,1
71,0,HO,honotbi,2897,25
71,1,KI,kitisci,1231,25
71,2,BA,babi,1030,25
71,3,LA,lakni/lahn,959,25
71,4,SO,sopatfi,744,25
71,5,OK,okcakwi,402,9
71,6,HA,hatki,289,25
71,7,LO,loːci,264,22
71,8,CA,caːkli,253,19
71,9,YA,yalaːhi,126,15
71,10,KO,koːsi,28,3
71,11,LI,limoːnoːci,21,3
71,12,KK,koːki,5,2
72,0,1,kwii,2672,25
72,1,2,kwaa,970,25
72,2,3,kwisi,893,24
72,3,5,tikweʔe,722,25
72,4,6,muradu,665,21
72,5,8,zhaa,466,18
72,6,7,kafee,366,20
72,7,4,tuu,342,23
72,8,15,azul,279,8
72,9,10,ita-rosa,238,15
72,10,9,zhaʔa,230,11
72,11,12,ndzhiʔi,173,7
72,12,11,tituu,69,11
72,13,19,nuru,29,3
72,14,17,guinda,21,2
72,15,20,naranjado,21,1
72,16,16,gris,11,1
72,17,21,ita-yoo,5,1
72,18,18,naranja,4,2
72,19,24,zhaa-kwisi,3,1
72,20,29,kwii-ndzhiʔi,3,1
72,21,22,meku,2,1
72,22,23,kwii-zhaa,1,1
72,23,25,ndzhiʔi-tikweʔe,1,1
72,24,26,ndzhiʔi-zhaa,1,1
72,25,27,zhaa-zhaʔa,1,1
72,26,28,tikweʔe-ita-rosa,1,1
72,27,30,tikweʔe-zhaa,1,1
72,28,31,ita-rosa-tikweʔe,1,1
73,0,S,sulusulu,1907,18
73,1,I,biribiri,1348,18
73,2,U,bubu,820,16
73,3,N,nzenze,617,10
73,4,D,didiki,507,12
73,5,G,gbaugbau,311,7
73,6,X,ngbanga,192,2
73,7,B,ambeambe,89,3
73,8,R,remberembe,53,2
73,9,T,buturu,51,2
73,10,A,sawule,24,1
73,11,Z,nzembele,21,1
74,0,A,a(3)hoa(3)saa(3)ga(1),2383,25
74,1,K,ko(3)biai(3),2134,25
74,2,B,bi(3)i'sai(3),2072,25
74,3,BI,bio(3)pai(2)ai(3),1648,25
75,0,C,colai,2492,25
75,1,R,rege,1255,25
75,2,G,gidang,1214,25
75,3,MA,maan,888,25
75,4,ME,meeri/meri,724,25
75,5,V,vɔɔr,701,23
75,6,K,koli,576,22
75,7,N,nyapus,205,5
75,8,Z,zole,116,9
75,9,J,jaloc/jaloic,31,2
75,10,D,dale,19,2
75,11,NY,nyapazoc,11,1
75,12,L,lelem,3,1
75,13,W,megerwa,1,1
76,0,A,bamam | bamamka,1535,25
76,1,H,thipman | thipmanka,1446,25
76,2,W,wudanil | wudandarriwil | wudandarriwu | wudanthewa | wudankawu | wudankawil | wudanwuwu | wudanthewu,1380,24
76,3,T,tumanka | tupmanka,991,19
76,4,U,bukmantharr | bukmanka,990,25
76,5,N,ngatin,807,21
76,6,I,wipmanarri | wipmanka,365,15
76,7,R,trangka,292,8
76,8,G,ngirrwu,197,7
76,9,K,kabat,91,5
76,10,D,dirrmu,51,1
76,11,DR,denturr,19,1
76,12,DA,damkalarrang,17,3
76,13,Q,wuwunka,14,2
76,14,GU,mamguguth,13,1
76,15,O,kanthi,13,2
76,16,Y,yibimtamka,12,1
76,17,S,tililtililmam,7,1
76,18,P,punhpush,5,1
76,19,DW,dewu,1,1
76,20,ZZ,ngatinka,1,1
77,0,W,wɔɔ/wɔ,5082,29
77,1,N,nye/nyie,2757,29
77,2,F,finge,1550,29
77,3,B,bubuo,173,13
78,0,SO,shoshoktik,412,6
78,1,NE,neshtik,397,6
78,2,MO,morado,274,6
78,3,IS,istak,219,6
78,4,KO,kostik,216,6
78,5,CI,chichiltik,146,6
78,6,TL,tliltik,124,6
78,7,KA,kafentik,72,5
78,8,TE,teneshtik | teteneshtik,48,3
78,9,R,rosa,32,1
78,10,TA,tlaltik | istalehuatik,25,2
78,11,NA,naranjado,3,1
78,12,IL,istal,2,1
78,13,KC,kacen,2,1
78,14,KN,kaneshtik,1,1
78,15,SA,sakate,1,1
79,0,M,moxooso,2748,25
79,1,B,boora,1375,25
79,2,S,tsiiho,1167,25
79,3,F,furaana,1123,25
79,4,T,tsipi,828,25
79,5,J,jutohfu,749,25
79,6,JM,jamiivi,178,11
79,7,O,otii,38,4
79,8,U,uxaanhun,38,3
79,9,JB,jubojoh,1,1
79,10,JU,juudso,1,1
80,0,C,ciidagi,3623,25
80,1,I,iibhaimagi,1100,24
80,2,O,'oam,954,25
80,3,T,toha,586,24
80,4,W,wigi,495,25
80,5,Z,wigium,425,23
80,6,U,cuk,297,25
80,7,K,koomagi,168,21
80,8,M,muhadagi,109,11
80,9,Q,kubju,81,9
80,10,A,'a-niilmagi,68,1
80,11,N,nalas,32,4
80,12,IW,'liwagi,30,1
80,13,B,biitmagi,22,2
80,14,D,cidhaiwagi,18,4
80,15,H,cu.huñ,15,4
80,16,S,suklato,15,2
80,17,CO,coko-laadimagi,13,1
80,18,TO,to'owagi,7,1
80,19,KO,komhaimagi,6,1
80,20,MI,mataimagi,6,1
80,21,WA,wakumagi,5,3
80,22,L,luuya,4,2
80,23,KA,ka-huimagi,2,2
80,24,CK,cukmagi,1,1
81,0,N,niyuu,2064,24
81,1,HI,hi,1192,24
81,2,K,kwem,1061,24
81,3,Z,zang,917,24
81,4,B,bilu,789,16
81,5,V,viliac,708,24
81,6,P,pipuu,74,3
81,7,M,makiban,49,7
81,8,G,guva,48,1
81,9,NI,nipaha,19,1
81,10,MT,matuc,18,2
81,11,MH,mahizeac,8,1
81,12,MC,mapilepac,2,1
81,13,MU,mapuhu,1,1
82,0,W,gwrahna,2616,20
82,1,E,se-wa,1188,20
82,2,K,ka-ma-sa,938,20
82,3,P,pawa,895,20
82,4,O,sonkua,475,19
82,5,A,sa-ka,380,9
82,6,B,boni,72,8
82,7,BR,broni,18,4
82,8,M,mora,5,1
82,9,PO,pompiona,4,2
82,10,WK,weka,4,1
82,11,J,pompoponioj,3,1
82,12,S,succua,2,1
83,0,DD,didiki,848,14
83,1,SA,sonaa,793,14
83,2,SK,sukuta,748,13
83,3,DE,de/dei,652,13
83,4,HW,hwe,524,11
83,5,PE,pedaa,291,9
83,6,HS,hosowa,239,13
83,7,TK,teka/tekai,218,8
83,8,HU,hukutu/hukudu),110,4
83,9,DK,dokwa,56,2
83,10,SE,se,54,2
83,11,U,tukusi,47,1
83,12,HK,hokodo,16,1
83,13,M,sukuma,9,1
83,14,BD,bodu,5,1
83,15,S,sa,3,1
83,16,BP,bapu,1,1
83,17,K,kuake,1,1
84,0,GU,guun,2015,25
84,1,WE,weti,1048,25
84,2,KO,kooko,732,24
84,3,BA,baau/baao/blau,630,23
84,4,BE,be,620,25
84,5,JF,jaifi-folo,591,22
84,6,BK,baaka,541,25
84,7,GS,gunsi,329,15
84,8,KG,kuwa-uwi-guun,239,16
84,9,FO,foofatu,230,18
84,10,PF,pangapanga-folo,173,10
84,11,SU,sukuati,152,16
84,12,FK,foko,99,7
84,13,GA,gaangadu-guun,97,9
84,14,MF,maipa-fou,88,4
84,15,PO,pondi-pau,81,7
84,16,AL,alengisi,60,8
84,17,DN,donu,47,5
84,18,AG,akanti-guun,45,5
84,19,BR,bruin,36,2
84,20,SN,sindjasindja,36,2
84,21,NW,napi-wata,34,2
84,22,MK,moiti-kanti,33,2
84,23,AM,awaa-maaun,29,10
84,24,PS,paars,29,1
84,25,NO,namu-obo,16,2
84,26,KL,keel/geel,14,1
84,27,MA,maaun,14,5
84,28,DF,djankpei-maata-folo,12,1
84,29,TP,tenge-puu,11,1
84,30,KB,kaabu-obo,10,4
84,31,PT,paatjitji,5,2
84,32,UM,uwi-maaun,5,1
84,33,DT,doti,4,1
84,34,SO,suwi-obo,3,1
84,35,D,zuguu/dungu,2,1
84,36,GR,grijs,1,1
84,37,OR,oranje,1,1
84,38,SF,sipai-fatu,1,1
84,39,UW,uwi,1,1
85,0,I,ko'il,3683,25
85,1,E,kʔe'el,1438,25
85,2,O,ko'oxp,912,25
85,3,S,kwassool,893,25
85,4,X,kimaaxxaat,811,24
85,5,WW,kkwimaw/kwima'ʔw,252,13
85,6,P,k'ooppool,219,23
85,7,WP,kwimaaxp,35,5
85,8,WX,kwiʔmext,3,1
85,9,KM,kwiʔm,2,1
85,10,KE,kwiʔme,1,1
85,11,KK,ko'oskl,1,1
86,0,CA,yancon,2563,25
86,1,FE,panshin,1060,25
86,2,FS,joshin,1006,25
86,3,GA,josho,953,25
86,4,MA,manshan,559,25
86,5,HU,huiso,420,25
86,6,AS,pashnatani,324,25
86,7,BA,barin poi,314,25
86,8,AM,ami,313,18
86,9,TA,yametani,264,25
86,10,EM,emo,103,4
86,11,XS,mai,102,12
86,12,ET,pene,62,12
86,13,CR,coro,53,12
86,14,CF,chimapo,36,14
86,15,SH,shoo,30,14
86,16,CE,cheshe,27,3
86,17,PA,pota',17,6
86,18,KA,kaqui,11,3
86,19,SS,shane,9,3
86,20,NA,cana,8,1
87,0,R,eruba,1958,25
87,1,I,eirei,1411,25
87,2,S,eshi,1227,25
87,3,O,erondei,1114,24
87,4,C,echo,1100,25
87,5,A,eaqui,438,12
87,6,N,enumbi,283,15
87,7,T,turuma-uti,120,6
87,8,U,echu,110,2
87,9,B,ibi-raanguia,6,2
87,10,IR,irubi,3,2
87,11,Q,equiche,3,1
88,0,TO,et'o/it'oo/it'oa/et'oli,1808,24
88,1,IT,ditl'ee/dehtlee/diítl'ege,1498,23
88,2,ZZ,dzéh/dzé(h)li,825,20
88,3,EP,detthoi,771,21
88,4,ET,detsile,662,20
88,5,EK,dek'ali,520,23
88,6,IM,dimbeedhe/dehmbe,347,19
88,7,EN,denítle/denehtle,219,21
88,8,JT,jie tu,179,6
88,9,EB,dehbai,107,4
88,10,PU,purple,63,2
88,11,KK,dek'ots,57,3
88,12,IO,ejiet'o,48,1
88,13,ED,dedele,39,2
88,14,OI,dekoi,34,3
88,15,EZ,dezeni,31,3
88,16,IE,jíecho,28,8
88,17,NE,dek'one,26,1
88,18,LA,eto-/ito-,23,1
88,19,DE,ndeh laondih,20,1
88,20,JI,ejiedelé,18,1
88,21,OH,gohtsi,16,1
88,22,SI,tsihgoo yehtthe laondih,16,1
88,23,ZE,dedleze,15,1
88,24,BR,brown,11,3
88,25,NI,nie,9,1
88,26,IK,deník'eze,8,1
88,27,EH,ehtle,7,1
88,28,PE,peach,7,1
88,29,PI,pink,7,2
88,30,PO,depoi,7,1
88,31,CR,cream,6,1
88,32,KZ,k'oh,6,1
88,33,EG,degaa/degaye,5,2
88,34,GG,golo gha,5,1
88,35,AA,yaazo,4,1
88,36,OR,orange,3,2
88,37,KA,k'a,2,1
88,38,EY,deyale,1,1
88,39,IH,tsíh,1,1
88,40,KI,k'ih teh,1,1
88,41,LI,lilac,1,1
88,42,LO,tlo,1,1
88,43,OO,hahdoo,1,1
88,44,RU,rust,1,1
88,45,TS,tsúendeé,1,1
88,46,TU,turquoise,1,1
89,0,M,makrau,2646,26
89,1,B,bal,1305,26
89,2,R,mirik,1238,26
89,3,K,maksin,1068,26
89,4,N,niar,996,26
89,5,S,kas,289,19
89,6,P,map-mapi,239,13
89,7,G,marang,147,8
89,8,A,ma-mayar,110,6
89,9,L,lauh,101,7
89,10,I,kaki,41,2
90,0,E,beru-beru,2738,25
90,1,Y,yanko-yanko,1196,25
90,2,I,nimi-nimi,1172,25
90,3,K,kreu-kreu,1106,25
90,4,N,neko-neko,965,25
90,5,A,basa-basa,503,22
90,6,S,say-say,480,23
91,0,DA,dhahua(ne),833,8
91,1,DR,dhere(na),226,7
91,2,PS,pasa(ne),197,8
91,3,UD,udhuri,185,7
91,4,TD,tid'i(na),167,8
91,5,ID,id'iria,158,7
91,6,DE,dhehue(na),112,7
91,7,DB,dhabi(da),108,7
91,8,PD,padhadhata,102,4
91,9,SN,shaina,85,4
91,10,SH,sahua,65,5
91,11,CZ,chucu/chuculita,42,5
91,12,UR,urumari,37,1
91,13,MS,masahui,31,3
91,14,BU,buidhi,27,1
91,15,JT,jutida,24,3
91,16,MA,matse,22,3
91,17,MD,med'i,20,1
91,18,CL,celeste,16,1
91,19,AT,ataruru,15,1
91,20,BD,budhu,15,3
91,21,CF,cafe/cajue,15,2
91,22,CH,china,9,1
91,23,UZ,ud'u,9,3
91,24,AP,apu/apuda,8,1
91,25,AM,ami,5,1
91,26,CC,achiachi,3,1
91,27,MM,timutimu,3,1
91,28,BP,buepa,2,1
91,29,SS,surusuru,2,1
91,30,CQ,caqui,1,1
92,0,ST,siyó,990,9
92,1,SS,sitá,344,9
92,2,RS,rosá,321,9
92,3,CC,chó,193,9
92,4,SA,sawaró,174,7
92,5,FF,lá,133,8
92,6,EE,lamá,110,5
92,7,BA,barósa,95,5
92,8,RO,rosabó(chami),79,5
92,9,XX,banaká,51,4
92,10,QQ,kahé,41,3
92,11,CH,cholí,23,1
92,12,SO,somaró,23,1
92,13,CS,churí sará,22,1
92,14,RA,ramí,20,1
92,15,UL,ulá,16,2
92,16,VV,riká,15,1
92,17,RI,ritú,14,1
92,18,CO,chomítami,12,2
92,19,MU,muyá,7,1
92,20,NA,naraja,4,2
93,0,SI,siyó,719,6
93,1,SE,sehtá,389,6
93,2,RS,rosá,227,6
93,3,SA,sawaró,147,6
93,4,RO,rosabó,146,5
93,5,CC,chó,132,6
93,6,UL,ulá,101,6
93,7,KA,kafé,4,1
93,8,CO,chocolate,2,1
93,9,BN,banagáti,1,1
94,0,L,lemnaw,2236,25
94,1,U,hulo,1205,25
94,2,K,bukay,1180,25
94,3,E,melel,1146,25
94,4,I,hitem,1118,25
94,5,B,bulow,1005,22
94,6,G,gingung,294,11
94,7,T,ktunga,35,2
94,8,A,gadung,27,1
94,9,O,kobu,4,1
95,0,DD,dindin/din,2111,26
95,1,K,keson,1214,25
95,2,SR,sresren,1175,26
95,3,P,pluplun,1048,26
95,4,SH,shoylor,878,26
95,5,SW,shweshwe,701,24
95,6,S,si/sisi,625,26
95,7,KE,keke,349,17
95,8,SU,shrushru,100,8
95,9,WI,wliwli,75,6
95,10,KA,kasho,61,6
95,11,SK,shkenshken,30,3
95,12,PU,plukpluk,23,3
95,13,L,llgwinyo,18,1
95,14,NN,nenet,16,1
95,15,WL,wlon,16,3
95,16,G,guenmo,13,1
95,17,SO,shongwo,13,1
95,18,N,nede,5,3
95,19,KJ,kjorga,1,1
95,20,NA,ñagla,1,1
95,21,TW,twënwëe,1,1
96,0,YX,yaux,3057,25
96,1,DA,dau,1597,25
96,2,DE,dexe,1073,25
96,3,CO,comu,855,22
96,4,JU,yuxra,608,22
96,5,WE,wexe,557,16
96,6,WA,waxu,365,9
96,7,CH,chox,125,3
96,8,B,bara,1,1
96,9,N,nayurax,1,1
97,0,TI,titak,1645,23
97,1,DU,duut,1609,22
97,2,AA,matak,1156,21
97,3,NA,namaal,858,16
97,4,TM,tiim(ang),674,12
97,5,YM,(y)imuul(im),535,13
97,6,ML,maliil(im),385,5
97,7,IS,isak(falut),303,6
97,8,FI,fiingim,285,7
97,9,KI,kiim(faling),283,5
97,10,AS,as koon wiis,112,2
97,11,DM,duumook,91,3
97,12,IF,ifum,75,1
97,13,IB,isiib,63,1
97,14,KO,koob,48,1
97,15,AF,afoong,46,1
97,16,AI,matik,42,1
97,17,AB,abik,22,3
97,18,IL,ilangdalin,6,1
97,19,MM,miililim,3,1
97,20,KF,kiimfingim,2,2
97,21,KT,kiimtabin,2,1
97,22,EE,keelfokorin,1,1
97,23,KE,keel,1,1
97,24,LL,llem,1,1
98,0,A,maxa,2416,25
98,1,U,minuu,1269,24
98,2,O,mojmo,1051,25
98,3,D,nguidi,963,24
98,4,X,mixa,689,24
98,5,M,mana,638,25
98,6,S,skuni,385,25
98,7,G,miga,327,14
98,8,N,xani,282,15
98,9,K,mikjun,99,8
98,10,CH,michuun,71,3
98,11,B,mismba,53,5
98,12,C,cafe,5,3
99,0,YA,ya'saro,3220,25
99,1,SA,sõa'ro,2047,25
99,2,BA,butiro,954,24
99,3,NA,ñiro,603,25
99,4,EA,ewuro,533,20
99,5,BU,butiwijiro,510,17
99,6,BO,bojoyaro,100,4
100,0,R,biri,2495,25
100,1,A,aah,2136,25
100,2,U,huuhzi,1532,25
100,3,K,lugo-kooriihuu,1005,23
100,4,S,aah-lugo-susau,671,23
100,5,L,lugo-burgu,410,21
101,0,N,nilʌ,2174,25
101,1,U,udzhəlʌ,1274,25
101,2,R,ratʌ,1231,25
101,3,J,dzhambəlʌ,944,22
101,4,K,kalʌ,924,25
101,5,P,piula,849,25
101,6,BR,bhurʌ,481,13
101,7,G,gulabi,293,16
101,8,GO,gɔriɔ,65,2
101,9,T,tʌmkhi,13,1
102,0,W,we'nedae,2318,25
102,1,N,na'amae'ta,1882,23
102,2,O,opa'tawae,1750,25
102,3,WT,wintamo,902,22
102,4,WA,waimo,809,17
102,5,NN,na'ngi'mo',228,6
102,6,G,gi'ngo'i,182,6
102,7,I,itaecadae,88,2
102,8,II,igi,19,1
102,9,IP,iipaena,16,1
102,10,WE,wae'ma'ca'mo,14,1
102,11,A,ae'i'gae'i',8,1
102,12,MO,mo'mpadaca,8,1
102,13,M,mae'cadaemae,6,2
102,14,GM,gimoi,4,1
102,15,WG,wi'gaemo,4,1
102,16,IC,icadae,2,1
102,17,MI,mintadaemye,1,1
103,0,Y,yalu-yalu,1023,20
103,1,M,maru,1017,21
103,2,K,yakuri/yukuri,866,15
103,3,A,karntawarra,759,20
103,4,D,kardirri,504,16
103,5,W,walyawalya,491,17
103,6,WJ,wajirrkikajirrki,416,10
103,7,U,kunyjuru-kunyjuru,404,13
103,8,P,palkarra,284,4
103,9,WK,warrkini,158,2
103,10,T,warntikirli,138,4
103,11,L,yilyyurdu-yilyurdu,103,5
103,12,YP,yurlpupiya,103,7
103,13,V,munga,88,3
103,14,WI,wikirriwikirri,87,5
103,15,MG,mangkurdupiya,84,2
103,16,X,rrarrpa,78,2
103,17,PU,pulyurr-pulyurrpa,69,2
103,18,R,karrku,69,3
103,19,YK,yukamirra ka,65,1
103,20,Q,mardalpa,60,1
103,21,N,ngunjungunju,57,5
103,22,B,kalyji,56,2
103,23,PD,pardapardija,56,1
103,24,MI,mirawarri,50,3
103,25,WP,wapurnungku,50,1
103,26,MW,mawulypari,49,1
103,27,RK,rronkarrpa,45,1
103,28,PL,pilyirrpilyirrpa,41,1
103,29,E,kurdunjurupiya,40,1
103,30,NL,ngalyurrpa,36,1
103,31,YT,yarltiri,28,2
103,32,RT,rtirirtiri,27,2
103,33,C,kiliki,20,2
103,34,J,jirijiri,17,1
103,35,WN,wini-wini,17,3
103,36,JU,jurntuljurntulpa,16,1
103,37,NR,nguru,16,2
103,38,NY,nguyunguyu,15,2
103,39,YN,yirntirintiri,13,1
103,40,NK,nguku,10,1
103,41,WU,wurrkalpa,9,1
103,42,YR,yarringki,8,1
103,43,O,kirntilarri,7,2
103,44,YD,yardingki,7,1
103,45,WR,warparlanganji,5,1
103,46,NP,ngapari,4,1
103,47,WD,wanukurdu,4,1
103,48,PR,pirily,2,1
103,49,PW,pawutawu,2,1
103,50,WG,wingkilypari,2,1
103,51,WL,wulyuwulypa,2,1
103,52,KA,kalupa,1,1
103,53,KU,kuru-kuru,1,1
103,54,NI,naglkirdi,1,1
103,55,PT,patutu,1,1
103,56,PY,yapurnupiya,1,1
103,57,WA,wantapuralyi,1,1
103,58,WO,wintajilypa,1,1
103,59,WT,watilyi,1,1
103,60,YJ,yajanpi,1,1
103,61,YU,yarluwarnu,1,1
104,0,K,kpe',3360,25
104,1,S,-sain',2969,25
104,2,L,pluu-,1781,25
104,3,D,'dyreea,137,3
104,4,T,tyrue',2,2
105,0,T,tii,4534,27
105,1,Z,-zaondheu,2360,27
105,2,P,'pouou,2000,27
106,0,G,gaddung,1837,25
106,1,BI,bilu,1390,25
106,2,PO,pote,945,25
106,3,T,taluk,666,24
106,4,B,binaning,618,25
106,5,K,kalas,606,24
106,6,I,ittem,545,25
106,7,S,sekulati,468,24
106,8,P,peat,426,25
106,9,KU,kunit,401,23
106,10,J,jingga,221,21
106,11,A,abu,124,17
106,12,H,hinu-hinu,1,1
107,0,DA,dada,2180,25
107,1,OS,oshin,1687,25
107,2,OX,oxo,1310,25
107,3,FI,fiso,1248,25
107,4,CH,chaxta,955,24
107,5,PA,pashin,210,12
107,6,KO,koro,114,9
107,7,RA,rasko,66,3
107,8,XA,xada,24,1
107,9,MA,maxepafitsa,6,1
107,10,DF,dafa,3,1
107,11,CX,chexe,2,1
107,12,FN,fishin,2,1
107,13,CO,chao,1,1
107,14,OM,oshima,1,1
107,15,TS,tseste,1,1
108,0,IA,ipureni,2824,25
108,1,QA,querani,1487,25
108,2,JE,jehuani,1117,25
108,3,JA,jareni,1088,25
108,4,IP,ipirani,790,24
108,5,CA,cameni,650,25
108,6,ME,memareni,105,9
108,7,LU,luhuichini,94,10
109,0,S,sungag,2841,25
109,1,K,kavig,1537,25
109,2,Q,qateg,1081,25
109,3,T,tagneg,806,25
109,4,E,esneg,784,23
109,5,M,mesug,450,12
109,6,Y,yaalu,350,21
109,7,ES,eslag,72,7
109,8,S2,suug,62,3
109,9,MA,maketellak,51,3
109,10,SK,suk,43,3
109,11,NI,nighug,34,5
109,12,ML,mamlek,14,3
109,13,EG,esgaviyu,11,3
109,14,A,aghvaghlluk,10,1
109,15,KE,kemugsugni,10,1
109,16,U,ugtenghaq,9,1
109,17,QI,qiqusugni,8,1
109,18,KK,kakisugni,7,1
109,19,MN,melngugraak,2,2
109,20,I,iqaghtaqegtak,1,1
109,21,K2,kelagraak,1,1
109,22,P,peleghemelngug,1,1
109,23,SI,siyugaraak,1,1
109,24,UV,uvraak,1,1
110,0,G,nu-ca',2534,25
110,1,Y,nu-cach,1160,25
110,2,W,nu-cacy,1061,25
110,3,P,nu-bizat,988,25
110,4,R,nu-na,946,25
110,5,B,nu-cas,808,25
110,6,BL,nu-asul,472,22
110,7,C,cafwee | cafee | cafe,265,18
110,8,CH,chicul,4,2
110,9,M,morad,4,1
110,10,CA,canel,3,1
110,11,RI,nu-rial | nu-ryal,3,2
