chip,row,col,grid,munsell_hue,munsell_value,munsell_chroma,L,a,b
1,E,29,E29,2.50PB,6.0,10,61.7,-4.52,-39.18
2,C,23,C23,7.50BG,8.0,4,81.35,-19.64,-4.3
3,F,4,F4,10.00R,5.0,16,51.57,55.2,68.32
4,I,36,I36,10.00P,2.0,6,20.54,24.14,-14.33
5,C,20,C20,10.00G,8.0,6,81.35,-33.04,4.96
6,C,6,C6,5.00YR,8.0,6,81.35,14.87,30.96
7,E,15,E15,7.50GY,6.0,12,61.7,-46.97,64.65
8,H,40,H40,10.00RP,3.0,10,30.77,47.63,5.24
9,G,6,G6,5.00YR,4.0,8,41.22,22.15,41.13
10,I,30,I30,5.00PB,2.0,8,20.54,7.63,-35.92
11,I,22,I22,5.00BG,2.0,4,20.54,-16.13,-4.67
12,C,11,C11,7.50Y,8.0,12,81.35,-10.94,87.9
13,I,18,I18,5.00G,2.0,6,20.54,-27.79,7.33
14,I,26,I26,5.00B,2.0,4,20.54,-9.52,-13.99
15,C,35,C35,7.50P,8.0,6,81.35,18.74,-12.74
16,C,0,C0,10.00RP,8.0,0,81.35,-0.05,0.06
17,E,3,E3,7.50R,6.0,12,61.7,46.38,35.47
18,I,11,I11,7.50Y,2.0,2,20.54,-1.74,11.57
19,E,27,E27,7.50B,6.0,8,61.7,-16.81,-28.31
20,F,16,F16,10.00GY,5.0,12,51.57,-56.86,49.22
21,E,39,E39,7.50RP,6.0,12,61.7,49.38,2.78
22,B,10,B10,5.00Y,9.0,6,91.08,-5.25,45.24
23,F,34,F34,5.00P,5.0,10,51.57,31.24,-29.94
24,H,10,H10,5.00Y,3.0,4,30.77,-0.15,26.58
25,G,24,G24,10.00BG,4.0,6,41.22,-24.01,-14.24
26,H,30,H30,5.00PB,3.0,10,30.77,7.86,-43.39
27,B,5,B5,2.50YR,9.0,2,91.08,5.21,7.67
28,E,38,E38,5.00RP,6.0,10,61.7,40.07,-3.44
29,D,18,D18,5.00G,7.0,8,71.6,-41.95,14.43
30,F,6,F6,5.00YR,5.0,12,51.57,29.45,64.44
31,C,24,C24,10.00BG,8.0,4,81.35,-18.27,-7.01
32,E,36,E36,10.00P,6.0,10,61.7,37.1,-18.34
33,D,15,D15,7.50GY,7.0,10,71.6,-40.28,53.23
34,F,28,F28,10.00B,5.0,10,51.57,-11.88,-38.56
35,D,3,D3,7.50R,7.0,10,71.6,38.22,29.22
36,I,20,I20,10.00G,2.0,6,20.54,-26.87,1.22
37,E,30,E30,5.00PB,6.0,10,61.7,2.64,-39.49
38,G,39,G39,7.50RP,4.0,12,41.22,52.58,-0.05
39,G,16,G16,10.00GY,4.0,8,41.22,-38.39,31.53
40,E,25,E25,2.50B,6.0,8,61.7,-29.22,-21.27
41,H,3,H3,7.50R,3.0,12,30.77,52.68,34.06
42,E,10,E10,5.00Y,6.0,10,61.7,-1.4,71.61
43,I,29,I29,2.50PB,2.0,6,20.54,0.11,-26.61
44,B,40,B40,10.00RP,9.0,2,91.08,5.44,1.5
45,E,17,E17,2.50G,6.0,10,61.7,-51.58,26.3
46,F,0,F0,10.00RP,5.0,0,51.57,-0.03,0.04
47,I,17,I17,2.50G,2.0,4,20.54,-17.35,7.46
48,E,8,E8,10.00YR,6.0,12,61.7,14.45,76.93
49,D,25,D25,2.50B,7.0,6,71.6,-22.32,-14.67
50,I,35,I35,7.50P,2.0,6,20.54,22.74,-16.65
51,H,8,H8,10.00YR,3.0,6,30.77,9.51,37.16
52,B,16,B16,10.00GY,9.0,2,91.08,-12.29,10.56
53,H,39,H39,7.50RP,3.0,10,30.77,46.93,-2.51
54,G,15,G15,7.50GY,4.0,8,41.22,-33.18,41.15
55,E,24,E24,10.00BG,6.0,8,61.7,-33.16,-16.42
56,C,4,C4,10.00R,8.0,6,81.35,21.06,22.4
57,H,24,H24,10.00BG,3.0,6,30.77,-22.84,-15.29
58,F,10,F10,5.00Y,5.0,8,51.57,-0.48,57.27
59,C,34,C34,5.00P,8.0,4,81.35,9.68,-11.26
60,I,25,I25,2.50B,2.0,4,20.54,-11.72,-12.03
61,H,2,H2,5.00R,3.0,10,30.77,46.08,20.6
62,E,32,E32,10.00PB,6.0,8,61.7,15.28,-29.05
63,D,1,D1,2.50R,7.0,8,71.6,32.18,12.57
64,G,29,G29,2.50PB,4.0,10,41.22,-2.09,-40.81
65,F,39,F39,7.50RP,5.0,14,51.57,59.69,1.53
66,B,8,B8,10.00YR,9.0,2,91.08,1.28,14.41
67,C,18,C18,5.00G,8.0,6,81.35,-33.8,12.41
68,E,37,E37,2.50RP,6.0,10,61.7,38.67,-11.63
69,G,12,G12,10.00Y,4.0,6,41.22,-9.31,43.05
70,C,32,C32,10.00PB,8.0,4,81.35,5.82,-13.42
71,I,1,I1,2.50R,2.0,8,20.54,36.82,3.13
72,G,19,G19,7.50G,4.0,10,41.22,-53.43,8.61
73,H,34,H34,5.00P,3.0,10,30.77,36.9,-32.14
74,C,26,C26,5.00B,8.0,4,81.35,-13.22,-11.59
75,I,16,I16,10.00GY,2.0,4,20.54,-16.46,11.28
76,F,5,F5,2.50YR,5.0,14,51.57,40.53,69.04
77,F,24,F24,10.00BG,5.0,8,51.57,-32.36,-17.71
78,C,36,C36,10.00P,8.0,6,81.35,21.03,-9.69
79,H,0,H0,10.00RP,3.0,0,30.77,-0.02,0.03
80,G,28,G28,10.00B,4.0,10,41.22,-10.54,-39.65
81,E,14,E14,5.00GY,6.0,10,61.7,-30.13,65.11
82,D,22,D22,5.00BG,7.0,8,71.6,-39.21,-4.56
83,B,9,B9,2.50Y,9.0,4,91.08,-0.46,29.79
84,C,3,C3,7.50R,8.0,6,81.35,22.67,17.48
85,F,18,F18,5.00G,5.0,10,51.57,-52.87,15.46
86,D,37,D37,2.50RP,7.0,10,71.6,38.97,-10.98
87,I,13,I13,2.50GY,2.0,2,20.54,-4.47,9.36
88,G,36,G36,10.00P,4.0,12,41.22,46.93,-24.7
89,J,0,J0,10.00RP,1.5,0,15.6,-0.02,0.02
90,I,23,I23,7.50BG,2.0,4,20.54,-15.07,-7.11
91,D,13,D13,2.50GY,7.0,12,71.6,-24.87,85.15
92,B,7,B7,7.50YR,9.0,2,91.08,3.14,12.37
93,G,26,G26,5.00B,4.0,8,41.22,-21.08,-28.21
94,I,8,I8,10.00YR,2.0,2,20.54,3.62,11.09
95,B,18,B18,5.00G,9.0,2,91.08,-13.24,5.48
96,C,10,C10,5.00Y,8.0,14,81.35,-3.69,100.18
97,H,32,H32,10.00PB,3.0,10,30.77,28.36,-39.75
98,G,1,G1,2.50R,4.0,14,41.22,61.4,17.92
99,D,34,D34,5.00P,7.0,6,71.6,16.13,-17.52
100,C,22,C22,5.00BG,8.0,4,81.35,-21.19,-1.35
101,H,38,H38,5.00RP,3.0,10,30.77,46.25,-9.51
102,D,31,D31,7.50PB,7.0,6,71.6,6.06,-22.71
103,G,11,G11,7.50Y,4.0,6,41.22,-4.87,43.26
104,D,27,D27,7.50B,7.0,6,71.6,-14.22,-19.9
105,G,35,G35,7.50P,4.0,10,41.22,36.48,-25.75
106,B,12,B12,10.00Y,9.0,6,91.08,-12.17,45.9
107,B,34,B34,5.00P,9.0,2,91.08,3.36,-4.24
108,B,21,B21,2.50BG,9.0,2,91.08,-12.69,1.23
109,G,31,G31,7.50PB,4.0,12,41.22,20.81,-48.05
110,D,8,D8,10.00YR,7.0,14,71.6,15.62,90.72
111,H,14,H14,5.00GY,3.0,4,30.77,-13.04,21.97
112,F,40,F40,10.00RP,5.0,14,51.57,59.79,10.72
113,I,10,I10,5.00Y,2.0,2,20.54,-0.11,12.03
114,H,23,H23,7.50BG,3.0,6,30.77,-25.67,-10.89
115,H,1,H1,2.50R,3.0,10,30.77,47.34,12.58
116,C,27,C27,7.50B,8.0,4,81.35,-10.44,-12.79
117,I,6,I6,5.00YR,2.0,4,20.54,13.28,18.21
118,D,38,D38,5.00RP,7.0,10,71.6,40.04,-2.7
119,E,20,E20,10.00G,6.0,10,61.7,-51.88,5.51
120,B,31,B31,7.50PB,9.0,2,91.08,1.12,-5.38
121,E,4,E4,10.00R,6.0,14,61.7,49.15,56.82
122,G,17,G17,2.50G,4.0,10,41.22,-53.57,23.28
123,G,25,G25,2.50B,4.0,6,41.22,-20.46,-17.64
124,C,14,C14,5.00GY,8.0,10,81.35,-30.49,65.57
125,E,5,E5,2.50YR,6.0,16,61.7,44.69,79.79
126,D,40,D40,10.00RP,7.0,8,71.6,32.41,7.97
127,I,21,I21,2.50BG,2.0,4,20.54,-17.18,-1.47
128,C,12,C12,10.00Y,8.0,12,81.35,-17.25,87.99
129,B,1,B1,2.50R,9.0,2,91.08,5.53,2.22
130,H,12,H12,10.00Y,3.0,4,30.77,-6.44,26.57
131,H,35,H35,7.50P,3.0,10,30.77,39.78,-27.99
132,G,4,G4,10.00R,4.0,14,41.22,51.06,58.81
133,H,18,H18,5.00G,3.0,8,30.77,-39.62,10.61
134,I,5,I5,2.50YR,2.0,4,20.54,15.99,14.49
135,G,37,G37,2.50RP,4.0,12,41.22,49.84,-17.34
136,E,23,E23,7.50BG,6.0,8,61.7,-36.77,-10.9
137,H,15,H15,7.50GY,3.0,6,30.77,-23.96,27.29
138,D,28,D28,10.00B,7.0,8,71.6,-12.05,-29.46
139,C,33,C33,2.50P,8.0,4,81.35,8.19,-12.62
140,H,28,H28,10.00B,3.0,8,30.77,-7.86,-33.8
141,A,0,A0,10.00RP,9.5,0,96.0,-0.06,0.06
142,C,31,C31,7.50PB,8.0,4,81.35,3.22,-14.27
143,D,14,D14,5.00GY,7.0,12,71.6,-34.49,79.15
144,I,32,I32,10.00PB,2.0,8,20.54,23.12,-31.33
145,D,20,D20,10.00G,7.0,8,71.6,-41.54,5.41
146,D,10,D10,5.00Y,7.0,12,71.6,-2.3,85.64
147,E,21,E21,2.50BG,6.0,8,61.7,-41.11,0.19
148,G,2,G2,5.00R,4.0,14,41.22,59.5,30.17
149,C,16,C16,10.00GY,8.0,8,81.35,-38.45,34.02
150,I,34,I34,5.00P,2.0,8,20.54,29.26,-25.01
151,D,2,D2,5.00R,7.0,8,71.6,31.7,17.23
152,D,35,D35,7.50P,7.0,8,71.6,26.62,-18.32
153,E,28,E28,10.00B,6.0,10,61.7,-13.07,-37.55
154,G,0,G0,10.00RP,4.0,0,41.22,-0.03,0.03
155,H,9,H9,2.50Y,3.0,4,30.77,3.1,25.71
156,G,20,G20,10.00G,4.0,10,41.22,-52.68,3.36
157,H,7,H7,7.50YR,3.0,6,30.77,13.89,33.8
158,B,30,B30,5.00PB,9.0,2,91.08,-0.37,-5.58
159,C,7,C7,7.50YR,8.0,8,81.35,14.98,47.04
160,C,39,C39,7.50RP,8.0,6,81.35,23.82,2.52
161,D,19,D19,7.50G,7.0,8,71.6,-41.85,9.77
162,G,40,G40,10.00RP,4.0,14,41.22,61.57,8.63
163,G,23,G23,7.50BG,4.0,8,41.22,-36.33,-13.61
164,F,29,F29,2.50PB,5.0,12,51.57,-3.41,-48.08
165,G,13,G13,2.50GY,4.0,6,41.22,-14.57,40.52
166,I,27,I27,7.50B,2.0,6,20.54,-9.22,-24.04
167,D,33,D33,2.50P,7.0,6,71.6,13.67,-19.66
168,H,19,H19,7.50G,3.0,10,30.77,-49.93,6.94
169,F,27,F27,7.50B,5.0,8,51.57,-15.72,-29.08
170,I,24,I24,10.00BG,2.0,4,20.54,-13.39,-9.92
171,G,14,G14,5.00GY,4.0,6,41.22,-19.48,36.56
172,B,29,B29,2.50PB,9.0,2,91.08,-1.49,-5.61
173,E,40,E40,10.00RP,6.0,12,61.7,49.67,10.71
174,C,8,C8,10.00YR,8.0,14,81.35,15.1,90.21
175,C,25,C25,2.50B,8.0,4,81.35,-16.44,-9.33
176,E,2,E2,5.00R,6.0,12,61.7,48.53,25.92
177,B,13,B13,2.50GY,9.0,6,91.08,-16.65,44.66
178,H,29,H29,2.50PB,3.0,10,30.77,0.29,-43.03
179,I,3,I3,7.50R,2.0,8,20.54,35.15,15.44
180,E,18,E18,5.00G,6.0,10,61.7,-52.22,16.26
181,E,9,E9,2.50Y,6.0,10,61.7,5.87,68.59
182,I,40,I40,10.00RP,2.0,8,20.54,36.42,-2.08
183,G,9,G9,2.50Y,4.0,6,41.22,4.42,40.43
184,G,34,G34,5.00P,4.0,10,41.22,33.08,-30.5
185,F,7,F7,7.50YR,5.0,10,51.57,19.79,58.75
186,D,24,D24,10.00BG,7.0,6,71.6,-25.13,-11.03
187,D,7,D7,7.50YR,7.0,14,71.6,24.12,84.39
188,F,26,F26,5.00B,5.0,8,51.57,-21.72,-26.63
189,C,29,C29,2.50PB,8.0,6,81.35,-5.05,-23.28
190,C,38,C38,5.00RP,8.0,6,81.35,23.53,-0.96
191,G,22,G22,5.00BG,4.0,8,41.22,-39.09,-8.33
192,F,33,F33,2.50P,5.0,10,51.57,27.4,-33.72
193,D,12,D12,10.00Y,7.0,12,71.6,-15.98,87.62
194,I,2,I2,5.00R,2.0,8,20.54,36.64,9.24
195,F,15,F15,7.50GY,5.0,10,51.57,-40.14,52.84
196,C,21,C21,2.50BG,8.0,6,81.35,-32.18,1.81
197,E,34,E34,5.00P,6.0,8,61.7,23.29,-23.79
198,I,12,I12,10.00Y,2.0,2,20.54,-3.09,10.75
199,B,17,B17,2.50G,9.0,2,91.08,-13.13,7.63
200,D,26,D26,5.00B,7.0,6,71.6,-18.37,-18.07
201,C,2,C2,5.00R,8.0,6,81.35,23.18,13.11
202,F,17,F17,2.50G,5.0,12,51.57,-63.28,28.95
203,F,37,F37,2.50RP,5.0,12,51.57,48.98,-15.95
204,I,7,I7,7.50YR,2.0,4,20.54,10.16,21.44
205,G,32,G32,10.00PB,4.0,10,41.22,24.29,-38.02
206,B,15,B15,7.50GY,9.0,2,91.08,-10.76,13.38
207,F,38,F38,5.00RP,5.0,12,51.57,51.2,-5.84
208,F,8,F8,10.00YR,5.0,10,51.57,13.12,63.99
209,H,22,H22,5.00BG,3.0,6,30.77,-27.32,-6.72
210,I,4,I4,10.00R,2.0,6,20.54,25.15,16.6
211,E,26,E26,5.00B,6.0,8,61.7,-22.98,-25.73
212,D,6,D6,5.00YR,7.0,14,71.6,32.89,77.02
213,D,32,D32,10.00PB,7.0,6,71.6,10.25,-21.6
214,C,13,C13,2.50GY,8.0,12,81.35,-26.04,85.63
215,D,36,D36,10.00P,7.0,8,71.6,29.26,-13.95
216,H,13,H13,2.50GY,3.0,4,30.77,-10.05,24.97
217,C,1,C1,2.50R,8.0,6,81.35,23.67,9.47
218,E,12,E12,10.00Y,6.0,10,61.7,-14.02,73.17
219,B,20,B20,10.00G,9.0,2,91.08,-12.96,2.42
220,F,31,F31,7.50PB,5.0,10,51.57,14.19,-39.14
221,B,23,B23,7.50BG,9.0,2,91.08,-10.86,-2.13
222,G,33,G33,2.50P,4.0,10,41.22,29.49,-34.06
223,F,20,F20,10.00G,5.0,10,51.57,-51.99,4.46
224,B,37,B37,2.50RP,9.0,2,91.08,5.04,-1.14
225,F,11,F11,7.50Y,5.0,8,51.57,-6.4,58.71
226,H,25,H25,2.50B,3.0,6,30.77,-19.73,-18.89
227,I,14,I14,5.00GY,2.0,2,20.54,-5.36,7.98
228,I,28,I28,10.00B,2.0,6,20.54,-5.25,-25.49
229,C,19,C19,7.50G,8.0,6,81.35,-33.63,8.67
230,B,2,B2,5.00R,9.0,2,91.08,5.51,3.28
231,F,35,F35,7.50P,5.0,10,51.57,35.21,-24.66
232,G,10,G10,5.00Y,4.0,6,41.22,-0.21,42.37
233,E,31,E31,7.50PB,6.0,8,61.7,9.58,-30.64
234,G,18,G18,5.00G,4.0,10,41.22,-54.08,14.27
235,G,30,G30,5.00PB,4.0,12,41.22,7.17,-48.94
236,E,13,E13,2.50GY,6.0,10,61.7,-21.81,70.54
237,C,5,C5,2.50YR,8.0,6,81.35,18.52,26.72
238,F,23,F23,7.50BG,5.0,8,51.57,-36.19,-11.99
239,D,39,D39,7.50RP,7.0,8,71.6,32.47,2.76
240,H,5,H5,2.50YR,3.0,8,30.77,28.16,36.05
241,B,35,B35,7.50P,9.0,2,91.08,4.31,-2.82
242,B,11,B11,7.50Y,9.0,6,91.08,-9.03,45.94
243,I,39,I39,7.50RP,2.0,8,20.54,35.97,-6.33
244,B,26,B26,5.00B,9.0,2,91.08,-6.32,-5.08
245,G,3,G3,7.50R,4.0,14,41.22,56.6,40.99
246,E,22,E22,5.00BG,6.0,8,61.7,-39.17,-5.88
247,F,32,F32,10.00PB,5.0,10,51.57,22.05,-37.02
248,I,15,I15,7.50GY,2.0,4,20.54,-14.85,15.25
249,H,21,H21,2.50BG,3.0,6,30.77,-29.07,-1.92
250,I,33,I33,2.50P,2.0,8,20.54,26.82,-27.84
251,C,17,C17,2.50G,8.0,8,81.35,-42.41,23.78
252,B,39,B39,7.50RP,9.0,2,91.08,5.41,0.74
253,D,21,D21,2.50BG,7.0,8,71.6,-40.91,1.15
254,D,30,D30,5.00PB,7.0,8,71.6,0.85,-31.32
255,I,9,I9,2.50Y,2.0,2,20.54,1.58,11.89
256,E,1,E1,2.50R,6.0,12,61.7,49.42,18.23
257,H,27,H27,7.50B,3.0,6,30.77,-10.88,-24.2
258,D,11,D11,7.50Y,7.0,12,71.6,-9.51,87.14
259,H,4,H4,10.00R,3.0,10,30.77,40.89,36.03
260,B,14,B14,5.00GY,9.0,4,91.08,-14.67,29.61
261,E,6,E6,5.00YR,6.0,12,61.7,29.38,64.4
262,B,33,B33,2.50P,9.0,2,91.08,2.95,-4.85
263,E,0,E0,10.00RP,6.0,0,61.7,-0.04,0.04
264,C,28,C28,10.00B,8.0,4,81.35,-6.82,-13.92
265,H,17,H17,2.50G,3.0,8,30.77,-39.23,16.6
266,G,5,G5,2.50YR,4.0,10,41.22,32.37,46.62
267,I,38,I38,5.00RP,2.0,8,20.54,35.44,-10.4
268,D,17,D17,2.50G,7.0,10,71.6,-51.55,27.69
269,F,36,F36,10.00P,5.0,12,51.57,46.17,-23.4
270,E,7,E7,7.50YR,6.0,12,61.7,22.09,71.31
271,I,19,I19,7.50G,2.0,6,20.54,-27.43,4.26
272,B,28,B28,10.00B,9.0,2,91.08,-3.48,-5.55
273,E,35,E35,7.50P,6.0,10,61.7,34.47,-24.03
274,B,0,B0,10.00RP,9.0,0,91.08,-0.05,0.06
275,E,11,E11,7.50Y,6.0,10,61.7,-7.92,73.21
276,G,38,G38,5.00RP,4.0,12,41.22,51.84,-8.08
277,H,26,H26,5.00B,3.0,6,30.77,-15.41,-22.0
278,D,4,D4,10.00R,7.0,10,71.6,34.96,37.54
279,H,31,H31,7.50PB,3.0,12,30.77,25.75,-49.63
280,F,14,F14,5.00GY,5.0,8,51.57,-25.02,50.55
281,G,21,G21,2.50BG,4.0,8,41.22,-41.21,-2.07
282,E,16,E16,10.00GY,6.0,12,61.7,-55.94,49.19
283,H,6,H6,5.00YR,3.0,6,30.77,18.18,30.27
284,B,24,B24,10.00BG,9.0,2,91.08,-9.69,-3.22
285,C,37,C37,2.50RP,8.0,6,81.35,22.62,-5.51
286,B,32,B32,10.00PB,9.0,2,91.08,2.19,-4.93
287,F,9,F9,2.50Y,5.0,8,51.57,5.33,54.9
288,F,3,F3,7.50R,5.0,14,51.57,55.76,42.05
289,D,23,D23,7.50BG,7.0,6,71.6,-27.52,-7.11
290,B,6,B6,5.00YR,9.0,2,91.08,4.3,10.08
291,F,30,F30,5.00PB,5.0,12,51.57,5.02,-48.35
292,C,40,C40,10.00RP,8.0,6,81.35,23.74,6.18
293,B,19,B19,7.50G,9.0,2,91.08,-13.22,3.82
294,B,27,B27,7.50B,9.0,2,91.08,-4.65,-5.34
295,G,8,G8,10.00YR,4.0,6,41.22,9.31,37.8
296,H,33,H33,2.50P,3.0,10,30.77,33.51,-35.69
297,C,9,C9,2.50Y,8.0,16,81.35,7.28,109.12
298,F,2,F2,5.00R,5.0,14,51.57,58.01,30.52
299,F,19,F19,7.50G,5.0,10,51.57,-52.69,9.7
300,D,0,D0,10.00RP,7.0,0,71.6,-0.04,0.05
301,F,21,F21,2.50BG,5.0,10,51.57,-51.2,-1.36
302,B,3,B3,7.50R,9.0,2,91.08,5.54,4.46
303,C,30,C30,5.00PB,8.0,6,81.35,-0.24,-24.03
304,F,13,F13,2.50GY,5.0,8,51.57,-18.37,55.88
305,I,37,I37,2.50RP,2.0,8,20.54,34.44,-14.69
306,C,15,C15,7.50GY,8.0,10,81.35,-40.58,54.46
307,F,25,F25,2.50B,5.0,8,51.57,-27.95,-22.24
308,E,33,E33,2.50P,6.0,8,61.7,20.07,-26.92
309,H,11,H11,7.50Y,3.0,4,30.77,-3.32,26.87
310,E,19,E19,7.50G,6.0,10,61.7,-52.09,10.63
311,G,27,G27,7.50B,4.0,8,41.22,-14.67,-30.69
312,I,0,I0,10.00RP,2.0,0,20.54,-0.02,0.02
313,I,31,I31,7.50PB,2.0,10,20.54,23.81,-41.87
314,B,38,B38,5.00RP,9.0,2,91.08,5.27,-0.1
315,D,16,D16,10.00GY,7.0,10,71.6,-46.7,41.31
316,F,22,F22,5.00BG,5.0,8,51.57,-38.59,-7.0
317,H,37,H37,2.50RP,3.0,10,30.77,44.87,-16.65
318,D,5,D5,2.50YR,7.0,10,71.6,30.67,44.56
319,B,36,B36,10.00P,9.0,2,91.08,4.7,-2.0
320,F,12,F12,10.00Y,5.0,8,51.57,-11.71,58.46
321,F,1,F1,2.50R,5.0,14,51.57,59.36,19.67
322,D,29,D29,2.50PB,7.0,8,71.6,-5.09,-30.75
323,H,20,H20,10.00G,3.0,8,30.77,-39.18,2.14
324,B,4,B4,10.00R,9.0,2,91.08,5.43,5.64
325,H,36,H36,10.00P,3.0,10,30.77,42.44,-23.6
326,D,9,D9,2.50Y,7.0,12,71.6,6.22,81.95
327,B,25,B25,2.50B,9.0,2,91.08,-7.96,-4.41
328,H,16,H16,10.00GY,3.0,6,30.77,-27.26,20.69
329,G,7,G7,7.50YR,4.0,8,41.22,17.04,45.95
330,B,22,B22,5.00BG,9.0,2,91.08,-11.94,-0.27
